name,latent_embedding_mean_0,latent_embedding_mean_1,latent_embedding_mean_2,latent_embedding_mean_3,latent_embedding_median_0,latent_embedding_median_1,latent_embedding_median_2,latent_embedding_median_3,latent_embedding_std_0,latent_embedding_std_1,latent_embedding_std_2,latent_embedding_std_3,avg_bout_length_0,total_duration_0,num_bouts_0,avg_bout_length_1,total_duration_1,num_bouts_1,avg_bout_length_2,total_duration_2,num_bouts_2,avg_bout_length_3,total_duration_3,num_bouts_3,avg_bout_length_4,total_duration_4,num_bouts_4,avg_bout_length_5,total_duration_5,num_bouts_5,avg_bout_length_6,total_duration_6,num_bouts_6,avg_bout_length_7,total_duration_7,num_bouts_7,avg_bout_length_8,total_duration_8,num_bouts_8,avg_bout_length_9,total_duration_9,num_bouts_9,avg_bout_length_10,total_duration_10,num_bouts_10,avg_bout_length_11,total_duration_11,num_bouts_11,avg_bout_length_12,total_duration_12,num_bouts_12,avg_bout_length_13,total_duration_13,num_bouts_13,avg_bout_length_14,total_duration_14,num_bouts_14,avg_bout_length_15,total_duration_15,num_bouts_15,avg_bout_length_16,total_duration_16,num_bouts_16,avg_bout_length_17,total_duration_17,num_bouts_17,avg_bout_length_18,total_duration_18,num_bouts_18,avg_bout_length_19,total_duration_19,num_bouts_19,avg_bout_length_20,total_duration_20,num_bouts_20,avg_bout_length_21,total_duration_21,num_bouts_21,avg_bout_length_22,total_duration_22,num_bouts_22,avg_bout_length_23,total_duration_23,num_bouts_23,avg_bout_length_24,total_duration_24,num_bouts_24,avg_bout_length_25,total_duration_25,num_bouts_25,avg_bout_length_26,total_duration_26,num_bouts_26,avg_bout_length_27,total_duration_27,num_bouts_27,avg_bout_length_28,total_duration_28,num_bouts_28,avg_bout_length_29,total_duration_29,num_bouts_29,avg_bout_length_30,total_duration_30,num_bouts_30,avg_bout_length_31,total_duration_31,num_bouts_31,avg_bout_length_32,total_duration_32,num_bouts_32,avg_bout_length_33,total_duration_33,num_bouts_33,avg_bout_length_34,total_duration_34,num_bouts_34,avg_bout_length_35,total_duration_35,num_bouts_35,avg_bout_length_36,total_duration_36,num_bouts_36,avg_bout_length_37,total_duration_37,num_bouts_37,avg_bout_length_38,total_duration_38,num_bouts_38,avg_bout_length_39,total_duration_39,num_bouts_39,avg_bout_length_40,total_duration_40,num_bouts_40,avg_bout_length_41,total_duration_41,num_bouts_41,avg_bout_length_42,total_duration_42,num_bouts_42,avg_bout_length_43,total_duration_43,num_bouts_43,avg_bout_length_44,total_duration_44,num_bouts_44,avg_bout_length_45,total_duration_45,num_bouts_45,avg_bout_length_46,total_duration_46,num_bouts_46,avg_bout_length_47,total_duration_47,num_bouts_47,avg_bout_length_48,total_duration_48,num_bouts_48,avg_bout_length_49,total_duration_49,num_bouts_49,avg_bout_length_50,total_duration_50,num_bouts_50,avg_bout_length_51,total_duration_51,num_bouts_51,avg_bout_length_52,total_duration_52,num_bouts_52,avg_bout_length_53,total_duration_53,num_bouts_53,avg_bout_length_54,total_duration_54,num_bouts_54,avg_bout_length_55,total_duration_55,num_bouts_55,avg_bout_length_56,total_duration_56,num_bouts_56,avg_bout_length_57,total_duration_57,num_bouts_57,avg_bout_length_58,total_duration_58,num_bouts_58,avg_bout_length_59,total_duration_59,num_bouts_59,avg_bout_length_60,total_duration_60,num_bouts_60,avg_bout_length_61,total_duration_61,num_bouts_61,avg_bout_length_62,total_duration_62,num_bouts_62,avg_bout_length_63,total_duration_63,num_bouts_63,avg_bout_length_64,total_duration_64,num_bouts_64,avg_bout_length_65,total_duration_65,num_bouts_65,avg_bout_length_66,total_duration_66,num_bouts_66,avg_bout_length_67,total_duration_67,num_bouts_67,avg_bout_length_68,total_duration_68,num_bouts_68,avg_bout_length_69,total_duration_69,num_bouts_69,avg_bout_length_70,total_duration_70,num_bouts_70,avg_bout_length_71,total_duration_71,num_bouts_71,avg_bout_length_72,total_duration_72,num_bouts_72,avg_bout_length_73,total_duration_73,num_bouts_73,avg_bout_length_74,total_duration_74,num_bouts_74,avg_bout_length_75,total_duration_75,num_bouts_75,avg_bout_length_76,total_duration_76,num_bouts_76,avg_bout_length_77,total_duration_77,num_bouts_77,avg_bout_length_78,total_duration_78,num_bouts_78,avg_bout_length_79,total_duration_79,num_bouts_79,avg_bout_length_80,total_duration_80,num_bouts_80,avg_bout_length_81,total_duration_81,num_bouts_81,avg_bout_length_82,total_duration_82,num_bouts_82,avg_bout_length_83,total_duration_83,num_bouts_83,avg_bout_length_84,total_duration_84,num_bouts_84,avg_bout_length_85,total_duration_85,num_bouts_85,avg_bout_length_86,total_duration_86,num_bouts_86,avg_bout_length_87,total_duration_87,num_bouts_87,avg_bout_length_88,total_duration_88,num_bouts_88,avg_bout_length_89,total_duration_89,num_bouts_89,avg_bout_length_90,total_duration_90,num_bouts_90,avg_bout_length_91,total_duration_91,num_bouts_91,avg_bout_length_92,total_duration_92,num_bouts_92,avg_bout_length_93,total_duration_93,num_bouts_93,avg_bout_length_95,total_duration_95,num_bouts_95,avg_bout_length_96,total_duration_96,num_bouts_96,transition_matrix_kpms_dendrogram_0_kpms_dendrogram_1,transition_matrix_kpms_dendrogram_0_kpms_dendrogram_2,transition_matrix_kpms_dendrogram_0_kpms_dendrogram_3,transition_matrix_kpms_dendrogram_0_kpms_dendrogram_4,transition_matrix_kpms_dendrogram_1_kpms_dendrogram_0,transition_matrix_kpms_dendrogram_1_kpms_dendrogram_2,transition_matrix_kpms_dendrogram_1_kpms_dendrogram_3,transition_matrix_kpms_dendrogram_1_kpms_dendrogram_4,transition_matrix_kpms_dendrogram_2_kpms_dendrogram_0,transition_matrix_kpms_dendrogram_2_kpms_dendrogram_1,transition_matrix_kpms_dendrogram_2_kpms_dendrogram_3,transition_matrix_kpms_dendrogram_2_kpms_dendrogram_4,transition_matrix_kpms_dendrogram_3_kpms_dendrogram_0,transition_matrix_kpms_dendrogram_3_kpms_dendrogram_1,transition_matrix_kpms_dendrogram_3_kpms_dendrogram_2,transition_matrix_kpms_dendrogram_3_kpms_dendrogram_4,transition_matrix_kpms_dendrogram_4_kpms_dendrogram_0,transition_matrix_kpms_dendrogram_4_kpms_dendrogram_1,transition_matrix_kpms_dendrogram_4_kpms_dendrogram_2,transition_matrix_kpms_dendrogram_4_kpms_dendrogram_3
LL1-B2B__2020-06-26_SPD__AgedB6-0892,0.16626497859290368,0.048911086122996515,-0.858455839860906,-0.15950029975428784,0.24334451455365078,-0.14502051328500878,-0.9527050438094887,-0.09561514712881859,1.184278002018867,1.1480598827216264,1.059322525062606,1.1642739176952703,5.089285714285714,570.0,112,7.530864197530864,610.0,81,5.382513661202186,1970.0,366,5.528688524590164,1349.0,244,11.68,584.0,50,4.606299212598425,585.0,127,5.951219512195122,488.0,82,5.321192052980132,1607.0,302,6.686868686868687,662.0,99,10.346938775510203,507.0,49,8.366666666666667,753.0,90,7.162790697674419,308.0,43,6.9186046511627906,595.0,86,5.614678899082569,612.0,109,7.036842105263158,1337.0,190,13.411764705882353,456.0,34,6.408163265306122,942.0,147,11.242152466367713,2507.0,223,12.785714285714286,358.0,28,7.649122807017544,436.0,57,11.691756272401435,3262.0,279,7.638297872340425,359.0,47,12.68,317.0,25,11.25,2295.0,204,11.083788706739526,6085.0,549,12.125,582.0,48,7.270588235294118,618.0,85,8.576923076923077,892.0,104,7.785185185185185,1051.0,135,12.365217391304348,1422.0,115,44.86363636363637,987.0,22,8.501818181818182,2338.0,275,7.7317073170731705,317.0,41,9.98876404494382,3556.0,356,13.31578947368421,253.0,19,8.227513227513228,1555.0,189,61.785714285714285,1730.0,28,9.245283018867925,4900.0,530,9.521739130434783,876.0,92,7.309782608695652,1345.0,184,51.48571428571429,1802.0,35,68.33333333333333,5945.0,87,9.80295566502463,1990.0,203,111.23076923076923,1446.0,13,7.446236559139785,1385.0,186,6.777777777777778,122.0,18,11.0,187.0,17,20.784256559766764,7129.0,343,7.678571428571429,215.0,28,10.703125,685.0,64,10.675,427.0,40,10.170731707317072,417.0,41,9.857142857142858,552.0,56,16.12121212121212,532.0,33,7.025,281.0,40,11.275,451.0,40,10.287878787878787,679.0,66,12.39622641509434,657.0,53,17.625,141.0,8,9.75,117.0,12,24.3,3888.0,160,215.22222222222223,3874.0,18,119.33333333333333,1074.0,9,15.076923076923077,196.0,13,16.06122448979592,787.0,49,14.19047619047619,298.0,21,14.857142857142858,208.0,14,152.64285714285714,2137.0,14,8.169014084507042,580.0,71,17.284122562674096,6205.0,359,154.42857142857142,1081.0,7,148.7,1487.0,10,1.7878787878787878,118.0,66,25.015625,4803.0,192,96.25,385.0,4,24.0,120.0,5,25.2,378.0,15,59.0,118.0,2,6.0,6.0,1,44.3,443.0,10,18.0,108.0,6,47.75,191.0,4,1.0,1.0,1,16.2,81.0,5,22.25,89.0,4,140.0,1260.0,9,0.0,0.0,0,0.0,0.0,0,0.0,0.0,0,17.80952380952381,748.0,42,8.0,8.0,1,240.0,240.0,1,92.0,92.0,1,0.0,0.0,0,0.0,0.0,0,4.5,9.0,2,0.6557377049180327,0.2471626733921816,0.08953341740226986,0.007566204287515763,0.797153024911032,0.13701067615658363,0.03202846975088968,0.033807829181494664,0.28797886393659183,0.0726552179656539,0.6261558784676354,0.013210039630118891,0.14986737400530503,0.003978779840848806,0.4973474801061008,0.34880636604774534,0.0,0.07114624505928854,0.0,0.9288537549407114
LL2-B6__2021-06-09_SPD__AgedB6-2259,-0.09366396804000743,-0.04292905440267235,-0.12253790044012552,-0.04608889686443931,-0.19509485809108912,-0.3139107494650276,-0.12911537796191092,-0.07024500142369061,0.990160030646698,0.9345133959749135,1.0188327791781502,1.0361074401314816,9.683923705722071,3554.0,367,9.410138248847927,2042.0,217,7.784511784511785,2312.0,297,8.464968152866241,1329.0,157,12.415730337078651,2210.0,178,7.135746606334842,1577.0,221,9.888349514563107,2037.0,206,8.577922077922079,1321.0,154,10.321167883211679,1414.0,137,13.86283185840708,3133.0,226,9.567708333333334,1837.0,192,12.575268817204302,2339.0,186,15.254237288135593,2700.0,177,7.574626865671642,1015.0,134,8.216216216216216,912.0,111,16.19178082191781,2364.0,146,8.024390243902438,1316.0,164,13.129310344827585,1523.0,116,17.61832061068702,2308.0,131,9.630573248407643,1512.0,157,10.027027027027026,1484.0,148,13.50943396226415,1432.0,106,17.185430463576157,2595.0,151,14.707142857142857,2059.0,140,9.920529801324504,1498.0,151,16.944444444444443,1525.0,90,10.2,1275.0,125,13.634782608695652,1568.0,115,12.6875,1015.0,80,16.619402985074625,2227.0,134,36.50406504065041,4490.0,123,10.305555555555555,742.0,72,13.166666666666666,1106.0,84,12.876712328767123,1880.0,146,14.329268292682928,1175.0,82,12.713235294117647,1729.0,136,23.276315789473685,1769.0,76,8.133333333333333,488.0,60,13.09016393442623,1597.0,122,10.569620253164556,835.0,79,38.21052631578947,2904.0,76,47.93055555555556,3451.0,72,16.455223880597014,2205.0,134,28.859154929577464,2049.0,71,11.27027027027027,417.0,37,17.68421052631579,672.0,38,16.5,825.0,50,18.866666666666667,1698.0,90,12.960526315789474,985.0,76,19.254901960784313,982.0,51,19.42105263157895,1476.0,76,12.826086956521738,590.0,46,19.56756756756757,1448.0,74,20.05,802.0,40,21.216666666666665,1273.0,60,13.105263157894736,498.0,38,17.6046511627907,757.0,43,17.666666666666668,689.0,39,32.39473684210526,1231.0,38,20.714285714285715,725.0,35,14.444444444444445,260.0,18,52.333333333333336,785.0,15,40.38235294117647,1373.0,34,38.255319148936174,1798.0,47,34.121212121212125,1126.0,33,14.61111111111111,263.0,18,14.5625,233.0,16,45.857142857142854,321.0,7,16.866666666666667,253.0,15,5.833333333333333,70.0,12,49.111111111111114,884.0,18,110.14285714285714,771.0,7,4.142857142857143,29.0,7,8.117647058823529,138.0,17,48.25,579.0,12,22.833333333333332,137.0,6,38.0,532.0,14,62.4,312.0,5,62.0,62.0,1,53.0,212.0,4,30.333333333333332,182.0,6,19.0,19.0,1,53.2,266.0,5,17.25,69.0,4,58.0,116.0,2,34.333333333333336,103.0,3,60.333333333333336,181.0,3,3.5,7.0,2,0.0,0.0,0,15.5,31.0,2,0.0,0.0,0,79.0,79.0,1,18.5,37.0,2,0.0,0.0,0,0.0,0.0,0,0.0,0.0,0,0.6150341685649203,0.3337129840546697,0.04441913439635535,0.00683371298405467,0.8909710391822828,0.08006814310051108,0.005110732538330494,0.02385008517887564,0.4626038781163435,0.008310249307479225,0.5263157894736842,0.002770083102493075,0.09181636726546906,0.005988023952095809,0.7385229540918163,0.16367265469061876,0.0,0.2,0.0,0.8
LL4-B2B__2019-09-04_SPD__LL4-3_AgedB6-0255,0.4825851765094356,0.16736061602084618,-0.018246950319103606,-0.2127264828722634,0.5915633255719641,-0.240932756131661,-0.017811516428763795,-0.08646721543043609,0.9351317945689139,1.2597253477576265,1.0677807044822445,1.2023955372271373,7.9423076923076925,1239.0,156,9.690402476780186,3130.0,323,8.865771812080537,1321.0,149,8.11032028469751,2279.0,281,13.931372549019608,2842.0,204,6.957081545064377,1621.0,233,9.732394366197184,691.0,71,7.172413793103448,1456.0,203,10.512727272727274,2891.0,275,14.03191489361702,1319.0,94,9.895238095238096,1039.0,105,12.37062937062937,1769.0,143,13.279569892473118,1235.0,93,8.280155642023347,2128.0,257,9.138755980861244,1910.0,209,15.69811320754717,832.0,53,7.27027027027027,538.0,74,11.573275862068966,2685.0,232,18.563636363636363,3063.0,165,12.51592356687898,1965.0,157,11.765625,753.0,64,12.254901960784315,1875.0,153,11.185185185185185,604.0,54,13.611374407582938,2872.0,211,6.385964912280702,364.0,57,15.402298850574713,2680.0,174,10.883720930232558,936.0,86,11.77456647398844,2037.0,173,9.45138888888889,1361.0,144,14.122448979591837,2076.0,147,39.58064516129032,2454.0,62,10.365714285714287,1814.0,175,12.481203007518797,1660.0,133,11.509803921568627,587.0,51,16.825396825396826,1060.0,63,13.956989247311828,1298.0,93,25.19047619047619,3174.0,126,9.004926108374384,1828.0,203,9.11111111111111,328.0,36,12.346456692913385,1568.0,127,34.513888888888886,2485.0,72,35.53781512605042,4229.0,119,13.079365079365079,824.0,63,27.95,559.0,20,11.925925925925926,1288.0,108,20.742424242424242,2738.0,132,20.27848101265823,1602.0,79,15.440944881889763,1961.0,127,11.6,464.0,40,13.605263157894736,517.0,38,11.8,354.0,30,20.34375,1302.0,64,14.785714285714286,207.0,14,21.055555555555557,379.0,18,17.708333333333332,425.0,24,13.404255319148936,630.0,47,19.304347826086957,444.0,23,16.523809523809526,347.0,21,18.41176470588235,313.0,17,23.35,467.0,20,18.09090909090909,398.0,22,51.81578947368421,1969.0,38,68.27272727272727,751.0,11,39.375,630.0,16,11.875,190.0,16,16.035714285714285,449.0,28,18.166666666666668,327.0,18,52.21951219512195,2141.0,41,13.84,346.0,25,4.7631578947368425,181.0,38,53.6,268.0,5,55.03448275862069,1596.0,29,3.0,39.0,13,10.341463414634147,424.0,41,51.45454545454545,1132.0,22,73.4,367.0,5,30.186046511627907,1298.0,43,47.0,141.0,3,72.11111111111111,649.0,9,73.0,146.0,2,25.0,25.0,1,17.0,34.0,2,0.0,0.0,0,60.09090909090909,661.0,11,22.714285714285715,159.0,7,72.0,72.0,1,80.58333333333333,967.0,12,6.0,18.0,3,104.625,837.0,8,0.0,0.0,0,42.733333333333334,641.0,15,112.3125,1797.0,16,52.0,156.0,3,261.0,522.0,2,0.0,0.0,0,1.0,1.0,1,0.4946004319654428,0.42764578833693306,0.07127429805615551,0.0064794816414686825,0.7860082304526749,0.1646090534979424,0.00823045267489712,0.0411522633744856,0.289198606271777,0.005807200929152149,0.7003484320557491,0.004645760743321719,0.055269922879177376,0.002570694087403599,0.7750642673521851,0.16709511568123395,0.0,0.09333333333333334,0.0,0.9066666666666666
LL4-B2B__2019-09-04_SPD__LL4-4_AgedB6-0256,0.16617205268762208,-0.447593400632134,-0.1935096528820608,-0.028989942265060152,0.19953914607996243,-0.6392513904128,-0.257564771166743,-0.01830495982239175,0.9669487089513236,0.7764004386504098,0.8943134978090554,0.8893060536312781,8.114537444933921,1842.0,227,9.282392026578073,2794.0,301,7.8494208494208495,2033.0,259,7.565217391304348,2262.0,299,13.976415094339623,2963.0,212,7.654708520179372,1707.0,223,8.622047244094489,1095.0,127,7.441947565543071,1987.0,267,10.512820512820513,2050.0,195,14.55367231638418,2576.0,177,11.408602150537634,2122.0,186,11.027972027972028,1577.0,143,13.141104294478527,2142.0,163,8.477178423236515,2043.0,241,8.42713567839196,1677.0,199,15.495327102803738,1658.0,107,9.932584269662922,1768.0,178,13.06951871657754,2444.0,187,20.959731543624162,3123.0,149,10.29251700680272,1513.0,147,10.744186046511627,1386.0,129,12.666666666666666,1558.0,123,16.929577464788732,1202.0,71,15.157142857142857,1061.0,70,9.531428571428572,1668.0,175,15.263473053892216,2549.0,167,12.181102362204724,1547.0,127,11.542857142857143,1616.0,140,13.436842105263159,2553.0,190,12.181818181818182,670.0,55,26.706521739130434,2457.0,92,14.382775119617225,3006.0,209,13.364341085271318,1724.0,129,13.118055555555555,1889.0,144,17.0875,1367.0,80,13.3121387283237,2303.0,173,28.34065934065934,2579.0,91,11.347826086956522,1827.0,161,14.144927536231885,976.0,69,12.572222222222223,2263.0,180,38.60294117647059,2625.0,68,34.111111111111114,921.0,27,14.97841726618705,2082.0,139,33.875,1084.0,32,15.827586206896552,2754.0,174,17.70873786407767,1824.0,103,22.053333333333335,1654.0,75,14.152173913043478,651.0,46,14.654545454545454,806.0,55,17.44,872.0,50,15.392857142857142,431.0,28,13.871794871794872,541.0,39,17.517241379310345,508.0,29,25.0,350.0,14,23.333333333333332,700.0,30,13.942857142857143,488.0,35,16.384615384615383,639.0,39,17.217391304347824,396.0,23,33.148148148148145,895.0,27,25.379310344827587,736.0,29,16.5,231.0,14,53.357142857142854,1494.0,28,40.6,203.0,5,33.56521739130435,772.0,23,24.923076923076923,648.0,26,16.0,112.0,7,15.2,76.0,5,48.407407407407405,1307.0,27,20.5,287.0,14,7.7555555555555555,349.0,45,37.53846153846154,488.0,13,52.8125,845.0,16,4.333333333333333,13.0,3,13.285714285714286,93.0,7,77.2,772.0,10,9.5,19.0,2,39.8,398.0,10,40.666666666666664,122.0,3,18.0,36.0,2,0.0,0.0,0,0.0,0.0,0,107.0,321.0,3,0.0,0.0,0,141.0,141.0,1,90.33333333333333,271.0,3,458.0,458.0,1,67.0,67.0,1,3.5,7.0,2,0.0,0.0,0,16.5,33.0,2,0.0,0.0,0,0.0,0.0,0,26.0,52.0,2,0.0,0.0,0,0.0,0.0,0,0.0,0.0,0,0.5464684014869888,0.37794299876084264,0.07187112763320942,0.0037174721189591076,0.888402625820569,0.09190371991247265,0.002188183807439825,0.0175054704595186,0.35275080906148865,0.011866235167206042,0.6343042071197411,0.0010787486515641855,0.10407876230661041,0.0028129395218002813,0.8002812939521801,0.09282700421940929,0.0,0.109375,0.0,0.890625
LL5-B2B__2019-12-23_SPD__LL5-4_AgedB6-0430,-0.24477805575425887,0.403107371162907,-0.20862008312258581,-0.07029956394270241,-0.3838190539639561,-0.0680571765458508,-0.24236567147160093,-0.12294493638915721,1.0899966782959383,1.4312588175798164,1.00180843883477,1.1659740716896905,9.235294117647058,2355.0,255,11.78125,1885.0,160,8.375,1809.0,216,9.083333333333334,981.0,108,14.46938775510204,2127.0,147,6.603448275862069,766.0,116,13.233333333333333,2779.0,210,7.048,881.0,125,13.233644859813085,1416.0,107,14.535714285714286,2442.0,168,11.4,2052.0,180,14.504950495049505,1465.0,101,14.272727272727273,2198.0,154,7.142857142857143,450.0,63,8.526315789473685,648.0,76,21.271428571428572,2978.0,140,8.161290322580646,1265.0,155,10.916666666666666,655.0,60,20.482758620689655,1782.0,87,12.621052631578948,1199.0,95,9.53781512605042,1135.0,119,13.95774647887324,991.0,71,15.0375,2406.0,160,16.829545454545453,1481.0,88,10.15625,1300.0,128,14.084745762711865,831.0,59,13.422535211267606,953.0,71,11.428571428571429,640.0,56,9.76923076923077,508.0,52,12.616438356164384,921.0,73,32.85454545454545,3614.0,110,7.185185185185185,388.0,54,15.948717948717949,622.0,39,12.172043010752688,1132.0,93,20.61111111111111,1484.0,72,15.233333333333333,914.0,60,24.424657534246574,1783.0,73,9.557692307692308,497.0,52,16.560606060606062,1093.0,66,8.418604651162791,362.0,43,34.82142857142857,1950.0,56,59.19047619047619,3729.0,63,19.596153846153847,1019.0,52,39.64150943396226,4202.0,106,8.121212121212121,268.0,33,19.607142857142858,549.0,28,26.35185185185185,1423.0,54,14.0,448.0,32,15.071428571428571,844.0,56,17.434782608695652,401.0,23,16.833333333333332,606.0,36,16.896551724137932,490.0,29,22.574468085106382,1061.0,47,25.00943396226415,2651.0,106,22.333333333333332,1072.0,48,14.277777777777779,257.0,18,25.0,550.0,22,22.38235294117647,761.0,34,35.294871794871796,2753.0,78,30.928571428571427,433.0,14,16.55,993.0,60,66.05263157894737,1255.0,19,58.648648648648646,4340.0,74,27.6,1104.0,40,16.533333333333335,248.0,15,13.952380952380953,879.0,63,25.5,51.0,2,48.0,720.0,15,12.961538461538462,1011.0,78,5.714285714285714,80.0,14,89.25,1071.0,12,52.666666666666664,316.0,6,3.112676056338028,221.0,71,7.218181818181818,397.0,55,46.833333333333336,281.0,6,39.8,199.0,5,23.285714285714285,163.0,7,32.333333333333336,194.0,6,130.5142857142857,4568.0,35,37.25,298.0,8,35.611111111111114,641.0,18,47.333333333333336,142.0,3,75.13333333333334,1127.0,15,66.88235294117646,1137.0,17,34.411764705882355,585.0,17,59.5,238.0,4,71.83333333333333,862.0,12,2.5,25.0,10,96.54545454545455,1062.0,11,0.0,0.0,0,47.5,380.0,8,107.66666666666667,969.0,9,65.25,261.0,4,239.42857142857142,1676.0,7,0.0,0.0,0,0.0,0.0,0,0.6156111929307806,0.35198821796759944,0.010309278350515464,0.022091310751104567,0.8467741935483871,0.046370967741935484,0.0,0.10685483870967742,0.4829787234042553,0.019148936170212766,0.4978723404255319,0.0,0.12014134275618374,0.007067137809187279,0.7243816254416962,0.14840989399293286,0.0,0.5862068965517241,0.0,0.41379310344827586
LL5-B6__2021-06-02_SPD__AgedB6-1427,0.5532182653464927,-0.28796008266013223,0.14694862079603876,0.23768955587446,0.2565153302861232,-0.8613528201955718,0.3411445120743657,0.3390827877104271,0.813749679900318,0.9753392206342484,0.6411669476548691,0.6979007887291406,12.925925925925926,349.0,27,10.035714285714286,562.0,56,11.3,113.0,10,8.65,173.0,20,14.333333333333334,1204.0,84,8.3,83.0,10,14.4,144.0,10,8.823529411764707,150.0,17,15.666666666666666,705.0,45,10.461538461538462,136.0,13,9.071428571428571,127.0,14,9.23728813559322,545.0,59,7.9,79.0,10,9.666666666666666,58.0,6,9.368421052631579,178.0,19,18.545454545454547,204.0,11,2.7142857142857144,19.0,7,11.461538461538462,149.0,13,23.413793103448278,679.0,29,16.90909090909091,186.0,11,8.333333333333334,25.0,3,15.05,602.0,40,11.0,110.0,10,15.318181818181818,1011.0,66,15.0,15.0,1,10.296296296296296,278.0,27,7.857142857142857,55.0,7,12.0,216.0,18,20.857142857142858,146.0,7,10.625,595.0,56,53.42857142857143,1122.0,21,6.0,6.0,1,20.5,82.0,4,3.75,15.0,4,15.2,304.0,20,4.2,21.0,5,51.172413793103445,1484.0,29,7.5,15.0,2,5.75,23.0,4,19.25,77.0,4,378.14772727272725,33277.0,88,273.1014492753623,18844.0,69,7.5,15.0,2,66.75,534.0,8,0.0,0.0,0,11.6,58.0,5,0.0,0.0,0,14.166666666666666,85.0,6,13.571428571428571,95.0,7,48.875,391.0,8,7.0,14.0,2,19.0,57.0,3,11.0,11.0,1,10.0,30.0,3,18.25,73.0,4,6.666666666666667,20.0,3,31.8,159.0,5,28.0,140.0,5,89.33333333333333,268.0,3,28.0,224.0,8,0.0,0.0,0,455.5,15487.0,34,112.5,450.0,4,0.0,0.0,0,21.5,86.0,4,19.75,158.0,8,13.0,39.0,3,169.66666666666666,3563.0,21,13.0,182.0,14,0.0,0.0,0,181.66666666666666,545.0,3,308.8333333333333,3706.0,12,11.0,22.0,2,13.666666666666666,41.0,3,624.0833333333334,14978.0,24,70.8,354.0,5,0.0,0.0,0,40.0,160.0,4,26.0,78.0,3,0.0,0.0,0,0.0,0.0,0,0.0,0.0,0,0.0,0.0,0,50.0,50.0,1,0.0,0.0,0,0.0,0.0,0,22.0,22.0,1,7.0,7.0,1,66.0,462.0,7,0.0,0.0,0,0.0,0.0,0,0.0,0.0,0,115.0,115.0,1,217.33333333333334,1304.0,6,0.0,0.0,0,0.0,0.0,0,0.38181818181818183,0.5454545454545454,0.05454545454545454,0.01818181818181818,0.8636363636363636,0.045454545454545456,0.045454545454545456,0.045454545454545456,0.33663366336633666,0.0,0.6633663366336634,0.0,0.036585365853658534,0.0,0.7804878048780488,0.18292682926829268,0.0,0.07692307692307693,0.0,0.9230769230769231
LL5-B6__2021-06-02_SPD__AgedB6-2056,-0.5371411378598344,-0.23491143721911856,-0.7576239898039677,0.23758667743724174,-0.7686992995999462,-0.47564418579423745,-0.7085016749445237,0.23472691003918006,1.0001259078800417,1.0412524359651096,0.8163586563563896,1.18620050479299,9.305,1861.0,200,8.657407407407407,935.0,108,7.735537190082645,936.0,121,9.777777777777779,616.0,63,13.833333333333334,1826.0,132,3.888888888888889,70.0,18,12.204545454545455,2685.0,220,8.36231884057971,577.0,69,10.805194805194805,832.0,77,15.874213836477987,2524.0,159,9.015625,1154.0,128,14.821705426356589,1912.0,129,10.855855855855856,1205.0,111,5.3125,85.0,16,9.232558139534884,397.0,43,20.04895104895105,2867.0,143,5.6,112.0,20,8.685714285714285,304.0,35,24.013333333333332,1801.0,75,14.28125,457.0,32,10.571428571428571,814.0,77,14.546666666666667,1091.0,75,16.265060240963855,2700.0,166,14.574074074074074,787.0,54,10.32258064516129,320.0,31,18.8125,903.0,48,17.756756756756758,657.0,37,12.444444444444445,560.0,45,12.25,392.0,32,16.677966101694917,984.0,59,73.89032258064516,11453.0,155,5.0,20.0,4,18.0625,578.0,32,8.333333333333334,75.0,9,25.204545454545453,2218.0,88,2.0,4.0,2,23.602941176470587,1605.0,68,6.588235294117647,112.0,17,21.805555555555557,1570.0,72,4.0,8.0,2,51.50561797752809,4584.0,89,30.055555555555557,1082.0,36,8.6,43.0,5,92.62204724409449,11763.0,127,0.0,0.0,0,14.76923076923077,192.0,13,20.0,260.0,13,16.4375,263.0,16,13.947368421052632,530.0,38,21.875,700.0,32,26.174603174603174,1649.0,63,6.0,18.0,3,26.1,1827.0,70,27.08974358974359,2113.0,78,26.270833333333332,1261.0,48,21.833333333333332,131.0,6,32.86206896551724,953.0,29,14.181818181818182,156.0,11,31.698630136986303,2314.0,73,18.954545454545453,417.0,22,13.735294117647058,467.0,34,90.58620689655173,2627.0,29,116.90566037735849,6196.0,53,40.63157894736842,1544.0,38,20.6875,331.0,16,13.827586206896552,401.0,29,23.0,46.0,2,45.0,720.0,16,16.25,195.0,12,3.6666666666666665,11.0,3,194.7741935483871,6038.0,31,84.84615384615384,1103.0,13,6.333333333333333,19.0,3,7.4375,119.0,16,107.2,2144.0,20,51.58620689655172,1496.0,29,33.5,67.0,2,57.45454545454545,632.0,11,48.55555555555556,437.0,9,28.5,114.0,4,17.77777777777778,160.0,9,73.5,147.0,2,58.25,233.0,4,53.0,265.0,5,37.2,186.0,5,230.0,460.0,2,37.5,75.0,2,5.0,5.0,1,83.16666666666667,499.0,6,0.0,0.0,0,32.0,96.0,3,89.0,89.0,1,14.333333333333334,43.0,3,184.2,921.0,5,0.0,0.0,0,0.0,0.0,0,0.7076271186440678,0.2711864406779661,0.01059322033898305,0.01059322033898305,0.8870967741935484,0.013440860215053764,0.005376344086021506,0.09408602150537634,0.4808362369337979,0.0,0.519163763066202,0.0,0.054878048780487805,0.0,0.7926829268292683,0.1524390243902439,0.0,0.5625,0.0,0.4375
NV14-B7B8__2021-01-18__DO-20-1136,-0.11687634908071184,-1.2275734110545258,-2.0242352443432035,-0.0463061554366658,-0.36990617853739327,-1.1120726751486272,-2.0197025154113843,-0.0918126834979236,1.5439498805586098,0.9221882142775105,1.0618774486312057,0.935390711696326,6.45,129.0,20,5.7272727272727275,63.0,11,6.363636363636363,140.0,22,9.384615384615385,122.0,13,14.181818181818182,156.0,11,6.0,102.0,17,9.238095238095237,194.0,21,3.6,18.0,5,8.5625,137.0,16,9.25,74.0,8,8.0,48.0,6,13.11111111111111,118.0,9,10.833333333333334,130.0,12,5.0,20.0,4,11.5,23.0,2,9.5,76.0,8,8.166666666666666,49.0,6,7.636363636363637,84.0,11,19.0,57.0,3,0.0,0.0,0,7.105263157894737,135.0,19,7.111111111111111,64.0,9,18.05263157894737,343.0,19,10.24,256.0,25,4.625,37.0,8,17.5,70.0,4,8.0,48.0,6,14.133333333333333,212.0,15,0.0,0.0,0,11.67741935483871,362.0,31,42.6,426.0,10,10.0,10.0,1,0.0,0.0,0,6.833333333333333,41.0,6,11.857142857142858,83.0,7,0.0,0.0,0,113.46666666666667,1702.0,15,2.0,4.0,2,3.5,7.0,2,0.0,0.0,0,44.8,224.0,5,110.79310344827586,3213.0,29,0.0,0.0,0,69.15384615384616,899.0,13,0.0,0.0,0,14.5,29.0,2,13.0,65.0,5,16.416666666666668,197.0,12,3.0,6.0,2,0.0,0.0,0,7.666666666666667,23.0,3,23.153846153846153,301.0,13,8.0,16.0,2,14.454545454545455,318.0,22,8.666666666666666,26.0,3,15.0,150.0,10,0.0,0.0,0,11.666666666666666,105.0,9,27.5,275.0,10,7.333333333333333,22.0,3,12.714285714285714,89.0,7,66.6,333.0,5,216.10526315789474,4106.0,19,17.375,139.0,8,7.0,21.0,3,24.22222222222222,218.0,9,25.833333333333332,465.0,18,53.0,53.0,1,21.8,436.0,20,0.0,0.0,0,40.75,163.0,4,131.0,131.0,1,4.8,24.0,5,18.176470588235293,309.0,17,0.0,0.0,0,1.0,1.0,1,0.0,0.0,0,0.0,0.0,0,0.0,0.0,0,31.25,125.0,4,15.0,15.0,1,51.9,519.0,10,0.0,0.0,0,0.0,0.0,0,0.0,0.0,0,486.0,972.0,2,28.0,28.0,1,2.0,2.0,1,0.0,0.0,0,0.0,0.0,0,0.0,0.0,0,0.0,0.0,0,0.0,0.0,0,0.0,0.0,0,0.0,0.0,0,0.0,0.0,0,0.7674418604651163,0.13953488372093023,0.0,0.09302325581395349,0.65625,0.0,0.09375,0.25,0.46153846153846156,0.0,0.46153846153846156,0.07692307692307693,0.08823529411764706,0.0,0.5,0.4117647058823529,0.0,0.35294117647058826,0.0,0.6470588235294118
NV15-B7B8__2020-01-02__DO-20-1097,-0.008870827903736224,-1.7136331371847435,-1.7656716110158073,0.07515572816317045,0.1885217975881251,-2.1660346218898483,-1.6550285610425481,0.09626837329546895,1.6624830245243094,1.6899573982692768,2.7823367569243955,1.6068009443121605,8.915254237288135,526.0,59,8.222222222222221,370.0,45,4.547169811320755,241.0,53,5.706896551724138,331.0,58,11.642857142857142,163.0,14,5.641025641025641,220.0,39,7.681818181818182,507.0,66,6.043478260869565,139.0,23,6.886363636363637,303.0,44,4.7,47.0,10,7.090909090909091,78.0,11,9.34375,299.0,32,5.571428571428571,39.0,7,2.772727272727273,61.0,22,8.41025641025641,328.0,39,9.782608695652174,225.0,23,0.0,0.0,0,6.741379310344827,391.0,58,5.785714285714286,81.0,14,1.8333333333333333,22.0,12,7.523809523809524,474.0,63,8.471698113207546,449.0,53,4.391304347826087,101.0,23,9.035,1807.0,200,2.0,10.0,5,8.636363636363637,95.0,11,10.0,60.0,6,7.915492957746479,562.0,71,1.6666666666666667,5.0,3,12.833333333333334,3003.0,234,20.823529411764707,354.0,17,3.0,9.0,3,2.75,11.0,4,3.0,12.0,4,4.666666666666667,28.0,6,3.25,52.0,16,25.444444444444443,916.0,36,6.285714285714286,44.0,7,0.0,0.0,0,3.75,15.0,4,24.545454545454547,270.0,11,42.17482517482517,6031.0,143,2.625,21.0,8,23.272727272727273,256.0,11,3.0,3.0,1,9.25,74.0,8,12.636363636363637,139.0,11,12.733333333333333,1910.0,150,2.0,6.0,3,2.142857142857143,15.0,7,5.6,28.0,5,22.026315789473685,1674.0,76,4.0,4.0,1,13.532608695652174,2490.0,184,2.0,2.0,1,19.63855421686747,1630.0,83,1.0,1.0,1,4.625,37.0,8,11.478260869565217,264.0,23,5.538461538461538,72.0,13,13.980952380952381,1468.0,105,78.88372093023256,6784.0,86,61.72789115646258,9074.0,147,19.692307692307693,256.0,13,9.0,180.0,20,14.923780487804878,4895.0,328,8.125,195.0,24,0.0,0.0,0,40.00170357751278,23481.0,587,1.6666666666666667,5.0,3,35.666666666666664,107.0,3,94.6,473.0,5,1.875,195.0,104,18.005244755244757,10299.0,572,0.0,0.0,0,5.5,11.0,2,31.0,682.0,22,36.861111111111114,2654.0,72,44.3448275862069,1286.0,29,22.84313725490196,1165.0,51,21.07843137254902,1075.0,51,14.0,28.0,2,45.86666666666667,1376.0,30,42.5625,1362.0,32,28.85,577.0,20,87.40983606557377,5332.0,61,59.483333333333334,3569.0,60,1.8,9.0,5,47.76190476190476,2006.0,42,0.0,0.0,0,26.96,674.0,25,58.857142857142854,1236.0,21,18.7,187.0,10,101.5,203.0,2,0.0,0.0,0,0.0,0.0,0,0.6090909090909091,0.08181818181818182,0.13636363636363635,0.17272727272727273,0.27184466019417475,0.0,0.06796116504854369,0.6601941747572816,0.39622641509433965,0.0,0.5471698113207547,0.05660377358490566,0.0,0.0,0.64,0.36,0.0,0.35,0.0,0.65
NV15-B7B8__2020-01-02__DO-20-1098,0.47736079024024913,-0.6545490170817012,-1.0275908264417613,-0.34684462748963496,0.6360565196895982,-1.0855420907533702,-0.7650173648307355,-0.3177994552196908,1.9253119737607507,2.603520883588861,3.2470135774413857,1.984645541753552,7.8076923076923075,203.0,26,7.285714285714286,561.0,77,5.884615384615385,153.0,26,7.065217391304348,325.0,46,9.565217391304348,220.0,23,0.0,0.0,0,9.822222222222223,442.0,45,5.973684210526316,227.0,38,7.6461538461538465,497.0,65,6.833333333333333,41.0,6,9.85,197.0,20,9.88888888888889,178.0,18,5.5,55.0,10,4.5,9.0,2,8.604651162790697,370.0,43,7.933333333333334,119.0,15,2.0,4.0,2,5.448979591836735,267.0,49,15.055555555555555,271.0,18,12.0,12.0,1,6.96969696969697,230.0,33,11.016129032258064,683.0,62,15.727272727272727,173.0,11,10.805555555555555,2723.0,252,4.75,38.0,8,6.142857142857143,43.0,7,3.5,7.0,2,10.318181818181818,681.0,66,2.5,10.0,4,11.441964285714286,2563.0,224,33.8,676.0,20,0.0,0.0,0,2.0,4.0,2,3.0,6.0,2,10.416666666666666,125.0,12,0.0,0.0,0,22.949152542372882,1354.0,59,4.166666666666667,25.0,6,5.0,10.0,2,0.0,0.0,0,34.5,621.0,18,57.638297872340424,10836.0,188,0.0,0.0,0,30.727272727272727,338.0,11,0.0,0.0,0,9.9,99.0,10,14.272727272727273,157.0,11,12.376923076923077,1609.0,130,7.285714285714286,51.0,7,3.25,13.0,4,5.0,10.0,2,0.0,0.0,0,0.0,0.0,0,11.355140186915888,1215.0,107,0.0,0.0,0,0.0,0.0,0,0.0,0.0,0,0.0,0.0,0,16.90909090909091,186.0,11,9.5,19.0,2,11.9,595.0,50,78.9010989010989,7180.0,91,49.741379310344826,5770.0,116,8.555555555555555,77.0,9,10.5,63.0,6,14.154098360655738,4317.0,305,0.0,0.0,0,18.0,54.0,3,31.618887015177066,18750.0,593,3.55,71.0,20,92.125,737.0,8,38.0,190.0,5,1.8218623481781377,450.0,247,14.055762081784387,7562.0,538,256.5,513.0,2,5.142857142857143,36.0,7,21.48148148148148,580.0,27,26.636363636363637,879.0,33,42.82142857142857,3597.0,84,21.89855072463768,1511.0,69,21.484848484848484,1418.0,66,0.0,0.0,0,50.98076923076923,2651.0,52,37.02272727272727,1629.0,44,32.14705882352941,1093.0,34,95.3132530120482,7911.0,83,63.016129032258064,3907.0,62,1.75,49.0,28,48.728813559322035,2875.0,59,0.0,0.0,0,28.647058823529413,487.0,17,41.86363636363637,921.0,22,48.925925925925924,1321.0,27,131.05882352941177,2228.0,17,28.0,56.0,2,5.0,15.0,3,0.5882352941176471,0.22058823529411764,0.0,0.19117647058823528,0.4126984126984127,0.015873015873015872,0.0,0.5714285714285714,0.226890756302521,0.008403361344537815,0.7394957983193278,0.025210084033613446,0.0,0.0,0.5333333333333333,0.4666666666666667,0.0,0.2631578947368421,0.0,0.7368421052631579
NV15-B7B8__2020-01-02__DO-20-1100,-0.05931227639095619,-0.6154464633666891,-0.7132080946493917,0.03589620520115732,-0.04479022229425866,-1.0303922045535006,-0.614714862451192,0.0085044521377225,1.5476905142721398,1.8138718479816898,3.197357248665139,1.7396335326943069,7.486238532110092,816.0,109,7.0,532.0,76,5.697247706422019,621.0,109,6.208333333333333,447.0,72,10.6,371.0,35,11.333333333333334,442.0,39,8.228346456692913,1045.0,127,8.477777777777778,763.0,90,6.089285714285714,341.0,56,7.565217391304348,174.0,23,8.405797101449275,580.0,69,8.275862068965518,240.0,29,8.06060606060606,266.0,33,4.5,45.0,10,9.68421052631579,920.0,95,8.8,220.0,25,7.4,74.0,10,6.096153846153846,317.0,52,8.4,210.0,25,2.769230769230769,36.0,13,6.946428571428571,778.0,112,9.171052631578947,697.0,76,12.983333333333333,779.0,60,11.030042918454935,2570.0,233,6.833333333333333,82.0,12,10.272727272727273,113.0,11,6.357142857142857,89.0,14,10.946236559139784,1018.0,93,3.0,6.0,2,11.517543859649123,2626.0,228,18.58823529411765,632.0,34,2.6666666666666665,8.0,3,4.8,24.0,5,5.0,40.0,8,7.131578947368421,271.0,38,7.1,71.0,10,23.271428571428572,1629.0,70,3.4285714285714284,24.0,7,5.75,23.0,4,2.5,5.0,2,23.178571428571427,649.0,28,34.54375,5527.0,160,4.333333333333333,13.0,3,28.5,855.0,30,0.0,0.0,0,11.714285714285714,82.0,7,13.285714285714286,186.0,14,14.506410256410257,2263.0,156,12.0,120.0,10,6.25,25.0,4,10.444444444444445,94.0,9,11.25,180.0,16,9.0,9.0,1,13.933544303797468,4403.0,316,2.0,2.0,1,7.6,114.0,15,0.0,0.0,0,3.0,3.0,1,15.08108108108108,558.0,37,0.0,0.0,0,12.182795698924732,2266.0,186,65.6829268292683,2693.0,41,43.21327014218009,9118.0,211,22.96969696969697,758.0,33,12.142857142857142,85.0,7,14.377410468319558,5219.0,363,9.333333333333334,56.0,6,15.666666666666666,47.0,3,38.91459074733096,21870.0,562,3.4285714285714284,48.0,14,49.0,392.0,8,15.0,30.0,2,4.288770053475936,802.0,187,15.953405017921147,8902.0,558,8.0,16.0,2,11.0,66.0,6,24.257142857142856,849.0,35,18.857142857142858,264.0,14,48.5,2231.0,46,29.414634146341463,1206.0,41,22.976190476190474,965.0,42,5.0,5.0,1,52.142857142857146,1095.0,21,37.48148148148148,1012.0,27,39.13333333333333,587.0,15,75.26190476190476,3161.0,42,50.48717948717949,1969.0,39,2.5866666666666664,194.0,75,54.166666666666664,3575.0,66,0.0,0.0,0,27.605263157894736,1049.0,38,42.36363636363637,932.0,22,27.53846153846154,358.0,13,324.75,1299.0,4,0.0,0.0,0,2.0,2.0,1,0.5975609756097561,0.2845528455284553,0.008130081300813009,0.10975609756097561,0.3783783783783784,0.02702702702702703,0.0,0.5945945945945946,0.4605263157894737,0.0,0.4956140350877193,0.043859649122807015,0.0,0.0,0.6609195402298851,0.3390804597701149,0.0,0.5503355704697986,0.0,0.44966442953020136
NV15-B7B8__2020-01-02__DO-40-2107,-0.08661807146231289,-1.747700100387411,-0.44315933681453773,0.05205891569830162,-0.10908482886816055,-2.070422154073851,-0.4350770110933886,0.03519827001193791,1.8357270796508565,1.6832436891243892,1.511036453747749,1.483194337215274,7.842105263157895,298.0,38,6.236363636363636,343.0,55,4.842105263157895,276.0,57,7.072727272727272,389.0,55,7.428571428571429,52.0,7,3.0,60.0,20,9.237623762376238,933.0,101,5.421052631578948,103.0,19,5.1521739130434785,237.0,46,3.2857142857142856,23.0,7,5.384615384615385,70.0,13,6.25,75.0,12,10.11111111111111,91.0,9,2.5714285714285716,18.0,7,8.89655172413793,516.0,58,8.947368421052632,170.0,19,2.5,20.0,8,4.690140845070423,333.0,71,4.166666666666667,25.0,6,2.0,4.0,2,5.482352941176471,466.0,85,9.327272727272728,513.0,55,8.575757575757576,283.0,33,9.588235294117647,2119.0,221,1.5,6.0,4,2.8333333333333335,17.0,6,0.0,0.0,0,7.857142857142857,330.0,42,0.0,0.0,0,11.225988700564972,1987.0,177,32.9,329.0,10,1.0,1.0,1,3.5,7.0,2,2.0,4.0,2,6.333333333333333,57.0,9,9.357142857142858,524.0,56,17.36842105263158,660.0,38,4.7,47.0,10,3.0,3.0,1,8.58695652173913,395.0,46,22.6,339.0,15,37.13868613138686,5088.0,137,2.875,46.0,16,25.52173913043478,587.0,23,3.0,45.0,15,6.25,25.0,4,5.2,52.0,10,10.282442748091603,1347.0,131,3.2,16.0,5,0.0,0.0,0,5.333333333333333,16.0,3,11.75,47.0,4,4.5,9.0,2,11.62114537444934,2638.0,227,0.0,0.0,0,4.0,8.0,2,0.0,0.0,0,3.5,7.0,2,27.833333333333332,501.0,18,4.0,4.0,1,10.293650793650794,1297.0,126,51.75555555555555,2329.0,45,43.81142857142857,7667.0,175,14.958333333333334,359.0,24,5.0,10.0,2,13.878419452887538,4566.0,329,0.0,0.0,0,26.6,133.0,5,36.147239263803684,29460.0,815,3.5,21.0,6,56.42857142857143,395.0,7,28.25,113.0,4,3.174089068825911,784.0,247,19.063081695966908,18434.0,967,0.0,0.0,0,5.0,5.0,1,20.933333333333334,314.0,15,15.0,150.0,10,16.647058823529413,283.0,17,18.4375,590.0,32,20.4,1632.0,80,0.0,0.0,0,18.264705882352942,621.0,34,27.14814814814815,733.0,27,22.823529411764707,388.0,17,97.50666666666666,7313.0,75,35.23809523809524,2960.0,84,6.12987012987013,472.0,77,35.53191489361702,1670.0,47,0.0,0.0,0,26.272727272727273,1445.0,55,27.761904761904763,583.0,21,22.24137931034483,645.0,29,0.0,0.0,0,16.5,198.0,12,5.0,20.0,4,0.538961038961039,0.15584415584415584,0.08441558441558442,0.22077922077922077,0.4523809523809524,0.0,0.007936507936507936,0.5396825396825397,0.36885245901639346,0.0,0.5737704918032787,0.05737704918032787,0.13259668508287292,0.0,0.4696132596685083,0.39779005524861877,0.0,0.4953271028037383,0.0,0.5046728971962616
NV15-B7B8__2021-01-18__DO-40-2141,-0.5677921080412595,-1.953366320328819,-0.3848421263547222,-0.1518444557780312,-0.7329607549676591,-2.1236518076448196,-0.353809166677994,-0.3108122686871805,1.1167336291143208,0.8056443796657679,1.1383445306182975,1.183347002058989,7.545454545454546,83.0,11,4.5,9.0,2,5.0,65.0,13,16.0,48.0,3,12.0,36.0,3,24.333333333333332,73.0,3,8.3125,133.0,16,8.4,42.0,5,12.0,12.0,1,7.6,38.0,5,12.2,61.0,5,5.5,11.0,2,14.2,71.0,5,0.0,0.0,0,5.0,15.0,3,4.4,22.0,5,21.666666666666668,195.0,9,4.0,8.0,2,0.0,0.0,0,0.0,0.0,0,3.6666666666666665,55.0,15,16.0,16.0,1,19.0,76.0,4,12.666666666666666,38.0,3,1.0,1.0,1,1.0,1.0,1,0.0,0.0,0,6.0,6.0,1,0.0,0.0,0,7.5,15.0,2,89.0,89.0,1,0.0,0.0,0,0.0,0.0,0,14.0,14.0,1,0.0,0.0,0,2.0,2.0,1,1.0,1.0,1,1.0,1.0,1,0.0,0.0,0,12.0,12.0,1,20.5,41.0,2,0.0,0.0,0,7.666666666666667,23.0,3,13.0,13.0,1,0.0,0.0,0,0.0,0.0,0,5.0,10.0,2,3.6666666666666665,11.0,3,1.0,1.0,1,0.0,0.0,0,8.0,8.0,1,0.0,0.0,0,0.0,0.0,0,6.235294117647059,106.0,17,0.0,0.0,0,0.0,0.0,0,0.0,0.0,0,23.0,46.0,2,2.5,5.0,2,0.0,0.0,0,6.642857142857143,93.0,14,19.0,19.0,1,94.66666666666667,568.0,6,15.0,15.0,1,0.0,0.0,0,13.379310344827585,776.0,58,0.0,0.0,0,0.0,0.0,0,51.79761904761905,8702.0,168,3.5714285714285716,25.0,7,0.0,0.0,0,0.0,0.0,0,3.391304347826087,78.0,23,23.214953271028037,4968.0,214,0.0,0.0,0,0.0,0.0,0,72.0,72.0,1,0.0,0.0,0,0.0,0.0,0,20.5,82.0,4,17.555555555555557,158.0,9,0.0,0.0,0,9.0,18.0,2,9.0,9.0,1,17.0,17.0,1,95.0,285.0,3,46.733333333333334,701.0,15,2.0,2.0,1,44.2,221.0,5,0.0,0.0,0,29.181818181818183,963.0,33,29.0,58.0,2,11.6,58.0,5,0.0,0.0,0,0.0,0.0,0,0.0,0.0,0,0.5909090909090909,0.18181818181818182,0.0,0.22727272727272727,0.6875,0.0,0.0,0.3125,0.7,0.0,0.2,0.1,0.0,0.0,0.6666666666666666,0.3333333333333333,0.0,0.8,0.0,0.2
NV15-B7B8__2021-02-04__DO-40-2181,0.29861141101569527,-0.9713527885552029,-0.43033592213649896,0.03771338048368003,0.3999484993546186,-1.3976072316804395,-0.5098554335353035,0.0731099867539388,1.5980184799302033,1.5113261219610161,1.4992820917174188,1.5023672737315523,7.8076923076923075,406.0,52,7.294117647058823,248.0,34,5.095890410958904,372.0,73,5.12962962962963,277.0,54,8.444444444444445,152.0,18,5.2,78.0,15,9.216981132075471,977.0,106,8.766666666666667,526.0,60,5.875,282.0,48,4.916666666666667,59.0,12,8.526315789473685,324.0,38,11.333333333333334,170.0,15,6.7407407407407405,182.0,27,11.0,22.0,2,10.987951807228916,912.0,83,7.7272727272727275,170.0,22,3.8,38.0,10,5.863636363636363,387.0,66,5.2,52.0,10,5.0,10.0,2,7.055555555555555,635.0,90,9.209677419354838,571.0,62,8.92156862745098,455.0,51,11.334319526627219,3831.0,338,4.375,35.0,8,4.888888888888889,44.0,9,6.5,26.0,4,12.284090909090908,1081.0,88,3.5,7.0,2,12.494915254237288,3686.0,295,15.75,189.0,12,3.6666666666666665,11.0,3,10.5,21.0,2,2.4,12.0,5,9.173913043478262,211.0,23,7.5,15.0,2,16.73913043478261,770.0,46,4.875,39.0,8,2.75,11.0,4,0.0,0.0,0,15.833333333333334,95.0,6,30.026490066225165,4534.0,151,0.0,0.0,0,19.391304347826086,446.0,23,0.0,0.0,0,7.153846153846154,93.0,13,12.0,168.0,14,18.209439528023598,6173.0,339,7.636363636363637,84.0,11,8.0,24.0,3,5.888888888888889,106.0,18,10.25,41.0,4,4.0,4.0,1,9.974358974358974,1945.0,195,5.0,5.0,1,8.666666666666666,78.0,9,0.0,0.0,0,13.0,13.0,1,18.413793103448278,534.0,29,14.0,28.0,2,13.982456140350877,2391.0,171,22.666666666666668,136.0,6,27.726315789473684,2634.0,95,12.185185185185185,329.0,27,9.333333333333334,196.0,21,15.951945080091534,6971.0,437,3.0,3.0,1,23.0,46.0,2,47.921898928024504,31293.0,653,5.142857142857143,36.0,7,18.0,36.0,2,7.0,21.0,3,1.7792207792207793,137.0,77,16.70713525026624,15688.0,939,0.0,0.0,0,0.0,0.0,0,31.894736842105264,1212.0,38,30.09090909090909,331.0,11,35.26190476190476,1481.0,42,22.13157894736842,841.0,38,25.596638655462186,3046.0,119,38.0,152.0,4,21.666666666666668,910.0,42,22.5,540.0,24,35.4375,567.0,16,53.5,642.0,12,43.728813559322035,2580.0,59,1.0,1.0,1,32.4,1620.0,50,0.0,0.0,0,31.27659574468085,1470.0,47,30.52173913043478,702.0,23,29.454545454545453,324.0,11,74.0,148.0,2,0.0,0.0,0,0.0,0.0,0,0.6486486486486487,0.22702702702702704,0.005405405405405406,0.11891891891891893,0.3956043956043956,0.01098901098901099,0.0,0.5934065934065934,0.5111111111111111,0.0,0.45185185185185184,0.037037037037037035,0.0,0.0,0.4861111111111111,0.5138888888888888,0.0,0.36619718309859156,0.0,0.6338028169014085
NV15-B7B8__2021-02-04__DO-40-2184,0.4091460363190302,-1.7723695707230696,-0.132950193676192,0.8975154661390806,0.5306736905457181,-2.05945030700379,-0.24358955621141534,0.9675188183981468,1.554827481610307,1.4105131283827532,3.112619266113521,1.3841027138222382,8.444444444444445,76.0,9,5.125,41.0,8,4.875,39.0,8,3.0833333333333335,74.0,24,3.6666666666666665,11.0,3,6.705882352941177,114.0,17,9.666666666666666,203.0,21,4.090909090909091,90.0,22,5.8125,93.0,16,9.0,18.0,2,8.333333333333334,25.0,3,5.75,23.0,4,4.0,12.0,3,2.8947368421052633,55.0,19,7.235294117647059,123.0,17,12.75,51.0,4,2.0,16.0,8,5.5,231.0,42,7.333333333333333,44.0,6,0.0,0.0,0,5.636363636363637,62.0,11,10.714285714285714,75.0,7,6.5,39.0,6,8.905511811023622,1131.0,127,1.75,7.0,4,7.0,7.0,1,5.333333333333333,16.0,3,7.8,195.0,25,2.0,2.0,1,9.052631578947368,860.0,95,14.0,14.0,1,3.0,21.0,7,2.0,4.0,2,3.5714285714285716,25.0,7,7.5,15.0,2,8.293478260869565,763.0,92,13.6,68.0,5,2.2222222222222223,20.0,9,0.0,0.0,0,8.774647887323944,623.0,71,9.0,9.0,1,43.73684210526316,1662.0,38,4.870967741935484,151.0,31,39.5,79.0,2,4.3125,69.0,16,1.6,8.0,5,3.6666666666666665,22.0,6,11.24793388429752,1361.0,121,1.0,2.0,2,0.0,0.0,0,0.0,0.0,0,7.0,42.0,6,0.0,0.0,0,7.90625,253.0,32,0.0,0.0,0,1.0,1.0,1,0.0,0.0,0,0.0,0.0,0,5.5,11.0,2,0.0,0.0,0,11.903225806451612,369.0,31,47.0,141.0,3,48.78947368421053,927.0,19,21.0,63.0,3,0.0,0.0,0,12.125,3104.0,256,0.0,0.0,0,23.5,47.0,2,26.82157258064516,26607.0,992,1.75,21.0,12,0.0,0.0,0,19.0,19.0,1,4.038834951456311,1248.0,309,36.25284090909091,51044.0,1408,0.0,0.0,0,0.0,0.0,0,29.846153846153847,776.0,26,17.25,69.0,4,18.413793103448278,534.0,29,12.428571428571429,174.0,14,23.402010050251256,4657.0,199,0.0,0.0,0,28.337209302325583,2437.0,86,19.571428571428573,411.0,21,24.75,198.0,8,79.55555555555556,716.0,9,20.846153846153847,1355.0,65,2.4285714285714284,34.0,14,30.636363636363637,1348.0,44,0.0,0.0,0,22.821428571428573,639.0,28,121.66666666666667,1095.0,9,16.23076923076923,422.0,26,202.33333333333334,607.0,3,21.5,129.0,6,2.0,2.0,1,0.23529411764705882,0.21176470588235294,0.5294117647058824,0.023529411764705882,0.7111111111111111,0.044444444444444446,0.0,0.24444444444444444,0.2903225806451613,0.0,0.7096774193548387,0.0,0.32967032967032966,0.0,0.3516483516483517,0.31868131868131866,0.0,0.3611111111111111,0.0,0.6388888888888888
