,name,avg_bout_length_0,avg_bout_length_1,avg_bout_length_10,avg_bout_length_11,avg_bout_length_12,avg_bout_length_13,avg_bout_length_14,avg_bout_length_15,avg_bout_length_16,avg_bout_length_17,avg_bout_length_18,avg_bout_length_19,avg_bout_length_2,avg_bout_length_20,avg_bout_length_21,avg_bout_length_22,avg_bout_length_23,avg_bout_length_24,avg_bout_length_25,avg_bout_length_26,avg_bout_length_27,avg_bout_length_28,avg_bout_length_29,avg_bout_length_3,avg_bout_length_30,avg_bout_length_31,avg_bout_length_32,avg_bout_length_33,avg_bout_length_34,avg_bout_length_35,avg_bout_length_36,avg_bout_length_37,avg_bout_length_38,avg_bout_length_39,avg_bout_length_4,avg_bout_length_40,avg_bout_length_41,avg_bout_length_42,avg_bout_length_43,avg_bout_length_44,avg_bout_length_45,avg_bout_length_46,avg_bout_length_47,avg_bout_length_48,avg_bout_length_49,avg_bout_length_5,avg_bout_length_50,avg_bout_length_51,avg_bout_length_52,avg_bout_length_53,avg_bout_length_54,avg_bout_length_55,avg_bout_length_56,avg_bout_length_57,avg_bout_length_58,avg_bout_length_59,avg_bout_length_6,avg_bout_length_60,avg_bout_length_61,avg_bout_length_62,avg_bout_length_63,avg_bout_length_64,avg_bout_length_65,avg_bout_length_66,avg_bout_length_67,avg_bout_length_68,avg_bout_length_69,avg_bout_length_7,avg_bout_length_70,avg_bout_length_71,avg_bout_length_72,avg_bout_length_73,avg_bout_length_74,avg_bout_length_75,avg_bout_length_76,avg_bout_length_77,avg_bout_length_78,avg_bout_length_79,avg_bout_length_8,avg_bout_length_80,avg_bout_length_81,avg_bout_length_82,avg_bout_length_83,avg_bout_length_84,avg_bout_length_85,avg_bout_length_86,avg_bout_length_87,avg_bout_length_88,avg_bout_length_9,avg_bout_length_90,avg_bout_length_91,latent_embedding_mean_0,latent_embedding_mean_1,latent_embedding_mean_10,latent_embedding_mean_11,latent_embedding_mean_2,latent_embedding_mean_3,latent_embedding_mean_4,latent_embedding_mean_5,latent_embedding_mean_6,latent_embedding_mean_7,latent_embedding_mean_8,latent_embedding_mean_9,latent_embedding_median_0,latent_embedding_median_1,latent_embedding_median_10,latent_embedding_median_11,latent_embedding_median_2,latent_embedding_median_3,latent_embedding_median_4,latent_embedding_median_5,latent_embedding_median_6,latent_embedding_median_7,latent_embedding_median_8,latent_embedding_median_9,latent_embedding_std_0,latent_embedding_std_1,latent_embedding_std_10,latent_embedding_std_11,latent_embedding_std_2,latent_embedding_std_3,latent_embedding_std_4,latent_embedding_std_5,latent_embedding_std_6,latent_embedding_std_7,latent_embedding_std_8,latent_embedding_std_9,num_bouts_0,num_bouts_1,num_bouts_10,num_bouts_11,num_bouts_12,num_bouts_13,num_bouts_14,num_bouts_15,num_bouts_16,num_bouts_17,num_bouts_18,num_bouts_19,num_bouts_2,num_bouts_20,num_bouts_21,num_bouts_22,num_bouts_23,num_bouts_24,num_bouts_25,num_bouts_26,num_bouts_27,num_bouts_28,num_bouts_29,num_bouts_3,num_bouts_30,num_bouts_31,num_bouts_32,num_bouts_33,num_bouts_34,num_bouts_35,num_bouts_36,num_bouts_37,num_bouts_38,num_bouts_39,num_bouts_4,num_bouts_40,num_bouts_41,num_bouts_42,num_bouts_43,num_bouts_44,num_bouts_45,num_bouts_46,num_bouts_47,num_bouts_48,num_bouts_49,num_bouts_5,num_bouts_50,num_bouts_51,num_bouts_52,num_bouts_53,num_bouts_54,num_bouts_55,num_bouts_56,num_bouts_57,num_bouts_58,num_bouts_59,num_bouts_6,num_bouts_60,num_bouts_61,num_bouts_62,num_bouts_63,num_bouts_64,num_bouts_65,num_bouts_66,num_bouts_67,num_bouts_68,num_bouts_69,num_bouts_7,num_bouts_70,num_bouts_71,num_bouts_72,num_bouts_73,num_bouts_74,num_bouts_75,num_bouts_76,num_bouts_77,num_bouts_78,num_bouts_79,num_bouts_8,num_bouts_80,num_bouts_81,num_bouts_82,num_bouts_83,num_bouts_84,num_bouts_85,num_bouts_86,num_bouts_87,num_bouts_88,num_bouts_9,num_bouts_90,num_bouts_91,total_duration_0,total_duration_1,total_duration_10,total_duration_11,total_duration_12,total_duration_13,total_duration_14,total_duration_15,total_duration_16,total_duration_17,total_duration_18,total_duration_19,total_duration_2,total_duration_20,total_duration_21,total_duration_22,total_duration_23,total_duration_24,total_duration_25,total_duration_26,total_duration_27,total_duration_28,total_duration_29,total_duration_3,total_duration_30,total_duration_31,total_duration_32,total_duration_33,total_duration_34,total_duration_35,total_duration_36,total_duration_37,total_duration_38,total_duration_39,total_duration_4,total_duration_40,total_duration_41,total_duration_42,total_duration_43,total_duration_44,total_duration_45,total_duration_46,total_duration_47,total_duration_48,total_duration_49,total_duration_5,total_duration_50,total_duration_51,total_duration_52,total_duration_53,total_duration_54,total_duration_55,total_duration_56,total_duration_57,total_duration_58,total_duration_59,total_duration_6,total_duration_60,total_duration_61,total_duration_62,total_duration_63,total_duration_64,total_duration_65,total_duration_66,total_duration_67,total_duration_68,total_duration_69,total_duration_7,total_duration_70,total_duration_71,total_duration_72,total_duration_73,total_duration_74,total_duration_75,total_duration_76,total_duration_77,total_duration_78,total_duration_79,total_duration_8,total_duration_80,total_duration_81,total_duration_82,total_duration_83,total_duration_84,total_duration_85,total_duration_86,total_duration_87,total_duration_88,total_duration_9,total_duration_90,total_duration_91,transition_matrix_kpms_dendrogram_0_kpms_dendrogram_1,transition_matrix_kpms_dendrogram_0_kpms_dendrogram_2,transition_matrix_kpms_dendrogram_0_kpms_dendrogram_3,transition_matrix_kpms_dendrogram_0_kpms_dendrogram_4,transition_matrix_kpms_dendrogram_1_kpms_dendrogram_0,transition_matrix_kpms_dendrogram_1_kpms_dendrogram_2,transition_matrix_kpms_dendrogram_1_kpms_dendrogram_3,transition_matrix_kpms_dendrogram_1_kpms_dendrogram_4,transition_matrix_kpms_dendrogram_2_kpms_dendrogram_0,transition_matrix_kpms_dendrogram_2_kpms_dendrogram_1,transition_matrix_kpms_dendrogram_2_kpms_dendrogram_3,transition_matrix_kpms_dendrogram_2_kpms_dendrogram_4,transition_matrix_kpms_dendrogram_3_kpms_dendrogram_0,transition_matrix_kpms_dendrogram_3_kpms_dendrogram_1,transition_matrix_kpms_dendrogram_3_kpms_dendrogram_2,transition_matrix_kpms_dendrogram_3_kpms_dendrogram_4,transition_matrix_kpms_dendrogram_4_kpms_dendrogram_0,transition_matrix_kpms_dendrogram_4_kpms_dendrogram_1,transition_matrix_kpms_dendrogram_4_kpms_dendrogram_2,transition_matrix_kpms_dendrogram_4_kpms_dendrogram_3
0,NV15-B7B8__2020-10-27__DO-40-2181,3.26123046875,3.1409495548961424,4.333333333333333,4.805194805194805,10.194931773879144,5.623161764705882,7.090909090909091,10.532710280373832,7.666666666666667,4.0,8.564593301435407,10.82511210762332,1.932716568544996,11.272727272727272,10.107462686567164,6.095238095238095,1.0,11.863247863247864,2.0,17.285302593659942,11.123076923076924,6.750809061488673,0.0,1.0,23.503968253968253,93.14285714285714,23.407582938388625,11.26479750778816,7.532258064516129,38.45614035087719,15.15,37.642857142857146,1.503875968992248,10.488095238095235,2.6666666666666665,51.172413793103445,2.306666666666666,49.29545454545455,3.458333333333333,15.969072164948454,16.26829268292683,1.5833333333333333,2.601503759398496,13.097014925373134,3.3529411764705883,4.0,1.1428571428571428,4.352941176470588,1.1111111111111112,2.5,7.0,1.09375,0.0,1.0,21.5,1.5555555555555556,3.0,38.91666666666666,2.6666666666666665,3.75,1.25,2.3461538461538463,1.2432432432432432,1.5,0.0,1.5,1.0,7.873963515754561,1.03125,2.333333333333333,3.0,1.0,1.0,1.0,4.75,1.0,8.75,2.0,8.036269430051814,0.0,8.4,1.25,0.0,0.0,8.666666666666666,12.0,0.0,0.0,5.960199004975125,2.333333333333333,0.0,0.1682156449716983,-0.1664049630854068,-0.0782778749438113,-0.1144422155080679,0.0199018861990838,-0.0550014409305085,0.056364739717626,-0.0300396826822571,0.1230614258022785,-0.2056639078825949,0.2888270601138179,-0.0115148378853698,0.4314035703442079,-0.4698851852192591,-0.0184717240744625,-0.0847807760137584,-0.0065320961264658,-0.1343626195629017,0.0659199982298014,-0.0199352571361963,0.1477628606274623,-0.1957817687376379,0.2943759937045603,-0.0094896495166076,1.1096295424961,1.093607615733709,0.6738572167660779,0.9636678636722368,1.421397125209002,1.0676759566778011,1.1377248578436876,0.7015828097363208,0.8823763926839926,0.6980863164426835,0.8669862823955784,0.7172317675000499,2048,2022,3,539,513,544,11,321,15,1,418,446,1189,11,335,21,1,468,3,347,260,309,0,1,252,7,211,321,186,171,20,42,129,84,3,29,75,44,24,97,82,96,133,134,34,2,49,17,36,62,12,32,0.0,15,4,9,2,12,3,4,16,26,37,20,0,4,19,603,32,3,13,2,1,2,8,9,4,1.0,579,0.0,5,12,0.0,0,6,1,0,0.0,603,3,0,6679.0,6351.0,13.0,2590.0,5230.0,3059.0,78.0,3381.0,115.0,4.0,3580.0,4828.0,2298.0,124.0,3386.0,128.0,1.0,5552.0,6.0,5998.0,2892.0,2086.0,0.0,1.0,5923.0,652.0,4939.0,3616.0,1401.0,6576.0,303.0,1581.0,194.0,881.0,8.0,1484.0,173.0,2169.0,83.0,1549.0,1334.0,152.0,346.0,1755.0,114.0,8.0,56.0,74.0,40.0,155.0,84.0,35.0,0.0,15.0,86.0,14.0,6.0,467.0,8.0,15.0,20.0,61.0,46.0,30.0,0.0,6.0,19.0,4748.0,33.0,7.0,39.0,2.0,1.0,2.0,38.0,9.0,35.0,2.0,4653.0,0.0,42.0,15.0,0.0,0.0,52.0,12.0,0.0,0.0,3594.0,7.0,0.0,0.5528089887640449,0.447191011235955,0.0,0.0,0.2225932109070673,0.7757373400111297,0.0,0.001669449081803,0.0298359025360517,0.7851815017404277,0.017901541521631,0.1670810542018896,0.0,0.0,0.5559322033898305,0.4440677966101695,0.0,0.0109890109890109,0.4153846153846154,0.5736263736263736
1,NV15-B7B8__2020-07-28__DO-2D-4184,1.7465564738292012,3.351123595505618,10.17142857142857,4.505226480836237,11.085714285714284,5.982352941176471,8.701754385964913,13.020120724346077,8.192307692307692,16.333333333333332,7.186046511627907,9.319444444444445,3.362862010221465,8.576923076923077,17.261324041811847,7.55,3.0,8.186440677966102,5.8,20.976608187134502,11.6970509383378,6.070967741935484,0.0,2.2857142857142856,21.64516129032258,83.21052631578948,17.708333333333332,11.071428571428571,8.0,65.73121387283237,4.666666666666667,88.91503267973856,1.3692307692307693,13.3302752293578,4.423076923076923,156.47058823529412,3.333333333333333,98.06716417910448,3.0,16.64864864864865,28.98507462686567,1.8656716417910448,3.064516129032258,14.461538461538462,5.704545454545454,2.0,1.0,3.071428571428572,1.027027027027027,1.0,8.75,1.0,0.0,1.0,34.76923076923077,1.0,5.388888888888889,181.52631578947367,1.25,0.0,1.0,2.4,1.1428571428571428,0.0,1.0,1.0,1.0,7.426439232409382,1.0,0.0,0.0,1.0,0.0,1.0,1.8571428571428568,1.5,14.0,0.0,8.951690821256038,0.0,6.0,0.0,1.0,1.0,10.333333333333334,0.0,1.0,0.0,5.473684210526316,0.0,218.0,0.4793977778074126,0.4391084898844091,0.0563345540722239,-0.0633223607687278,-0.481342416225031,0.2301203923374067,-0.2289631994545515,0.261780839572007,0.1158111810115693,0.1726299078928731,0.3396410705068378,0.196136909679364,0.675302068458865,0.374067738455322,0.0692003595508139,-0.0709352303073504,-0.4425580442156041,0.221687404806635,-0.2397286391223335,0.2567845577446095,0.1163607479705282,0.2117975726168584,0.3471836948316428,0.1974378426981466,0.8070526987913746,1.0954960609879802,0.4329206207280059,0.7508157286570716,0.6200746580782582,0.6996807958588174,0.4214944212972199,0.4420722619900097,0.9531746929242776,0.5346888073597129,0.4626339943287639,0.3942292584681818,726,712,35,287,70,170,57,497,26,36,43,72,587,26,287,20,1,59,35,171,373,155,0,7,31,38,48,14,27,346,3,153,65,109,26,34,9,134,3,37,67,67,31,26,44,2,2,14,37,5,4,8,0.0,1,13,11,18,19,4,0,9,20,7,0,9,2,4,469,1,0,0,4,0,43,7,4,1,0.0,207,0.0,1,0,6.0,1,3,0,1,0.0,95,0,1,1268.0,2386.0,356.0,1293.0,776.0,1017.0,496.0,6471.0,213.0,588.0,309.0,671.0,1974.0,223.0,4954.0,151.0,3.0,483.0,203.0,3587.0,4363.0,941.0,0.0,16.0,671.0,3162.0,850.0,155.0,216.0,22743.0,14.0,13604.0,89.0,1453.0,115.0,5320.0,30.0,13141.0,9.0,616.0,1942.0,125.0,95.0,376.0,251.0,4.0,2.0,43.0,38.0,5.0,35.0,8.0,0.0,1.0,452.0,11.0,97.0,3449.0,5.0,0.0,9.0,48.0,8.0,0.0,9.0,2.0,4.0,3483.0,1.0,0.0,0.0,4.0,0.0,43.0,13.0,6.0,14.0,0.0,1853.0,0.0,6.0,0.0,6.0,1.0,31.0,0.0,1.0,0.0,520.0,0.0,218.0,0.6282051282051282,0.3717948717948718,0.0,0.0,0.0896805896805896,0.8796068796068796,0.0049140049140049,0.0257985257985257,0.0050100200400801,0.7474949899799599,0.0310621242484969,0.2164328657314629,0.0,0.0136986301369863,0.2808219178082192,0.7054794520547946,0.0,0.0349907918968692,0.2007366482504604,0.7642725598526704
2,NV15-B7B8__2020-07-28__DO-20-1187,2.8329166666666667,2.7442622950819677,3.6666666666666665,6.420289855072464,7.454301075268817,5.274064171122995,5.666666666666667,9.268138801261829,4.0,8.5,6.8375,9.005571030640668,3.299676375404531,6.6,11.410891089108912,10.0,0.0,10.911111111111111,2.0,14.130750605326876,8.229268292682926,8.135699373695198,0.0,1.0,18.488505747126435,4.0,18.31979695431472,10.912396694214875,8.673684210526316,18.496062992125985,3.0,36.80769230769231,1.6097560975609757,8.389830508474576,3.0,15.555555555555555,2.91497975708502,28.581818181818186,14.934285714285714,12.391304347826088,22.918367346938776,1.325,2.601941747572816,12.25531914893617,4.22972972972973,0.0,1.3333333333333333,1.2,1.3333333333333333,2.0384615384615383,8.0,1.0,0.0,1.1666666666666667,9.5,2.1666666666666665,2.0,23.5,1.6666666666666667,5.315789473684211,1.0,2.4571428571428573,1.1,2.5,0.0,4.75,1.0,6.5602409638554215,1.5714285714285714,1.0,4.571428571428571,0.0,1.0,0.0,2.588235294117647,1.0,0.0,1.0,7.847432024169184,0.0,5.5,1.5,0.0,4.2,11.75,0.0,4.0,0.0,4.72961373390558,2.75,0.0,0.4692124937665445,-0.3523322244971463,0.0348715533274738,-0.1152324889575083,-0.0789903936554468,-0.1533937835176441,-0.0853388735345394,-0.0616882514462991,-0.0188590297831914,-0.0904340291959935,0.2941367485851165,-0.0169241604779339,0.8131797037433824,-0.6305546419753596,0.0641385307862504,-0.1405538851276277,-0.0372331942659238,-0.1829678121135535,-0.096492993069868,-0.0362867415803494,0.0223745744875889,-0.0960959982970383,0.2907467734893206,-0.0346399850781807,0.9918877522646518,0.9947422004387612,0.8771394370529867,1.960001808020795,1.035331598511942,0.7451050164423636,0.6069277652580742,0.5377925982528884,0.8307486933732446,0.6934297595933575,0.6235404871265988,0.6064287670327775,2400,2135,3,414,372,748,3,317,5,2,560,359,1545,5,404,1,0,720,2,413,205,479,0,1,174,2,197,605,380,127,3,26,41,118,1,9,247,55,350,46,49,40,103,94,74,0,12,5,27,26,4,7,0.0,6,2,6,1,2,3,19,1,70,10,2,0,8,4,830,7,2,7,0,1,0,17,1,0,1.0,662,0.0,4,6,0.0,5,8,0,1,0.0,699,4,0,6799.0,5859.0,11.0,2658.0,2773.0,3945.0,17.0,2938.0,20.0,17.0,3829.0,3233.0,5098.0,33.0,4610.0,10.0,0.0,7856.0,4.0,5836.0,1687.0,3897.0,0.0,1.0,3217.0,8.0,3609.0,6602.0,3296.0,2349.0,9.0,957.0,66.0,990.0,3.0,140.0,720.0,1572.0,5227.0,570.0,1123.0,53.0,268.0,1152.0,313.0,0.0,16.0,6.0,36.0,53.0,32.0,7.0,0.0,7.0,19.0,13.0,2.0,47.0,5.0,101.0,1.0,172.0,11.0,5.0,0.0,38.0,4.0,5445.0,11.0,2.0,32.0,0.0,1.0,0.0,44.0,1.0,0.0,1.0,5195.0,0.0,22.0,9.0,0.0,21.0,94.0,0.0,4.0,0.0,3306.0,11.0,0.0,0.54,0.46,0.0,0.0,0.1505736137667304,0.8408221797323135,0.0,0.008604206500956,0.0195344970906068,0.7684954280964256,0.0095594347464671,0.2024106400665004,0.0,0.012396694214876,0.5743801652892562,0.4132231404958678,0.0,0.0335429769392033,0.490566037735849,0.4758909853249476
3,LL6-B2B__2019-12-23_SPD__LL6-2_AgedB6-0432,2.2,1.5,11.256842105263155,3.588235294117647,11.245098039215684,5.125,14.545112781954888,12.21383647798742,10.945652173913045,20.4331983805668,5.5,8.705128205128204,2.5,14.743772241992882,6.0,15.453125,12.706521739130435,1.0,12.015723270440253,20.77777777777778,9.541666666666666,4.9375,14.643153526970954,6.8045197740113,26.02,31.72897196261682,27.181818181818183,4.25,4.0,51.85245901639344,19.93457943925233,58.654545454545456,0.0,23.6,6.868498527968597,43.469026548672566,3.583333333333333,68.21428571428571,0.0,23.6,16.444444444444443,4.5,3.0,2.0,0.0,5.095168374816984,0.0,4.0,1.1428571428571428,4.5,22.33333333333333,0.0,0.0,2.0,31.0,0.0,7.368632707774799,81.16666666666667,1.6,0.0,2.0,9.181818181818182,2.0,0.0,0.0,0.0,0.0,8.666666666666666,1.0,2.0,2.0,0.0,0.0,0.0,7.0,2.0,30.0,0.0,6.583333333333333,0.0,0.0,1.0,0.0,4.5,3.0,0.0,0.0,0.0,5.783783783783784,0.0,51.0,0.0164955633751591,0.1913266724000284,-0.0731122945687467,0.1337950672902634,-0.0006650409043196,-0.0059821299566638,-0.0034095867977893,-0.0205277902208404,-0.0912307284984554,0.0884379739707663,-0.0919734261356947,0.1405966363501497,0.2232590115103483,-0.0043747733170781,-0.0502422827532302,0.1655688659127774,0.0023871489139549,-0.0024753757380696,-0.0049858643139259,-0.0070130123822031,-0.074062318745363,0.0977132117870097,-0.1016904981411909,0.1417503306869838,0.6887675689547431,0.6785259968911556,0.2691807216251458,0.2478661423708525,0.3745121603918079,0.3210271124337836,0.275727585129515,0.2952090931777045,0.3416481930937527,0.2929642177823079,0.3062182392651096,0.2205108490664525,5,4,475,34,102,24,532,159,276,494,44,78,2,281,7,320,368,2,318,9,96,16,241,885,50,214,11,4,7,61,107,165,0,10,1019,113,12,42,0,15,9,2,1,1,0,683,0,11,7,4,6,0,0.0,4,1,0,746,6,5,0,4,11,3,0,0,0,0,9,1,1,1,0,0,0,4,1,1,0.0,12,0.0,0,1,0.0,2,1,0,0,0.0,37,0,1,11.0,6.0,5347.0,122.0,1147.0,123.0,7738.0,1942.0,3021.0,10094.0,242.0,679.0,5.0,4143.0,42.0,4945.0,4676.0,2.0,3821.0,187.0,916.0,79.0,3529.0,6022.0,1301.0,6790.0,299.0,17.0,28.0,3163.0,2133.0,9678.0,0.0,236.0,6999.0,4912.0,43.0,2865.0,0.0,354.0,148.0,9.0,3.0,2.0,0.0,3480.0,0.0,44.0,8.0,18.0,134.0,0.0,0.0,8.0,31.0,0.0,5497.0,487.0,8.0,0.0,8.0,101.0,6.0,0.0,0.0,0.0,0.0,78.0,1.0,2.0,2.0,0.0,0.0,0.0,28.0,2.0,30.0,0.0,79.0,0.0,0.0,1.0,0.0,9.0,3.0,0.0,0.0,0.0,214.0,0.0,51.0,0.8023255813953488,0.1744186046511628,0.0,0.0232558139534883,0.1542857142857142,0.6552380952380953,0.0,0.1904761904761904,0.0045829514207149,0.3574702108157653,0.0027497708524289,0.6351970669110908,0.0,0.0,0.2162162162162162,0.7837837837837838,0.0,0.0844748858447488,0.7922374429223744,0.1232876712328767
4,LL5-B2B__2019-12-23_SPD__LL5-4_AgedB6-0430,2.0,2.0,10.90543259557344,5.647398843930636,11.643564356435643,4.166666666666667,12.591760299625468,12.408163265306122,14.571090047393366,17.6309963099631,5.56989247311828,9.016666666666667,1.0,13.646723646723649,15.857142857142858,12.497297297297298,8.744186046511627,10.0,9.31055900621118,22.07692307692308,9.345794392523365,4.538461538461538,15.757731958762887,5.42014742014742,27.817307692307693,31.16835016835017,22.071428571428573,0.0,5.088888888888889,74.01960784313725,14.431192660550458,38.343434343434346,1.4705882352941178,15.833333333333334,5.528487229862476,56.009756097560974,4.166666666666667,50.52173913043478,2.5,29.14,53.75438596491228,1.0,1.8333333333333333,20.33333333333333,4.071428571428571,6.42443729903537,0.0,2.5384615384615383,1.2258064516129032,1.0,9.655172413793103,0.0,0.0,0.0,42.0,0.0,7.45953002610966,52.79166666666666,2.333333333333333,0.0,2.7777777777777777,3.173076923076923,0.0,0.0,1.0,0.0,0.0,4.846153846153846,1.0,0.0,5.0,0.0,0.0,1.0,1.2222222222222223,0.0,12.5,0.0,8.833333333333334,0.0,15.0,0.0,0.0,3.333333333333333,28.5,0.0,0.0,0.0,4.666666666666667,5.0,0.0,-0.4199925875627519,0.310582267194048,0.0489464831181057,0.0255544273556257,0.0731055038872363,-0.0568878729991676,0.0117565827670246,-0.0338430239536099,-0.2207129127141866,0.1268022386108994,-0.1987817828219014,-0.0030004742026659,-0.2538534545582878,-0.001938264298801,0.0536419804319987,0.1001481821668556,0.0851762963115573,-0.0693147809068255,0.0026222049474995,0.0039529553552705,-0.1570203518868941,0.0734613102347578,-0.1539589367946155,0.0136297495884999,0.7994371823358413,0.8525561845640093,0.3399698467813393,0.3327597405849987,0.3276312053231422,0.3393659454820233,0.2803640217316661,0.3511143451397788,0.4136867223637369,0.4394046783912797,0.382027951769788,0.2500148230390261,4,3,497,173,202,48,267,147,422,271,93,180,2,351,7,370,129,3,161,13,107,26,194,814,104,297,14,0,45,102,109,99,17,18,509,205,30,46,2,50,114,10,6,6,28,622,0,13,31,1,29,0,0.0,0,1,0,383,24,12,0,9,52,0,0,1,0,0,13,1,0,1,0,0,6,9,0,8,0.0,12,0.0,1,0,0.0,3,4,0,0,0.0,42,1,0,8.0,6.0,5420.0,977.0,2352.0,200.0,3362.0,1824.0,6149.0,4778.0,518.0,1623.0,2.0,4790.0,111.0,4624.0,1128.0,30.0,1499.0,287.0,1000.0,118.0,3057.0,4412.0,2893.0,9257.0,309.0,0.0,229.0,7550.0,1573.0,3796.0,25.0,285.0,2814.0,11482.0,125.0,2324.0,5.0,1457.0,6128.0,10.0,11.0,122.0,114.0,3996.0,0.0,33.0,38.0,1.0,280.0,0.0,0.0,0.0,42.0,0.0,2857.0,1267.0,28.0,0.0,25.0,165.0,0.0,0.0,1.0,0.0,0.0,63.0,1.0,0.0,5.0,0.0,0.0,6.0,11.0,0.0,100.0,0.0,106.0,0.0,15.0,0.0,0.0,10.0,114.0,0.0,0.0,0.0,196.0,5.0,0.0,0.8777777777777778,0.1166666666666666,0.0,0.0055555555555555,0.2342857142857143,0.65,0.0,0.1157142857142857,0.0128840436075322,0.4886025768087215,0.0099108027750247,0.4886025768087215,0.0,0.0,0.2868852459016393,0.7131147540983607,0.0,0.0971168437025796,0.7329286798179059,0.1699544764795144
5,NV15-B7B8__2021-01-18__DO-40-2141,2.2897800776196635,2.841677943166441,0.0,5.75,8.235294117647058,5.766355140186916,0.0,8.875,0.0,0.0,5.503496503496503,8.763157894736842,2.416225749559083,1.0,13.066666666666666,2.0,0.0,12.741007194244604,0.0,11.538461538461538,9.333333333333334,6.897435897435898,0.0,0.0,24.133333333333333,186.0,19.393939393939394,14.13265306122449,9.664285714285716,26.0,10.5,38.0,1.0,6.5,0.0,132.5,3.0,26.73333333333333,7.081081081081081,9.0,12.0,1.0,3.125,9.11111111111111,4.5,0.0,0.0,4.75,1.0,0.0,0.0,1.0,0.0,0.0,0.0,0.0,0.0,78.0,1.0,4.5,3.0,0.0,0.0,0.0,0.0,5.0,0.0,6.647540983606557,0.0,0.0,0.0,0.0,0.0,0.0,0.0,1.0,0.0,0.0,7.643835616438356,0.0,0.0,1.0,0.0,3.0,0.0,0.0,0.0,0.0,5.1344537815126055,0.0,0.0,0.2362230849557714,-0.9495638855250716,0.0609598718513859,-0.1210943920147449,0.116884628184349,-0.2123567546421135,0.0039655448835285,-0.0100893755834934,-0.0445514660911157,-0.0726185515476148,0.2129495101170048,-0.0680135590068384,0.2835203275592963,-1.09596850419245,0.1165824314109944,-0.0654790786625261,0.1050924554499212,-0.2062919033769846,-0.0233335374423512,0.0359795394961554,0.0212281457301623,-0.0704698921758641,0.2040483516776427,-0.0597062249337798,0.7608358471002528,0.6267110140204075,0.36258007734469,0.3005340914192094,0.4317217834737601,0.3206605956356362,0.342121544919377,0.3517835324517322,0.4039920670032342,0.3684844546508912,0.3805208026870972,0.2791999614890652,773,739,0,16,51,107,0,8,0,0,143,38,567,1,105,1,0,139,0,39,6,39,0,0,15,1,33,98,140,1,2,1,1,8,0,2,22,15,37,5,1,2,8,9,6,0,0,4,1,0,0,1,0.0,0,0,0,0,1,1,2,4,0,0,0,0,1,0,122,0,0,0,0,0,0,0,1,0,0.0,146,0.0,0,1,0.0,1,0,0,0,0.0,119,0,0,1770.0,2100.0,0.0,92.0,420.0,617.0,0.0,71.0,0.0,0.0,787.0,333.0,1370.0,1.0,1372.0,2.0,0.0,1771.0,0.0,450.0,56.0,269.0,0.0,0.0,362.0,186.0,640.0,1385.0,1353.0,26.0,21.0,38.0,1.0,52.0,0.0,265.0,66.0,401.0,262.0,45.0,12.0,2.0,25.0,82.0,27.0,0.0,0.0,19.0,1.0,0.0,0.0,1.0,0.0,0.0,0.0,0.0,0.0,78.0,1.0,9.0,12.0,0.0,0.0,0.0,0.0,5.0,0.0,811.0,0.0,0.0,0.0,0.0,0.0,0.0,0.0,1.0,0.0,0.0,1116.0,0.0,0.0,1.0,0.0,3.0,0.0,0.0,0.0,0.0,611.0,0.0,0.0,0.5945945945945946,0.4054054054054054,0.0,0.0,0.0527108433734939,0.947289156626506,0.0,0.0,0.0044709388971684,0.9388971684053652,0.0014903129657228,0.0551415797317436,0.0,0.0,0.5,0.5,0.0,0.0833333333333333,0.5833333333333334,0.3333333333333333
6,NV15-B7B8__2020-01-02__DO-20-1098,4.077464788732394,3.340308370044053,6.2,4.03219696969697,8.995983935742972,6.309352517985611,9.2,10.947530864197532,6.0,7.666666666666667,5.386363636363637,8.116751269035532,3.2033639143730888,7.0,11.018587360594797,2.2857142857142856,5.0,10.23125,3.75,17.974137931034484,9.16019417475728,6.089473684210526,0.0,1.0,28.177142857142854,51.75,26.229813664596275,8.91578947368421,4.804878048780488,42.265017667844525,7.333333333333333,70.4186046511628,1.5546875,10.819277108433734,2.0,66.13333333333334,2.389830508474576,69.56281407035176,4.904761904761905,16.75,21.823529411764707,1.556,3.204081632653061,15.97872340425532,2.75,3.5,0.0,6.327659574468085,1.0597014925373134,1.2,8.46875,1.1075949367088609,1.25,1.0,43.89855072463768,1.010989010989011,9.333333333333334,58.516666666666666,1.435897435897436,1.0,1.3985507246376812,2.75,1.1979166666666667,0.0,0.0,5.181818181818182,1.0,7.921610169491525,1.0,1.0,1.0,2.0,0.0,1.0,6.444444444444445,1.1794871794871795,13.214285714285714,0.0,8.304582210242588,0.0,6.0,1.0,0.0,0.0,7.5,6.0,0.0,0.0,5.5,0.0,311.0,0.4630341358522956,1.1067635326391498,0.120170232066186,0.0471630173026013,-0.672325749581464,0.4149031375278604,0.1142950755675246,-0.1851659402869662,0.6916017148451811,-0.7692564445684461,0.2571735714502808,0.0654612289383282,0.7821697280948612,0.0014062369839248,0.0612294868096233,-0.0584362742468809,-0.1976058165337321,0.0820817243701921,-0.0939763713839276,0.0560898033227766,0.0574792153031582,-0.0420851788792115,0.2393991392763984,0.0166831669510805,2.2494008506906336,3.572303022820979,1.3399385846073235,1.3170507353932286,2.419255523555567,1.538539104542804,1.8904824845245969,1.9955803434101824,2.574241967727697,3.0472997223201017,1.6313453601362429,0.9284910178350246,852,908,5,1056,249,278,10,324,10,3,132,197,654,7,269,7,1,160,8,232,206,190,0,1,175,8,161,95,41,283,3,43,384,166,1,30,59,199,21,44,119,250,49,47,16,2,0,235,134,5,32,158,16.0,9,207,91,3,60,39,1,138,8,96,0,0,11,3,472,1,1,2,1,0,6,9,117,14,0.0,371,0.0,5,1,0.0,0,2,1,0,0.0,308,0,1,3474.0,3033.0,31.0,4258.0,2240.0,1754.0,92.0,3547.0,60.0,23.0,711.0,1599.0,2095.0,49.0,2964.0,16.0,5.0,1637.0,30.0,4170.0,1887.0,1157.0,0.0,1.0,4931.0,414.0,4223.0,847.0,197.0,11961.0,22.0,3028.0,597.0,1796.0,2.0,1984.0,141.0,13843.0,103.0,737.0,2597.0,389.0,157.0,751.0,44.0,7.0,0.0,1487.0,142.0,6.0,271.0,175.0,20.0,9.0,9087.0,92.0,28.0,3511.0,56.0,1.0,193.0,22.0,115.0,0.0,0.0,57.0,3.0,3739.0,1.0,1.0,2.0,2.0,0.0,6.0,58.0,138.0,185.0,0.0,3081.0,0.0,30.0,1.0,0.0,0.0,15.0,6.0,0.0,0.0,1694.0,0.0,311.0,0.57,0.43,0.0,0.0,0.1830265848670756,0.810838445807771,0.0010224948875255,0.0051124744376278,0.0308544303797468,0.6954113924050633,0.057753164556962,0.2159810126582278,0.0,0.0,0.5587188612099644,0.4412811387900356,0.0,0.0463215258855585,0.3133514986376022,0.6403269754768393
7,NV15-B7B8__2020-01-02__DO-20-1097,3.012671059300557,3.258859784283513,5.625,4.784776902887139,8.906172839506173,6.6869565217391305,7.5,8.936936936936936,6.714285714285714,5.0,7.879598662207358,10.134375,3.292783505154639,6.444444444444445,12.660753880266077,5.666666666666667,0.0,10.83720930232558,4.363636363636363,16.0,9.24698795180723,8.072649572649572,0.0,2.0,36.67132867132867,54.66666666666666,28.36868686868687,10.713286713286712,7.484662576687117,35.70909090909091,6.0,51.36065573770492,1.4755244755244756,10.51578947368421,1.5,50.31707317073171,2.814814814814815,61.20276497695853,5.103448275862069,22.231884057971016,17.548780487804876,1.7142857142857142,3.3297872340425534,13.33783783783784,7.666666666666667,5.0,1.0,4.473684210526316,1.0476190476190477,2.6666666666666665,13.62962962962963,1.088235294117647,0.0,0.0,13.77777777777778,1.0,5.0,47.75,1.3,1.0,1.5277777777777777,5.571428571428571,1.0,0.0,0.0,9.0,1.0,8.206837606837606,0.0,1.0,2.6666666666666665,0.0,1.0,0.0,3.0,1.0,5.0,0.0,9.417495029821074,3.0,7.5,1.5,0.0,0.0,7.0,4.0,0.0,0.0,5.236666666666666,0.0,0.0,0.3964095345203808,-0.6396978728266969,0.182341458327612,-0.2053017360742629,-0.2064861424242131,0.1633979395943967,-0.0910472096414631,-0.069046231158778,0.3202127117896363,-0.2492445408489376,0.2199355501043871,-0.0060691902788523,0.826572415552491,-0.8903817694064469,0.1931101893958124,-0.2017413066219699,-0.2118767692775993,0.1025951157789764,-0.0827758876311958,0.0148988158150291,0.3340113651705163,-0.2180219836124557,0.2221383575678965,-0.0374653988376385,1.2466001050825817,1.1876088128272697,0.6556622109852613,0.7918733974729685,0.6720947020730621,0.6246192758543523,0.8392817144519495,1.6127959185359495,0.7117610684638606,0.8851736064096738,0.85437713837514,0.7910610355154464,1973,1947,8,381,405,230,16,222,14,2,299,320,1455,9,451,24,0,172,11,213,166,234,0,2,286,9,198,143,163,110,2,61,143,190,4,41,27,217,29,69,82,84,94,74,36,1,1,19,21,12,27,68,0.0,0,9,24,1,8,10,1,36,14,15,0,0,17,1,585,0,1,3,0,1,0,11,35,1,0.0,503,1.0,6,2,0.0,0,2,1,0,0.0,300,0,0,5944.0,6345.0,45.0,1823.0,3607.0,1538.0,120.0,1984.0,94.0,10.0,2356.0,3243.0,4791.0,58.0,5710.0,136.0,0.0,1864.0,48.0,3408.0,1535.0,1889.0,0.0,4.0,10488.0,492.0,5617.0,1532.0,1220.0,3928.0,12.0,3133.0,211.0,1998.0,6.0,2063.0,76.0,13281.0,148.0,1534.0,1439.0,144.0,313.0,987.0,276.0,5.0,1.0,85.0,22.0,32.0,368.0,74.0,0.0,0.0,124.0,24.0,5.0,382.0,13.0,1.0,55.0,78.0,15.0,0.0,0.0,153.0,1.0,4801.0,0.0,1.0,8.0,0.0,1.0,0.0,33.0,35.0,5.0,0.0,4737.0,3.0,45.0,3.0,0.0,0.0,14.0,4.0,0.0,0.0,1571.0,0.0,0.0,0.7015384615384616,0.2984615384615384,0.0,0.0,0.1517587939698492,0.8417085427135679,0.0010050251256281,0.0055276381909547,0.0226266601082144,0.868175110673881,0.0093457943925233,0.0998524348253812,0.0,0.0053763440860215,0.4838709677419355,0.510752688172043,0.0,0.0610169491525423,0.3525423728813559,0.5864406779661017
8,NV15-B7B8__2020-01-02__DO-20-1100,2.711398090960135,2.6399286987522284,9.333333333333334,3.839122486288848,8.893909626719058,5.809768637532134,7.866666666666666,9.246913580246911,7.5,6.0,7.505454545454546,10.06941431670282,2.869305451829724,7.0588235294117645,12.308080808080808,5.0,0.0,11.076023391812866,3.0,15.172661870503598,10.656603773584903,7.967213114754099,0.0,2.5,25.140401146131804,75.86666666666666,18.12169312169312,10.806930693069306,6.948905109489052,36.34449760765551,9.125,44.96825396825397,1.3806451612903226,11.153846153846152,2.0,58.27536231884058,3.38,45.56521739130435,8.097560975609756,17.116504854368934,20.382608695652173,1.6715328467153283,2.972413793103448,11.20388349514563,6.12,0.0,1.0,3.9375,1.6153846153846154,2.076923076923077,7.7894736842105265,1.0793650793650793,0.0,1.0,16.076923076923077,1.08,2.75,55.2,3.3230769230769237,6.857142857142857,1.6923076923076923,3.333333333333333,1.5846153846153843,1.0,1.0,3.0,1.0,6.772626931567329,1.0,1.2,1.0,1.0,1.0,1.0,3.2962962962962963,1.1923076923076923,16.0,0.0,9.666034155597725,0.0,11.75,1.181818181818182,0.0,2.6,10.22222222222222,0.0,1.0,0.0,5.35214446952596,3.333333333333333,0.0,0.0258446372391901,-0.103266402898027,-0.1406342037713179,-0.0711891105662114,-0.1092462728981883,-0.0177915553586584,0.0650270333090626,0.1043168500344734,0.1364202410773268,-0.1198299418659298,0.3213874451583238,-0.0825623695067977,0.319775513128148,-0.5091728936378829,-0.0442574957769258,-0.044879890371727,-0.0326957416629529,-0.1110847369920914,0.0619652274025931,0.0799923659910576,0.1294427720609952,-0.1191987819758499,0.2759399933732452,-0.0947092268414932,1.2999018617689813,1.3034770397127995,0.9903695774911484,0.8860269165182585,1.4821838267357057,0.8140582341466653,0.8566105456019922,0.8302942398049203,0.9593002916131342,0.8915114293714403,1.1545306693888044,0.5036508147667679,1781,1683,9,547,509,389,15,324,12,3,275,461,1339,17,396,24,0,342,3,278,265,244,0,2,349,15,189,202,137,209,8,63,155,65,1,69,100,138,82,103,115,137,145,103,25,0,8,48,130,26,19,63,0.0,12,13,25,4,10,65,7,52,18,65,1,1,1,1,453,2,5,2,1,3,3,27,52,3,0.0,527,0.0,4,11,0.0,5,9,0,1,0.0,443,3,0,4829.0,4443.0,84.0,2100.0,4527.0,2260.0,118.0,2996.0,90.0,18.0,2064.0,4642.0,3842.0,120.0,4874.0,120.0,0.0,3788.0,9.0,4218.0,2824.0,1944.0,0.0,5.0,8774.0,1138.0,3425.0,2183.0,952.0,7596.0,73.0,2833.0,214.0,725.0,2.0,4021.0,338.0,6288.0,664.0,1763.0,2344.0,229.0,431.0,1154.0,153.0,0.0,8.0,189.0,210.0,54.0,148.0,68.0,0.0,12.0,209.0,27.0,11.0,552.0,216.0,48.0,88.0,60.0,103.0,1.0,1.0,3.0,1.0,3068.0,2.0,6.0,2.0,1.0,3.0,3.0,89.0,62.0,48.0,0.0,5094.0,0.0,47.0,13.0,0.0,13.0,92.0,0.0,1.0,0.0,2371.0,10.0,0.0,0.6939655172413793,0.3060344827586206,0.0,0.0,0.2312138728323699,0.765633210719916,0.000525486074619,0.0026274303730951,0.0187891440501043,0.8157620041753654,0.0234864300626304,0.1419624217118998,0.0,0.0070671378091872,0.4558303886925795,0.5371024734982333,0.0,0.0214477211796246,0.3136729222520107,0.6648793565683646
9,NV15-B7B8__2020-01-02__DO-40-2107,2.536697247706422,2.5790378006872854,8.75,4.545454545454546,9.41733870967742,5.628361858190709,4.5,10.180212014134275,9.37037037037037,6.0,6.563169164882227,8.408450704225352,2.367673179396093,6.333333333333333,9.648484848484848,4.904761904761905,0.0,9.454545454545457,5.0,12.3399209486166,9.884057971014492,7.219298245614035,0.0,1.5,29.430232558139537,25.6,20.116504854368934,9.122448979591836,7.015151515151516,29.90322580645161,7.333333333333333,37.1063829787234,2.0,8.419753086419753,2.5,65.69090909090909,3.28099173553719,50.257777777777775,8.080168776371307,12.0,22.923076923076923,1.3333333333333333,2.833333333333333,13.170212765957446,6.533333333333333,4.0,0.0,4.209302325581396,1.96875,3.6666666666666665,6.555555555555555,1.0,1.0,1.6363636363636365,0.0,1.0,4.0,92.66666666666669,2.8545454545454545,17.682098765432098,1.9318181818181817,1.75,1.4745762711864407,0.0,0.0,5.0,0.0,6.515202702702703,0.0,0.0,1.0,1.0,0.0,0.0,3.5294117647058822,1.75,5.0,0.0,8.859424920127795,26.375,0.0,1.5,0.0,2.5,2.0,0.0,1.0,0.0,5.6909090909090905,1.0,0.0,0.4127408442865408,-0.6377086097710277,-0.0024479290711482,-0.053128382530676,0.092052609128503,-0.0967696431622608,0.0197902077595082,-0.0029654764711509,0.0142597889953361,-0.0555087493770285,0.1984385099347223,-0.0252725372088464,0.6960705365998047,-0.9013884618626582,0.0045021312062063,-0.0299186507301336,0.0951999877626685,-0.1235555786366107,0.0024218717367655,0.0431630713932257,0.021557010595337,-0.0320724514862364,0.156435427803957,5.615991823350319e-05,1.2724048814448867,1.0493389697826687,0.7847817220714438,0.6082736284481907,0.8381355514798486,0.6551855869516655,0.5620627236872323,1.1622202737703498,0.890032606234198,0.8996852563609856,1.2789958525832477,0.6691940458337438,2398,2328,8,99,496,409,14,283,27,2,467,355,1689,12,495,21,0,275,7,253,207,342,0,2,258,5,206,147,330,124,3,47,6,81,4,55,121,225,237,43,13,3,30,47,15,1,0,43,96,3,9,2,1.0,11,0,7,2,3,110,324,44,8,59,0,0,1,0,592,0,0,1,2,0,0,17,8,1,0.0,626,8.0,0,6,0.0,4,1,0,1,0.0,495,2,0,6083.0,6004.0,70.0,450.0,4671.0,2302.0,63.0,2881.0,253.0,12.0,3065.0,2985.0,3999.0,76.0,4776.0,103.0,0.0,2600.0,35.0,3122.0,2046.0,2469.0,0.0,3.0,7593.0,128.0,4144.0,1341.0,2315.0,3708.0,22.0,1744.0,12.0,682.0,10.0,3613.0,397.0,11308.0,1915.0,516.0,298.0,4.0,85.0,619.0,98.0,4.0,0.0,181.0,189.0,11.0,59.0,2.0,1.0,18.0,0.0,7.0,8.0,278.0,314.0,5729.0,85.0,14.0,87.0,0.0,0.0,5.0,0.0,3857.0,0.0,0.0,1.0,2.0,0.0,0.0,60.0,14.0,5.0,0.0,5546.0,211.0,0.0,9.0,0.0,10.0,2.0,0.0,1.0,0.0,2817.0,2.0,0.0,0.6580976863753213,0.3419023136246786,0.0,0.0,0.167487684729064,0.8231079265562025,0.0013434841021047,0.0080609046126287,0.0114472608340147,0.8254292722812756,0.0053147996729354,0.1578086672117743,0.0,0.0087336244541484,0.6026200873362445,0.388646288209607,0.0,0.0413223140495867,0.3608815426997245,0.5977961432506887
10,NV15-B7B8__2021-02-04__DO-40-2184,3.2503612716763004,2.619446772841576,5.0,4.639566395663957,7.223255813953489,5.673302107728337,2.333333333333333,9.209219858156027,7.222222222222222,0.0,6.918149466192171,8.139072847682119,3.1328790459965927,7.0,9.046218487394958,5.428571428571429,0.0,10.771117166212534,0.0,10.733870967741936,7.810344827586207,8.767660910518053,0.0,0.0,22.610169491525426,0.0,24.73913043478261,10.3006993006993,10.282157676348548,37.0625,9.642857142857142,45.41176470588236,1.4550264550264551,8.794871794871796,7.0,44.0,3.2309278350515465,30.307692307692307,11.47108843537415,17.125,9.63265306122449,1.5319148936170213,2.392857142857143,8.612903225806452,2.9347826086956523,0.0,0.0,3.3392857142857144,1.3893129770992367,1.0,6.838709677419355,1.1428571428571428,1.824561403508772,0.0,9.25,1.0,1.0,7.0,1.6477272727272727,6.333333333333333,2.057142857142857,1.9836065573770487,1.346938775510204,0.0,0.0,4.655172413793103,0.0,6.021782178217822,0.0,1.0,2.7142857142857144,1.0,0.0,1.0,5.051948051948052,1.6726618705035972,7.041666666666667,0.0,7.76063829787234,3.1818181818181817,0.0,1.3333333333333333,0.0,2.5,10.875,5.5,1.5961538461538465,3.0,5.375894988066825,6.0,0.0,0.7179640403978101,-0.4867193931828112,-0.255272100047677,0.2537824134942251,0.054471682261711,-0.2297178251997073,0.1450179342136215,0.1104963036839615,0.3469281367425213,-0.2116288388929409,0.4551692454222119,-0.144272333374017,0.9528657426323422,-0.7367117155760238,0.0081100255379127,-0.0683352494487499,0.0726615279344287,-0.2494257559623111,0.1558746333860714,-0.077289404898987,0.1483650999575421,-0.1669845802957253,0.120768347406683,-0.206710036798889,1.0562926659043872,1.1281488660347676,1.5051020946103986,2.418068091001779,0.831254237334861,0.7021762307074036,0.4916617884025339,1.8301833815852209,1.8096807282491336,2.162303212637472,1.977356613647494,0.7766421241798463,2768,2386,2,1107,215,854,3,282,9,0,562,151,1761,4,238,7,0,734,0,248,174,637,0,0,59,0,138,572,482,96,14,17,189,78,1,2,485,26,588,8,49,141,28,31,46,0,0,56,131,2,155,14,171.0,0,4,8,1,1,88,30,70,61,49,0,0,29,0,505,0,3,14,4,0,1,231,278,48,0.0,564,11.0,0,3,0.0,8,8,2,52,1.0,838,3,0,8997.0,6250.0,10.0,5136.0,1553.0,4845.0,7.0,2597.0,65.0,0.0,3888.0,1229.0,5517.0,28.0,2153.0,38.0,0.0,7906.0,0.0,2662.0,1359.0,5585.0,0.0,0.0,1334.0,0.0,3414.0,5892.0,4956.0,3558.0,135.0,772.0,275.0,686.0,7.0,88.0,1567.0,788.0,6745.0,137.0,472.0,216.0,67.0,267.0,135.0,0.0,0.0,187.0,182.0,2.0,1060.0,16.0,312.0,0.0,37.0,8.0,1.0,7.0,145.0,190.0,144.0,121.0,66.0,0.0,0.0,135.0,0.0,3041.0,0.0,3.0,38.0,4.0,0.0,1.0,1167.0,465.0,338.0,0.0,4377.0,35.0,0.0,4.0,0.0,20.0,87.0,11.0,83.0,3.0,4505.0,18.0,0.0,0.4189189189189189,0.581081081081081,0.0,0.0,0.0616091954022988,0.9209195402298852,0.0004597701149425,0.0170114942528735,0.0091508052708638,0.7580527086383602,0.0098828696925329,0.222913616398243,0.0,0.0193236714975845,0.642512077294686,0.3381642512077294,0.0,0.0315581854043392,0.5996055226824457,0.368836291913215
11,NV15-B7B8__2021-02-04__DO-40-2181,3.365528072241853,3.129615082482325,10.0,6.80827067669173,8.681818181818182,5.577127659574468,5.0,10.99814126394052,6.2,2.0,7.792553191489362,10.321329639889196,1.8590369853454287,7.4,10.365650969529083,4.363636363636363,0.0,12.646525679758309,2.7142857142857144,16.668235294117647,10.25263157894737,7.079913606911447,0.0,0.0,17.611464968152866,45.25,15.373626373626374,11.16101694915254,6.579787234042553,27.317391304347822,12.866666666666667,27.682926829268293,1.4705882352941178,10.061728395061728,0.0,27.92,2.4791666666666665,33.42857142857143,3.947368421052632,14.084507042253522,18.02777777777778,1.6538461538461535,3.0,12.064102564102564,5.521739130434782,0.0,1.0,5.947368421052632,1.0,1.7826086956521738,7.666666666666667,1.05,1.0,1.0,3.5,1.0,0.0,71.2,1.0,3.333333333333333,1.4210526315789471,1.95,1.1,1.0,0.0,3.375,1.0,7.061692969870875,0.0,0.0,0.0,0.0,0.0,0.0,1.7777777777777777,1.1428571428571428,7.6,0.0,8.53888888888889,0.0,5.222222222222222,1.0,0.0,0.0,6.7,1.0,0.0,0.0,5.636231884057971,2.0,0.0,0.4233806011900713,-0.0923750898329078,-0.1664608468678139,-0.096114334660113,-0.0011607981899633,-0.1135466399022501,0.0647781540539779,0.0411194164555944,0.0774310794477833,-0.0953360240539757,0.3775031758522643,-0.050478095480837,0.661189259933375,-0.43569287469789,-0.0960818316200405,-0.0477581594432189,-0.0105644854640573,-0.1919606950541616,0.0595116959392857,0.046654226472837,0.1050224756141079,-0.095916610429933,0.3759018191595196,-0.0348608554443956,0.8852173575758374,1.1380409148657258,0.4819176832384877,0.7535791614034159,1.0002902233268245,0.5858711429301906,0.5588106073332207,0.4276494329377137,0.6226173242439791,0.6776470507854055,0.5652412157765122,0.341756236096905,2547,2546,3,266,396,752,5,538,5,1,376,361,1433,5,361,11,0,662,7,425,380,463,0,0,157,4,182,354,188,230,30,41,51,81,0,25,96,21,38,71,36,26,100,78,23,0,10,19,6,23,9,20,3.0,1,2,7,0,5,2,3,19,20,10,1,0,8,1,697,0,0,0,0,0,0,9,7,5,0.0,720,0.0,9,1,0.0,0,10,1,0,0.0,690,1,0,8572.0,7968.0,30.0,1811.0,3438.0,4194.0,25.0,5917.0,31.0,2.0,2930.0,3726.0,2664.0,37.0,3742.0,48.0,0.0,8372.0,19.0,7084.0,3896.0,3278.0,0.0,0.0,2765.0,181.0,2798.0,3951.0,1237.0,6283.0,386.0,1135.0,75.0,815.0,0.0,698.0,238.0,702.0,150.0,1000.0,649.0,43.0,300.0,941.0,127.0,0.0,10.0,113.0,6.0,41.0,69.0,21.0,3.0,1.0,7.0,7.0,0.0,356.0,2.0,10.0,27.0,39.0,11.0,1.0,0.0,27.0,1.0,4922.0,0.0,0.0,0.0,0.0,0.0,0.0,16.0,8.0,38.0,0.0,6148.0,0.0,47.0,1.0,0.0,0.0,67.0,1.0,0.0,0.0,3889.0,2.0,0.0,0.4404432132963989,0.5595567867036011,0.0,0.0,0.168,0.829,0.0015,0.0015,0.0153272576636288,0.7593206296603149,0.0194697597348798,0.2058823529411764,0.0,0.0095238095238095,0.5666666666666667,0.4238095238095238,0.0,0.0262345679012345,0.3734567901234568,0.6003086419753086
12,NV14-B7B8__2021-01-18__DO-20-1136,3.1877133105802047,3.301038062283737,8.2,5.0,12.0,7.888888888888889,9.083333333333334,10.736842105263158,5.571428571428571,12.857142857142858,6.0,10.642857142857142,3.1333333333333333,6.444444444444445,11.06896551724138,5.4,4.0,2.5,4.5,26.125,9.8,5.166666666666667,3.0,3.2,21.272727272727277,126.6923076923077,13.375,6.75,3.933333333333333,29.666666666666668,0.0,231.3125,1.0,7.333333333333333,3.4,191.20833333333331,2.25,113.66666666666669,2.5,2.0,13.0,0.0,0.0,11.0,0.0,3.0,0.0,2.0,1.25,0.0,15.0,1.0,0.0,0.0,0.0,0.0,6.0,153.5,3.0,0.0,0.0,0.0,1.5,0.0,0.0,1.0,0.0,5.475,0.0,5.0,0.0,0.0,0.0,0.0,3.0,3.0,0.0,0.0,12.903225806451612,0.0,0.0,0.0,0.0,0.0,0.0,0.0,3.333333333333333,0.0,3.75,0.0,0.0,0.1882676234481227,-0.4732462112746446,0.2238346949276952,-0.1731424320152626,-0.4216398489955512,0.1188608266205378,-0.0488499347450724,0.095698619469424,0.2434591567920062,-0.122445670437549,0.1707049964591589,-0.0300767389116226,0.4319478432005036,-0.9166514084103246,0.2630272090424496,-0.1768272160326674,-0.4460389691351603,0.109818160484008,-0.1079421066214847,0.0352229134603303,0.2574061138750939,-0.1148750442115165,0.1773101678714246,-0.0381478464951761,0.9493626430148884,0.8166548147079808,0.9783624565671802,0.769411528382786,0.4479781623748898,0.3966073898901836,0.7064654469383091,0.9810246829755612,0.7735902343501752,0.759826132538568,1.1163875450560308,0.4159465335391097,293,289,10,12,27,18,12,19,7,7,27,28,225,9,29,15,1,2,2,8,20,12,1,5,11,13,8,4,15,6,0,16,2,9,5,24,4,24,4,1,1,0,0,1,0,1,0,2,4,0,2,2,0.0,0,0,0,2,2,1,0,0,0,4,0,0,1,0,40,0,1,0,0,0,0,2,1,0,0.0,31,0.0,0,0,0.0,0,0,0,3,0.0,20,0,0,934.0,954.0,82.0,60.0,324.0,142.0,109.0,204.0,39.0,90.0,162.0,298.0,705.0,58.0,321.0,81.0,4.0,5.0,9.0,209.0,196.0,62.0,3.0,16.0,234.0,1647.0,107.0,27.0,59.0,178.0,0.0,3701.0,2.0,66.0,17.0,4589.0,9.0,2728.0,10.0,2.0,13.0,0.0,0.0,11.0,0.0,3.0,0.0,4.0,5.0,0.0,30.0,2.0,0.0,0.0,0.0,0.0,12.0,307.0,3.0,0.0,0.0,0.0,6.0,0.0,0.0,1.0,0.0,219.0,0.0,5.0,0.0,0.0,0.0,0.0,6.0,3.0,0.0,0.0,400.0,0.0,0.0,0.0,0.0,0.0,0.0,0.0,10.0,0.0,75.0,0.0,0.0,0.6551724137931034,0.3448275862068966,0.0,0.0,0.1054545454545454,0.8945454545454545,0.0,0.0,0.0035335689045936,0.8939929328621908,0.0070671378091872,0.0954063604240282,0.0,0.05,0.6,0.35,0.0,0.0,0.4545454545454545,0.5454545454545454
13,LL4-B2B__2019-09-04_SPD__LL4-4_AgedB6-0256,3.048,1.858490566037736,10.591966173361522,5.216216216216216,9.17741935483871,5.571428571428571,11.91652754590985,11.863247863247864,11.013257575757576,18.563409563409564,5.882352941176471,10.182926829268292,2.2049180327868854,12.102564102564102,8.428571428571429,11.754208754208754,13.29064039408867,6.0,10.8679706601467,20.6875,9.131944444444445,6.183333333333334,16.37956204379562,6.045454545454546,19.547619047619047,24.665137614678898,61.2,11.461538461538462,7.5,16.122448979591837,18.01388888888889,36.26119402985075,1.3333333333333333,15.571428571428571,6.062117235345582,35.41935483870968,3.0526315789473686,61.345454545454544,3.4,10.340909090909092,15.416666666666666,4.2,3.1666666666666665,9.333333333333334,7.75,5.7984496124031,1.0,0.0,1.5,4.0,10.333333333333334,0.0,0.0,0.0,0.0,0.0,6.094135802469136,0.0,0.0,0.0,0.0,1.0,1.0,0.0,0.0,0.0,1.0,5.636363636363637,0.0,0.0,0.0,0.0,0.0,0.0,3.0,0.0,0.0,0.0,6.173913043478261,0.0,0.0,0.0,0.0,0.0,12.0,0.0,0.0,0.0,5.633986928104576,0.0,0.0,0.1043279316500338,0.0807508054671683,-0.0552661391950836,0.1055855097459528,0.0928358388425954,-0.0699968188432058,-0.0060748941355342,-0.0328502649202122,-0.0865229319726675,0.038898285367576,-0.0324875606713003,0.0942712140850912,0.2796141737813773,-0.0877996215072262,-0.0054716611398922,0.1473760217857881,0.0804280998861242,-0.0735393820140363,-0.0119961217715568,-0.021157968112222,-0.0364087499275567,0.0410410107756094,-0.0576436364169673,0.0919409723266857,0.5762785731700939,0.5983899841677685,0.2924300963791436,0.2201631967246971,0.3125248215784534,0.2838142870009589,0.2560107274694393,0.2727136138083743,0.3270625486445961,0.2608344084794204,0.2962174505101262,0.2102684449297915,125,106,473,37,124,70,599,234,528,481,136,82,122,429,14,297,406,12,409,32,144,60,411,836,42,218,15,13,66,49,288,134,3,35,1143,62,19,55,5,44,12,5,6,3,4,645,2,0,4,1,6,0,0.0,0,0,0,648,0,0,0,0,1,5,0,0,0,2,22,0,0,0,0,0,0,4,0,0,0.0,23,0.0,0,0,0.0,0,5,0,0,0.0,153,0,0,381.0,197.0,5010.0,193.0,1138.0,390.0,7138.0,2776.0,5815.0,8929.0,800.0,835.0,269.0,5192.0,118.0,3491.0,5396.0,72.0,4445.0,662.0,1315.0,371.0,6732.0,5054.0,821.0,5377.0,918.0,149.0,495.0,790.0,5188.0,4859.0,4.0,545.0,6929.0,2196.0,58.0,3374.0,17.0,455.0,185.0,21.0,19.0,28.0,31.0,3740.0,2.0,0.0,6.0,4.0,62.0,0.0,0.0,0.0,0.0,0.0,3949.0,0.0,0.0,0.0,0.0,1.0,5.0,0.0,0.0,0.0,2.0,124.0,0.0,0.0,0.0,0.0,0.0,0.0,12.0,0.0,0.0,0.0,142.0,0.0,0.0,0.0,0.0,0.0,60.0,0.0,0.0,0.0,862.0,0.0,0.0,0.782608695652174,0.217391304347826,0.0,0.0,0.1104441776710684,0.7214885954381752,0.0,0.1680672268907563,0.0024922118380062,0.4105919003115265,0.0,0.5869158878504673,0.0,0.0064935064935064,0.2857142857142857,0.7077922077922078,0.0,0.0862214708368554,0.7844463229078613,0.1293322062552832
14,LL4-B2B__2019-09-04_SPD__LL4-3_AgedB6-0255,2.1052631578947367,2.5454545454545454,9.09748427672956,4.888888888888889,10.333333333333334,5.6141732283464565,10.492487479131889,11.643564356435643,11.685897435897436,21.25757575757576,5.607142857142857,8.909090909090908,1.25,11.456375838926174,6.333333333333333,12.716346153846152,13.302380952380952,3.888888888888889,9.56875,14.821428571428571,9.66,6.294642857142857,16.30841121495327,6.821120689655173,19.615384615384617,30.986754966887418,21.6,6.0,4.727272727272728,41.54867256637168,13.877659574468083,40.104,2.333333333333333,20.346153846153847,6.268605645851155,39.083333333333336,3.0,50.40579710144928,2.25,17.048780487804876,36.0625,3.333333333333333,1.5,7.5,4.733333333333333,4.9733727810650885,0.0,3.5,1.5,1.0,11.4375,0.0,0.0,0.0,0.0,1.5,6.753303964757709,3.0,0.0,0.0,0.0,1.761904761904762,1.25,0.0,0.0,0.0,0.0,4.473684210526316,0.0,0.0,2.5,0.0,0.0,1.0,3.875,2.0,1.0,0.0,7.083333333333333,0.0,0.0,0.0,0.0,1.0,13.478260869565217,0.0,0.0,0.0,6.1395348837209305,0.0,0.0,0.0405278092843386,0.5311314304399186,-0.113374615428148,0.2272860267049629,0.0834398434743798,-0.0612667074359457,-0.0037876561955349,0.0567400880933045,-0.2070775116839038,0.1953665918669714,-0.1480355747341516,0.1124472269917463,0.2382890620691706,0.2975952605388902,-0.0910526089785915,0.2568244114321313,0.0931771353487536,-0.075683494516058,0.0049344629784191,0.0274283013576333,-0.1521766687218005,0.1897611163930754,-0.1520231480601425,0.1133931911209795,0.6013851890643711,0.8099584607548959,0.332831019583423,0.3019646957472177,0.3267586100310199,0.3488222594402708,0.2453395918889024,0.3779891934935847,0.4378803350745906,0.3663100065013703,0.3674010913529463,0.2431179657160603,19,11,318,90,54,127,599,404,468,462,56,44,4,298,12,208,420,9,480,28,250,112,321,464,13,151,5,7,22,113,188,250,3,26,1169,60,13,69,4,41,80,6,6,6,30,338,0,2,2,2,16,0,0.0,0,0,4,681,1,0,0,0,21,4,0,0,0,0,19,0,0,2,0,0,1,8,1,1,0.0,12,0.0,0,0,0.0,1,46,0,0,0.0,129,0,0,40.0,28.0,2893.0,440.0,558.0,713.0,6285.0,4704.0,5469.0,9821.0,314.0,392.0,5.0,3414.0,76.0,2645.0,5587.0,35.0,4593.0,415.0,2415.0,705.0,5235.0,3165.0,255.0,4679.0,108.0,42.0,104.0,4695.0,2609.0,10026.0,7.0,529.0,7328.0,2345.0,39.0,3478.0,9.0,699.0,2885.0,20.0,9.0,45.0,142.0,1681.0,0.0,7.0,3.0,2.0,183.0,0.0,0.0,0.0,0.0,6.0,4599.0,3.0,0.0,0.0,0.0,37.0,5.0,0.0,0.0,0.0,0.0,85.0,0.0,0.0,5.0,0.0,0.0,1.0,31.0,2.0,1.0,0.0,85.0,0.0,0.0,0.0,0.0,1.0,620.0,0.0,0.0,0.0,792.0,0.0,0.0,0.5490196078431373,0.4509803921568627,0.0,0.0,0.102127659574468,0.6659574468085107,0.002127659574468,0.2297872340425532,0.0028449502133712,0.2617354196301564,0.0206258890469416,0.7147937411095305,0.0,0.0111111111111111,0.2148148148148148,0.774074074074074,0.0,0.0552570990023023,0.758250191864927,0.1864927091327705
15,LL5-B6__2021-06-02_SPD__AgedB6-2056,3.2580645161290325,2.878787878787879,14.397286821705428,6.576923076923077,11.572192513368984,5.5,14.10989010989011,12.647887323943662,9.82394366197183,26.551020408163264,5.2,8.244897959183673,3.0,13.166666666666666,9.076923076923077,17.015209125475284,9.76923076923077,11.0,10.467532467532468,33.666666666666664,11.55421686746988,4.714285714285714,7.885245901639344,4.636186770428016,31.466666666666665,68.58333333333333,14.181818181818182,7.0,2.6666666666666665,26.375,9.962962962962964,56.04166666666666,0.0,13.782608695652174,6.449131513647643,118.12087912087912,9.0,79.79166666666667,0.0,24.11904761904762,26.08333333333333,0.0,0.0,15.0,1.6666666666666667,7.3729216152019,0.0,2.6666666666666665,2.5,0.0,50.0,0.0,0.0,2.0,27.666666666666668,0.0,6.878698224852071,212.2333333333333,2.0,0.0,0.0,3.4444444444444446,0.0,0.0,0.0,0.0,0.0,5.7,0.0,0.0,0.0,0.0,0.0,0.0,5.0,0.0,0.0,0.0,5.916666666666667,0.0,0.0,0.0,0.0,0.0,0.0,0.0,0.0,0.0,5.0,0.0,234.6,-0.4043886655944883,-0.1640799471896315,0.2087579349867497,0.040507227449064,-0.0250186430080423,0.0652533112983664,0.0202473424057295,-0.1112122616683413,0.0807672341785108,-0.1239942052729187,-0.0826759627699428,-0.0282021262666996,-0.3553308232707666,-0.3731972266745896,0.2018508825267161,0.0598845951944048,-0.0175496112408377,0.0460227453151651,0.0169700557827645,-0.0810087846179017,0.0951471965806693,-0.1331635777680608,-0.0705914709430443,-0.0241263819150899,0.7573962173196535,0.5647392131064679,0.2323290808096035,0.2273681643864558,0.3131118827948099,0.2729258093688016,0.2907179635335667,0.29077287762008,0.2810940402190851,0.272274600069925,0.2819195725501566,0.2503791231998928,31,33,516,26,187,24,182,71,142,343,35,147,36,138,13,263,104,1,77,9,83,7,61,514,120,228,11,2,6,48,27,72,0,23,403,182,4,72,0,42,12,0,0,1,3,421,0,3,2,0,2,0,0.0,1,3,0,338,30,1,0,0,9,0,0,0,0,0,20,0,0,0,0,0,0,1,0,0,0.0,12,0.0,0,0,0.0,0,0,0,0,0.0,17,0,5,101.0,95.0,7429.0,171.0,2164.0,132.0,2568.0,898.0,1395.0,9107.0,182.0,1212.0,108.0,1817.0,118.0,4475.0,1016.0,11.0,806.0,303.0,959.0,33.0,481.0,2383.0,3776.0,15637.0,156.0,14.0,16.0,1266.0,269.0,4035.0,0.0,317.0,2599.0,21498.0,36.0,5745.0,0.0,1013.0,313.0,0.0,0.0,15.0,5.0,3104.0,0.0,8.0,5.0,0.0,100.0,0.0,0.0,2.0,83.0,0.0,2325.0,6367.0,2.0,0.0,0.0,31.0,0.0,0.0,0.0,0.0,0.0,114.0,0.0,0.0,0.0,0.0,0.0,0.0,5.0,0.0,0.0,0.0,71.0,0.0,0.0,0.0,0.0,0.0,0.0,0.0,0.0,0.0,85.0,0.0,1173.0,0.8961038961038961,0.1038961038961039,0.0,0.0,0.3246187363834422,0.5294117647058824,0.0,0.1459694989106753,0.0050590219224283,0.4451939291736931,0.0016863406408094,0.5480607082630692,0.0,0.0,0.2784810126582278,0.7215189873417721,0.0,0.131403118040089,0.6971046770601337,0.1714922048997773
16,LL5-B6__2021-06-02_SPD__AgedB6-1427,1.0,4.0,12.528571428571428,5.181818181818182,9.0,0.0,14.34065934065934,13.911764705882351,5.086956521739131,36.35403726708075,8.0,7.0,1.5,7.157894736842105,2.857142857142857,14.333333333333334,8.933333333333334,0.0,8.318181818181818,3.333333333333333,9.794117647058824,2.5,4.333333333333333,4.592592592592593,15.0,91.57142857142856,9.0,0.0,0.0,58.23076923076923,16.5,276.22857142857146,0.0,0.0,6.075,166.91666666666666,2.0,830.4084507042254,0.0,14.0,0.0,0.0,0.0,28.5,0.0,8.486486486486486,0.0,1.0,2.0,0.0,39.333333333333336,0.0,0.0,1.0,15.666666666666666,0.0,7.223140495867769,426.3333333333333,0.0,0.0,0.0,0.0,0.0,0.0,0.0,0.0,0.0,1.0,0.0,0.0,0.0,0.0,0.0,0.0,9.5,1.0,0.0,0.0,0.0,0.0,0.0,0.0,0.0,0.0,0.0,0.0,0.0,0.0,2.6666666666666665,0.0,300.3333333333333,0.2147542229962089,0.3259946346517732,0.0754431124356599,0.1540469619182246,0.2771505089178189,-0.0696863141125449,-0.006949082356038,-0.0021231251124075,0.0195555724302512,0.1528961735990805,-0.0929940844753668,0.0690166483933918,0.2375277040340074,-0.0938631636326004,0.0847949197293895,0.1715093042088609,0.4449652314286093,-0.0961927956053333,0.0024846890170648,-0.0492875106112593,0.0355829964519213,0.0977963633850674,-0.1211004916601539,0.062208812903773,0.3317019032881096,0.7659788127731548,0.1579849822098688,0.2412487282176073,0.3419151671537024,0.1789790968402925,0.1885805818757535,0.2075996775592601,0.1954359135859973,0.2476965291075782,0.2316285682944959,0.1692023230135571,3,2,70,11,5,0,91,34,23,161,1,1,2,19,7,12,15,0,22,3,34,2,12,27,2,42,1,0,0,39,2,70,0,0,160,12,2,71,0,1,0,0,0,4,0,37,0,1,3,0,3,0,0.0,1,3,0,121,9,0,0,0,0,0,0,0,0,0,1,0,0,0,0,0,0,2,1,0,0.0,0,0.0,0,0,0.0,0,0,0,0,0.0,3,0,18,3.0,8.0,877.0,57.0,45.0,0.0,1305.0,473.0,117.0,5853.0,8.0,7.0,3.0,136.0,20.0,172.0,134.0,0.0,183.0,10.0,333.0,5.0,52.0,124.0,30.0,3846.0,9.0,0.0,0.0,2271.0,33.0,19336.0,0.0,0.0,972.0,2003.0,4.0,58959.0,0.0,14.0,0.0,0.0,0.0,114.0,0.0,314.0,0.0,1.0,6.0,0.0,118.0,0.0,0.0,1.0,47.0,0.0,874.0,3837.0,0.0,0.0,0.0,0.0,0.0,0.0,0.0,0.0,0.0,1.0,0.0,0.0,0.0,0.0,0.0,0.0,19.0,1.0,0.0,0.0,0.0,0.0,0.0,0.0,0.0,0.0,0.0,0.0,0.0,0.0,8.0,0.0,5406.0,1.0,0.0,0.0,0.0,0.027027027027027,0.6756756756756757,0.0,0.2972972972972973,0.0,0.3710691823899371,0.0,0.6289308176100629,0.0,0.0,0.1428571428571428,0.8571428571428571,0.0,0.087248322147651,0.7046979865771812,0.2080536912751678
17,LL2-B6__2021-06-09_SPD__AgedB6-2259,3.2,1.625,11.223512336719883,4.96,9.166666666666666,6.016666666666667,11.62330623306233,13.23015873015873,12.752659574468083,18.73809523809524,6.666666666666667,9.484848484848484,0.0,12.23409090909091,7.714285714285714,14.917620137299773,12.098130841121495,4.0,13.462585034013603,6.7,11.68108108108108,5.131578947368421,17.63907284768212,5.628712871287129,30.676470588235293,34.8448275862069,20.2,3.0,4.315789473684211,33.97560975609756,15.11842105263158,39.22,2.5,6.75,5.174089068825911,37.747899159663866,2.8,40.90909090909091,0.0,19.258064516129032,27.181818181818183,3.0,1.6666666666666667,15.0,2.25,6.636263736263737,0.0,3.333333333333333,2.0,0.0,12.0,0.0,0.0,1.5,0.0,0.0,6.861163227016886,53.0,3.0,0.0,1.6666666666666667,10.25,1.0,0.0,0.0,0.0,0.0,6.375,0.0,0.0,0.0,0.0,0.0,0.0,2.0,0.0,0.0,0.0,5.636363636363637,0.0,0.0,0.0,0.0,2.0,0.0,0.0,0.0,0.0,5.333333333333333,0.0,0.0,-0.154855909003231,0.1637206615893596,-0.1224979817577062,0.2117668897049558,0.0288828608935712,-0.1286335509870298,0.0621032212077495,0.0205119460141782,-0.1213800659205606,0.1080153742197596,-0.1560212630268155,0.0864198397936106,-0.0231623679495726,-0.0743783594298099,-0.1041336429200455,0.2332158074922504,0.0393861802220272,-0.1508363381684689,0.0542361553232319,0.0398060732028766,-0.1091238265676627,0.1108090642631916,-0.1572226163011142,0.0883048007297121,0.6131296585036446,0.6468027280662195,0.2623701919134653,0.1922353284831386,0.3241750987914039,0.3203390704499883,0.258078480614331,0.3376033881427233,0.304389219224753,0.2980358441404208,0.3369925112018621,0.2237596369065016,5,8,689,25,84,60,369,252,376,378,66,66,0,440,7,437,214,4,294,10,185,38,302,1212,34,348,5,3,19,82,152,150,2,12,741,119,10,33,0,31,11,2,3,1,4,910,0,3,1,0,10,0,0.0,2,0,0,533,1,1,0,3,4,1,0,0,0,0,8,0,0,0,0,0,0,4,0,0,0.0,11,0.0,0,0,0.0,1,0,0,0,0.0,69,0,0,16.0,13.0,7733.0,124.0,770.0,361.0,4289.0,3334.0,4795.0,7083.0,440.0,626.0,0.0,5383.0,54.0,6519.0,2589.0,16.0,3958.0,67.0,2161.0,195.0,5327.0,6822.0,1043.0,12126.0,101.0,9.0,82.0,2786.0,2298.0,5883.0,5.0,81.0,3834.0,4492.0,28.0,1350.0,0.0,597.0,299.0,6.0,5.0,15.0,9.0,6039.0,0.0,10.0,2.0,0.0,120.0,0.0,0.0,3.0,0.0,0.0,3657.0,53.0,3.0,0.0,5.0,41.0,1.0,0.0,0.0,0.0,0.0,51.0,0.0,0.0,0.0,0.0,0.0,0.0,8.0,0.0,0.0,0.0,62.0,0.0,0.0,0.0,0.0,2.0,0.0,0.0,0.0,0.0,368.0,0.0,0.0,0.8082191780821918,0.1917808219178082,0.0,0.0,0.0929899856938483,0.7381974248927039,0.0,0.1688125894134478,0.0055776892430278,0.4629482071713147,0.0039840637450199,0.5274900398406375,0.0,0.0099009900990099,0.1831683168316831,0.806930693069307,0.0,0.0702127659574468,0.7202127659574468,0.2095744680851063
