name,latent_embedding_mean_0,latent_embedding_mean_1,latent_embedding_mean_2,latent_embedding_mean_3,latent_embedding_mean_4,latent_embedding_mean_5,latent_embedding_mean_6,latent_embedding_mean_7,latent_embedding_mean_8,latent_embedding_mean_9,latent_embedding_mean_10,latent_embedding_mean_11,latent_embedding_median_0,latent_embedding_median_1,latent_embedding_median_2,latent_embedding_median_3,latent_embedding_median_4,latent_embedding_median_5,latent_embedding_median_6,latent_embedding_median_7,latent_embedding_median_8,latent_embedding_median_9,latent_embedding_median_10,latent_embedding_median_11,latent_embedding_std_0,latent_embedding_std_1,latent_embedding_std_2,latent_embedding_std_3,latent_embedding_std_4,latent_embedding_std_5,latent_embedding_std_6,latent_embedding_std_7,latent_embedding_std_8,latent_embedding_std_9,latent_embedding_std_10,latent_embedding_std_11,avg_bout_length_0,total_duration_0,num_bouts_0,avg_bout_length_1,total_duration_1,num_bouts_1,avg_bout_length_2,total_duration_2,num_bouts_2,avg_bout_length_3,total_duration_3,num_bouts_3,avg_bout_length_4,total_duration_4,num_bouts_4,avg_bout_length_5,total_duration_5,num_bouts_5,avg_bout_length_6,total_duration_6,num_bouts_6,avg_bout_length_7,total_duration_7,num_bouts_7,avg_bout_length_8,total_duration_8,num_bouts_8,avg_bout_length_9,total_duration_9,num_bouts_9,avg_bout_length_10,total_duration_10,num_bouts_10,avg_bout_length_11,total_duration_11,num_bouts_11,avg_bout_length_12,total_duration_12,num_bouts_12,avg_bout_length_13,total_duration_13,num_bouts_13,avg_bout_length_14,total_duration_14,num_bouts_14,avg_bout_length_15,total_duration_15,num_bouts_15,avg_bout_length_16,total_duration_16,num_bouts_16,avg_bout_length_17,total_duration_17,num_bouts_17,avg_bout_length_18,total_duration_18,num_bouts_18,avg_bout_length_19,total_duration_19,num_bouts_19,avg_bout_length_20,total_duration_20,num_bouts_20,avg_bout_length_21,total_duration_21,num_bouts_21,avg_bout_length_22,total_duration_22,num_bouts_22,avg_bout_length_23,total_duration_23,num_bouts_23,avg_bout_length_24,total_duration_24,num_bouts_24,avg_bout_length_25,total_duration_25,num_bouts_25,avg_bout_length_26,total_duration_26,num_bouts_26,avg_bout_length_27,total_duration_27,num_bouts_27,avg_bout_length_28,total_duration_28,num_bouts_28,avg_bout_length_29,total_duration_29,num_bouts_29,avg_bout_length_30,total_duration_30,num_bouts_30,avg_bout_length_31,total_duration_31,num_bouts_31,avg_bout_length_32,total_duration_32,num_bouts_32,avg_bout_length_33,total_duration_33,num_bouts_33,avg_bout_length_34,total_duration_34,num_bouts_34,avg_bout_length_35,total_duration_35,num_bouts_35,avg_bout_length_36,total_duration_36,num_bouts_36,avg_bout_length_37,total_duration_37,num_bouts_37,avg_bout_length_38,total_duration_38,num_bouts_38,avg_bout_length_39,total_duration_39,num_bouts_39,avg_bout_length_40,total_duration_40,num_bouts_40,avg_bout_length_41,total_duration_41,num_bouts_41,avg_bout_length_42,total_duration_42,num_bouts_42,avg_bout_length_43,total_duration_43,num_bouts_43,avg_bout_length_44,total_duration_44,num_bouts_44,avg_bout_length_45,total_duration_45,num_bouts_45,avg_bout_length_46,total_duration_46,num_bouts_46,avg_bout_length_47,total_duration_47,num_bouts_47,avg_bout_length_48,total_duration_48,num_bouts_48,avg_bout_length_49,total_duration_49,num_bouts_49,avg_bout_length_50,total_duration_50,num_bouts_50,avg_bout_length_51,total_duration_51,num_bouts_51,avg_bout_length_52,total_duration_52,num_bouts_52,avg_bout_length_53,total_duration_53,num_bouts_53,avg_bout_length_54,total_duration_54,num_bouts_54,avg_bout_length_55,total_duration_55,num_bouts_55,avg_bout_length_56,total_duration_56,num_bouts_56,avg_bout_length_57,total_duration_57,num_bouts_57,avg_bout_length_58,total_duration_58,num_bouts_58,avg_bout_length_59,total_duration_59,num_bouts_59,avg_bout_length_60,total_duration_60,num_bouts_60,avg_bout_length_61,total_duration_61,num_bouts_61,avg_bout_length_62,total_duration_62,num_bouts_62,avg_bout_length_63,total_duration_63,num_bouts_63,avg_bout_length_64,total_duration_64,num_bouts_64,avg_bout_length_65,total_duration_65,num_bouts_65,avg_bout_length_66,total_duration_66,num_bouts_66,avg_bout_length_67,total_duration_67,num_bouts_67,avg_bout_length_68,total_duration_68,num_bouts_68,avg_bout_length_69,total_duration_69,num_bouts_69,avg_bout_length_70,total_duration_70,num_bouts_70,avg_bout_length_71,total_duration_71,num_bouts_71,avg_bout_length_72,total_duration_72,num_bouts_72,avg_bout_length_73,total_duration_73,num_bouts_73,avg_bout_length_74,total_duration_74,num_bouts_74,avg_bout_length_75,total_duration_75,num_bouts_75,avg_bout_length_76,total_duration_76,num_bouts_76,avg_bout_length_77,total_duration_77,num_bouts_77,avg_bout_length_78,total_duration_78,num_bouts_78,avg_bout_length_79,total_duration_79,num_bouts_79,avg_bout_length_80,total_duration_80,num_bouts_80,avg_bout_length_81,total_duration_81,num_bouts_81,avg_bout_length_82,total_duration_82,num_bouts_82,avg_bout_length_83,total_duration_83,num_bouts_83,avg_bout_length_84,total_duration_84,num_bouts_84,avg_bout_length_87,total_duration_87,num_bouts_87,avg_bout_length_88,total_duration_88,num_bouts_88,avg_bout_length_89,total_duration_89,num_bouts_89,avg_bout_length_91,total_duration_91,num_bouts_91,transition_matrix_kpms_dendogram_0_kpms_dendogram_1,transition_matrix_kpms_dendogram_0_kpms_dendogram_2,transition_matrix_kpms_dendogram_0_kpms_dendogram_3,transition_matrix_kpms_dendogram_0_kpms_dendogram_4,transition_matrix_kpms_dendogram_1_kpms_dendogram_0,transition_matrix_kpms_dendogram_1_kpms_dendogram_2,transition_matrix_kpms_dendogram_1_kpms_dendogram_3,transition_matrix_kpms_dendogram_1_kpms_dendogram_4,transition_matrix_kpms_dendogram_2_kpms_dendogram_0,transition_matrix_kpms_dendogram_2_kpms_dendogram_1,transition_matrix_kpms_dendogram_2_kpms_dendogram_3,transition_matrix_kpms_dendogram_2_kpms_dendogram_4,transition_matrix_kpms_dendogram_3_kpms_dendogram_0,transition_matrix_kpms_dendogram_3_kpms_dendogram_1,transition_matrix_kpms_dendogram_3_kpms_dendogram_2,transition_matrix_kpms_dendogram_3_kpms_dendogram_4,transition_matrix_kpms_dendogram_4_kpms_dendogram_0,transition_matrix_kpms_dendogram_4_kpms_dendogram_1,transition_matrix_kpms_dendogram_4_kpms_dendogram_2,transition_matrix_kpms_dendogram_4_kpms_dendogram_3
LL1-B2B__2020-06-26_SPD__AgedB6-0892,0.4086263372829798,0.2307448800855951,0.10294238830006877,-0.04007749092942795,0.07959294614889464,0.13990952592639574,-0.023661647925092375,0.17506196604535673,-0.059270833191557876,-0.2202203753192563,-0.11406393663184813,-0.09688850596879152,0.31416667744609295,0.27185036795066886,0.09949233137820604,-0.06515294513227796,0.0815407610859329,0.11555050723450436,-0.04741158891741491,0.17492250864078251,-0.05296369485620713,-0.2741375456876771,-0.11934981725476738,-0.09777798444117869,0.4793707122678174,0.6704544431207738,0.29205903270828154,0.28402634492906736,0.18636396394057836,0.5071759031377328,0.5933084959997426,0.1438719768317304,0.7891924830619085,0.2794789437468079,0.2058050430529138,0.18095018778189523,2.4701531959852088,4676.0,1893,3.0574545454545454,4204.0,1375,3.033457249070632,4080.0,1345,3.875886524822695,2186.0,564,6.463157894736842,614.0,95,6.12012012012012,2038.0,333,4.510489510489511,1935.0,429,7.4066985645933014,1548.0,209,4.787234042553192,3150.0,658,7.181395348837209,1544.0,215,6.087931034482758,3531.0,580,4.775815217391305,3515.0,736,8.49417852522639,6566.0,773,6.47196261682243,2770.0,428,7.491682070240295,4053.0,541,4.87037037037037,789.0,162,22.557471264367816,3925.0,174,5.400651465798045,3316.0,614,14.302197802197803,7809.0,546,6.966183574879227,1442.0,207,9.570765661252901,8250.0,862,2.619047619047619,385.0,147,3.4285714285714284,72.0,21,3.3941368078175898,1042.0,307,8.054054054054054,298.0,37,19.74468085106383,928.0,47,32.30232558139535,5556.0,172,1.0,11.0,11,6.343253968253968,3197.0,504,6.722222222222222,121.0,18,4.714285714285714,330.0,70,91.4390243902439,7498.0,82,0.0,0.0,0,15.773584905660377,836.0,53,4.931818181818182,217.0,44,87.87096774193549,2724.0,31,6.280254777070064,986.0,157,9.096153846153847,473.0,52,0.0,0.0,0,16.97222222222222,3666.0,216,0.0,0.0,0,0.0,0.0,0,2.388888888888889,43.0,18,1.0,7.0,7,1.0,1.0,1,5.129032258064516,159.0,31,1.0,1.0,1,1.5384615384615385,40.0,26,2.0,2.0,1,34.7,347.0,10,85.2,852.0,10,0.0,0.0,0,1.0,1.0,1,0.0,0.0,0,0.0,0.0,0,0.0,0.0,0,1.0,1.0,1,0.0,0.0,0,1.0,4.0,4,0.0,0.0,0,1.0,2.0,2,0.0,0.0,0,0.0,0.0,0,1.0,1.0,1,0.0,0.0,0,139.88888888888889,2518.0,18,0.0,0.0,0,2.0,10.0,5,0.0,0.0,0,0.0,0.0,0,4.0,12.0,3,0.0,0.0,0,224.58823529411765,3818.0,17,0.0,0.0,0,2.0,2.0,1,0.0,0.0,0,3.4545454545454546,38.0,11,0.0,0.0,0,3.0,3.0,1,0.0,0.0,0,0.0,0.0,0,0.0,0.0,0,6.0,6.0,1,0.0,0.0,0,0.0,0.0,0,0.0,0.0,0,0.0,0.0,0,0.0,0.0,0,0.0,0.0,0,0.1445993031358885,0.45818815331010454,0.047038327526132406,0.3501742160278746,0.002768166089965398,0.43529411764705883,0.04636678200692042,0.5155709342560554,0.05241935483870968,0.36766862170087977,0.06378299120234604,0.5161290322580645,0.10164835164835165,0.35714285714285715,0.4423076923076923,0.0989010989010989,0.18860916219562526,0.10482872472141973,0.6838629797771357,0.02269913330581923
LL2-B6__2021-06-09_SPD__AgedB6-2259,0.3606608172459995,0.07713636235181305,0.16043470225230094,0.08150371252723126,0.23055901555469802,-0.03694548819808291,0.06648070906227532,0.2915070813698845,-0.1486725177647529,-0.1517846945072774,-0.11738927563084571,-0.06345740247907752,0.22390452600096344,0.003540318903825667,0.14863790224372392,0.07917012920024617,0.2253888344007569,-0.0502658978394667,0.08684703634219415,0.29451396830940046,-0.14395843423727045,-0.19319519614103906,-0.118445315333935,-0.05794882392892954,0.4301126986119516,0.562382131363522,0.22066282067155957,0.18932060356243705,0.1932720983944631,0.2863479491520555,0.2403061382816582,0.12739324999719906,0.21072167952504117,0.25822364803710385,0.19784322375934213,0.16249502098977203,2.41343669250646,934.0,387,2.679324894514768,635.0,237,2.3480662983425415,425.0,181,5.755775577557756,1744.0,303,3.5,63.0,18,9.83125,6292.0,640,3.801242236024845,612.0,161,12.381147540983607,6042.0,488,4.529411764705882,847.0,187,11.697368421052632,1778.0,152,9.578947368421053,6188.0,646,5.405228758169935,827.0,153,9.809278350515465,3806.0,388,8.906614785992218,2289.0,257,12.089635854341736,4316.0,357,6.781818181818182,746.0,110,17.972789115646258,5284.0,294,4.2,315.0,75,15.024793388429751,3636.0,242,7.94017094017094,929.0,117,6.114285714285714,856.0,140,1.7,17.0,10,1.5,15.0,10,4.075,163.0,40,4.083333333333333,49.0,12,12.446153846153846,809.0,65,17.728395061728396,2872.0,162,4.0,4.0,1,6.328125,405.0,64,15.5,217.0,14,10.045454545454545,221.0,22,28.137037037037036,7597.0,270,0.0,0.0,0,20.838709677419356,1292.0,62,8.875,142.0,16,44.03900709219858,12419.0,282,7.25,174.0,24,6.384615384615385,83.0,13,1.5,3.0,2,28.354545454545455,18714.0,660,1.0,1.0,1,0.0,0.0,0,0.0,0.0,0,0.0,0.0,0,0.0,0.0,0,2.0,4.0,2,5.0,10.0,2,2.5,10.0,4,0.0,0.0,0,69.83333333333333,1676.0,24,53.50847457627118,6314.0,118,1.0,1.0,1,0.0,0.0,0,2.0,2.0,1,0.0,0.0,0,0.0,0.0,0,0.0,0.0,0,0.0,0.0,0,3.1666666666666665,19.0,6,0.0,0.0,0,0.0,0.0,0,0.0,0.0,0,0.0,0.0,0,0.0,0.0,0,0.0,0.0,0,63.1,4417.0,70,0.0,0.0,0,0.0,0.0,0,4.0,4.0,1,0.0,0.0,0,8.5,17.0,2,0.0,0.0,0,89.47619047619048,1879.0,21,0.0,0.0,0,0.0,0.0,0,4.0,4.0,1,2.0,8.0,4,0.0,0.0,0,0.0,0.0,0,0.0,0.0,0,0.0,0.0,0,0.0,0.0,0,9.5,19.0,2,0.0,0.0,0,4.0,4.0,1,0.0,0.0,0,0.0,0.0,0,0.0,0.0,0,0.0,0.0,0,0.41116751269035534,0.2182741116751269,0.07106598984771574,0.29949238578680204,0.0,0.42912246865959497,0.01446480231436837,0.5564127290260367,0.03685092127303183,0.4916247906197655,0.08793969849246232,0.38358458961474035,0.0425531914893617,0.2978723404255319,0.6595744680851063,0.0,0.1383363471971067,0.2576853526220615,0.5877034358047016,0.0162748643761302
LL4-B2B__2019-09-04_SPD__LL4-3_AgedB6-0255,0.45073952639123893,0.3925950076795567,0.21878398024880605,0.13377114932630804,0.20875233154783318,0.05194604750651839,0.04908374972595511,0.308022876253788,-0.1568535744028258,-0.21778788878649702,-0.11868673236893584,-0.07298378544642631,0.23745524164803916,0.41712970640196567,0.20826621324191008,0.11294822832227154,0.2106745884507231,0.02312064284832027,0.0659052391315976,0.3144003097454507,-0.14792965305465572,-0.25198824641844614,-0.1254489722891547,-0.05609180865699027,0.618976104079161,0.5284334372929187,0.3099599071994771,0.5089012569510662,0.5586729319990311,0.49783334857914974,0.40441695325397375,0.19108372498380674,0.26496270500520686,0.30513092459122665,0.1684057011996651,0.2296819754366568,2.2838827838827838,1247.0,546,3.017412935323383,1213.0,402,2.367132867132867,677.0,286,5.667701863354037,1825.0,322,4.829268292682927,198.0,41,9.540829986613119,7127.0,747,4.410526315789474,838.0,190,10.696465696465696,5145.0,481,5.028846153846154,1046.0,208,12.080168776371307,2863.0,237,8.132890365448505,2448.0,301,6.150537634408602,572.0,93,10.19516129032258,6321.0,620,8.23404255319149,1161.0,141,10.108818011257036,5388.0,533,7.121052631578947,1353.0,190,20.246666666666666,3037.0,150,3.1914893617021276,150.0,47,16.64423076923077,1731.0,104,8.85,885.0,100,5.177700348432055,1486.0,287,2.212121212121212,73.0,33,2.25,36.0,16,4.571428571428571,64.0,14,3.857142857142857,54.0,14,19.694117647058825,1674.0,85,22.718213058419245,6611.0,291,5.0,5.0,1,5.417808219178082,791.0,146,25.444444444444443,1603.0,63,6.35,254.0,40,36.545698924731184,13595.0,372,1.0,3.0,3,22.6,678.0,30,7.689655172413793,446.0,58,45.603550295857985,7707.0,169,11.560975609756097,474.0,41,9.491228070175438,541.0,57,0.0,0.0,0,29.777546777546778,14323.0,481,1.0,1.0,1,0.0,0.0,0,0.0,0.0,0,1.0,2.0,2,0.0,0.0,0,3.0,9.0,3,1.0,5.0,5,5.0,5.0,1,0.0,0.0,0,93.12765957446808,4377.0,47,50.54838709677419,1567.0,31,0.0,0.0,0,4.0,4.0,1,0.0,0.0,0,6.0,6.0,1,2.0,6.0,3,2.0,2.0,1,0.0,0.0,0,1.75,14.0,8,0.0,0.0,0,1.0,1.0,1,0.0,0.0,0,0.0,0.0,0,0.0,0.0,0,0.0,0.0,0,54.696969696969695,5415.0,99,0.0,0.0,0,2.0,2.0,1,14.0,14.0,1,0.0,0.0,0,13.285714285714286,93.0,7,0.0,0.0,0,66.85714285714286,936.0,14,0.0,0.0,0,0.0,0.0,0,0.0,0.0,0,1.0,3.0,3,0.0,0.0,0,1.0,7.0,7,0.0,0.0,0,0.0,0.0,0,0.0,0.0,0,7.333333333333333,22.0,3,0.0,0.0,0,5.5,11.0,2,0.0,0.0,0,2.0,4.0,2,0.0,0.0,0,0.0,0.0,0,0.4112676056338028,0.14929577464788732,0.10422535211267606,0.3352112676056338,0.0011737089201877935,0.3204225352112676,0.01643192488262911,0.6619718309859155,0.08837209302325581,0.3218604651162791,0.06697674418604652,0.5227906976744187,0.15862068965517243,0.3448275862068966,0.42758620689655175,0.06896551724137931,0.20512820512820512,0.2331002331002331,0.5376845376845377,0.024087024087024088
LL4-B2B__2019-09-04_SPD__LL4-4_AgedB6-0256,0.17622027132789708,0.1851623055537566,0.17271509794433207,0.07247511301870854,0.12941919328933799,-0.01037894815592953,0.029868922173057293,0.24498702170059597,-0.12838592981631916,-0.10528019859701851,-0.08308991162702306,0.008611858536455106,0.07843495996378647,0.17868161204324334,0.15037452094224935,0.0637763656222212,0.11986210268043607,-0.02254393929202539,0.0444960809158107,0.24218056272442853,-0.10993117339883166,-0.18399385749312186,-0.08659244094469465,0.0024231051415501987,0.3643400160063106,0.5522084384608607,0.23932586146068544,0.20355792703072526,0.18518118678178222,0.2774614152381472,0.233078401749066,0.14411418460100933,0.2716450562002401,0.31197421732739283,0.16136976075895948,0.17166437711788995,2.484247374562427,4258.0,1714,3.1513204853675947,4415.0,1401,2.754399387911247,3600.0,1307,5.703174603174603,3593.0,630,3.973684210526316,151.0,38,9.851612903225806,7635.0,775,4.565040650406504,1123.0,246,11.428794992175273,7303.0,639,5.176795580110498,1874.0,362,15.342281879194632,4572.0,298,8.20954356846473,3957.0,482,5.57345971563981,1176.0,211,9.413625304136254,3869.0,411,8.277272727272727,1821.0,220,10.501204819277108,4358.0,415,6.862857142857143,1201.0,175,25.26953125,6469.0,256,3.9036144578313254,324.0,83,14.721854304635762,2223.0,151,11.206896551724139,1950.0,174,5.214285714285714,1022.0,196,3.107142857142857,87.0,28,5.714285714285714,40.0,7,5.446808510638298,512.0,94,10.411764705882353,177.0,17,20.337078651685392,1810.0,89,18.540697674418606,3189.0,172,1.0,3.0,3,5.431372549019608,831.0,153,19.846153846153847,258.0,13,6.631578947368421,126.0,19,33.287581699346404,10186.0,306,1.3333333333333333,4.0,3,35.023809523809526,1471.0,42,8.0,112.0,14,39.177033492822964,8188.0,209,11.162162162162161,826.0,74,5.466666666666667,82.0,15,0.0,0.0,0,21.935400516795866,8489.0,387,0.0,0.0,0,0.0,0.0,0,1.0,1.0,1,2.0,2.0,1,0.0,0.0,0,4.0,4.0,1,0.0,0.0,0,1.0,1.0,1,0.0,0.0,0,34.4,172.0,5,36.97222222222222,1331.0,36,0.0,0.0,0,0.0,0.0,0,8.0,8.0,1,0.0,0.0,0,1.0,1.0,1,0.0,0.0,0,1.0,1.0,1,2.2857142857142856,16.0,7,1.0,1.0,1,0.0,0.0,0,1.0,1.0,1,0.0,0.0,0,1.0,1.0,1,0.0,0.0,0,55.775862068965516,3235.0,58,0.0,0.0,0,2.0,2.0,1,0.0,0.0,0,0.0,0.0,0,11.0,22.0,2,1.0,1.0,1,29.0,29.0,1,1.0,1.0,1,1.0,3.0,3,0.0,0.0,0,12.0,12.0,1,0.0,0.0,0,1.5,3.0,2,0.0,0.0,0,0.0,0.0,0,0.0,0.0,0,0.0,0.0,0,0.0,0.0,0,4.0,16.0,4,0.0,0.0,0,0.0,0.0,0,0.0,0.0,0,0.0,0.0,0,0.24475524475524477,0.21328671328671328,0.03496503496503497,0.506993006993007,0.0008525149190110827,0.40068201193520886,0.0196078431372549,0.5788576300085252,0.0296137339055794,0.267381974248927,0.05536480686695279,0.6476394849785407,0.061611374407582936,0.3696682464454976,0.5165876777251185,0.052132701421800945,0.09911429776465626,0.1674398987768874,0.7169970476592156,0.016448755799240825
LL5-B2B__2019-12-23_SPD__LL5-4_AgedB6-0430,0.5885150573610355,0.018969758044285315,0.2406782178409075,0.15796342042518846,0.2490514319399945,-0.021402098340418053,-0.048429162603202645,0.20218052750229468,-0.10702252181747536,-0.14646842573618174,-0.11466139769506446,-0.02995956671399702,0.36988266705515044,-0.08690531448093114,0.21712719427114546,0.14138943754812927,0.20447045973623645,-0.025030576947431334,-0.006883059784187448,0.20266049261291824,-0.12303424069980724,-0.19113463985564272,-0.10965612299637814,-0.023103468468016003,0.6735624157595359,0.6364736580886067,0.24891065181567734,0.24945689902865287,0.27317159270121394,0.31256375084703253,0.32390602009165903,0.18789685388343355,0.273452080778974,0.2654043051900858,0.18288831492129975,0.18216290437133065,2.263456090651558,799.0,353,3.313304721030043,772.0,233,2.747311827956989,511.0,186,6.039867109634551,1818.0,301,4.2844827586206895,497.0,116,10.095338983050848,4765.0,472,3.3544303797468356,265.0,79,13.53864734299517,5605.0,414,5.432258064516129,842.0,155,12.363636363636363,1360.0,110,8.511221945137157,3413.0,401,4.695652173913044,648.0,138,9.995833333333334,2399.0,240,9.07183908045977,3157.0,348,9.63265306122449,1888.0,196,5.3561643835616435,391.0,73,25.583061889250814,7854.0,307,3.4363636363636365,189.0,55,14.23263888888889,4099.0,288,8.141509433962264,863.0,106,4.8059701492537314,322.0,67,2.466666666666667,37.0,15,4.9375,79.0,16,3.825,153.0,40,3.5384615384615383,46.0,13,17.783333333333335,1067.0,60,30.31782945736434,3911.0,129,1.2857142857142858,27.0,21,4.4411764705882355,151.0,34,24.181818181818183,1330.0,55,6.948275862068965,403.0,58,33.577235772357724,8260.0,246,1.5,12.0,8,56.71551724137931,6579.0,116,7.714285714285714,216.0,28,43.03092783505155,8348.0,194,2.0,2.0,1,10.090909090909092,333.0,33,0.0,0.0,0,29.80496453900709,8405.0,282,0.0,0.0,0,0.0,0.0,0,0.0,0.0,0,1.2,6.0,5,1.3333333333333333,4.0,3,3.0,21.0,7,1.3870967741935485,43.0,31,6.882352941176471,117.0,17,1.0,3.0,3,121.10344827586206,10536.0,87,53.29050279329609,9539.0,179,0.0,0.0,0,0.0,0.0,0,1.0,1.0,1,12.666666666666666,38.0,3,1.0,1.0,1,0.0,0.0,0,0.0,0.0,0,2.4,12.0,5,1.5,3.0,2,0.0,0.0,0,0.0,0.0,0,0.0,0.0,0,1.0,1.0,1,0.0,0.0,0,47.170731707317074,1934.0,41,0.0,0.0,0,4.0,4.0,1,2.6666666666666665,8.0,3,0.0,0.0,0,4.5,9.0,2,0.0,0.0,0,90.21428571428571,3789.0,42,0.0,0.0,0,0.0,0.0,0,2.0,8.0,4,1.4736842105263157,28.0,19,0.0,0.0,0,3.4,17.0,5,0.0,0.0,0,0.0,0.0,0,0.0,0.0,0,8.869565217391305,204.0,23,0.0,0.0,0,1.4,7.0,5,0.0,0.0,0,0.0,0.0,0,0.0,0.0,0,0.0,0.0,0,0.3464566929133858,0.1889763779527559,0.023622047244094488,0.4409448818897638,0.0,0.4745098039215686,0.036601307189542485,0.4888888888888889,0.023681377825618945,0.43595263724434874,0.08826695371367062,0.4520990312163617,0.02702702702702703,0.35135135135135137,0.581081081081081,0.04054054054054054,0.12368728121353559,0.2508751458576429,0.5892648774795799,0.03617269544924154
LL5-B6__2021-06-02_SPD__AgedB6-1427,0.2353956835127287,0.396852007813042,0.3235324986315,0.08746466257818844,0.13302833058860866,-0.03652856255629812,0.08390573503860949,0.19670281280288285,-0.03380996158532895,-0.23801826242968582,-0.09575230146376373,-0.036124495490813625,-0.008146641844819396,0.18812496251868632,0.39508342771605004,0.0716115086610982,0.12370359881157306,-0.10326364954316974,0.08611878446403938,0.19022347385298685,-0.02730087067306326,-0.2548664162330011,-0.08754254292976608,-0.03599420314827503,0.4274628555422892,0.511317357126023,0.20328385590851344,0.14952350746191181,0.1353567155960604,0.22965744024446444,0.1257453586453721,0.1217871043529435,0.12752679403478437,0.15715458833921558,0.1691180243377915,0.11638173970535415,2.0,72.0,36,2.2941176470588234,39.0,17,2.736842105263158,52.0,19,6.695652173913044,154.0,23,3.65,73.0,20,7.437956204379562,1019.0,137,2.0,16.0,8,8.932692307692308,929.0,104,2.0,10.0,5,9.636363636363637,106.0,11,8.041666666666666,193.0,24,0.0,0.0,0,7.934782608695652,365.0,46,8.454545454545455,93.0,11,10.15,406.0,40,2.3333333333333335,14.0,6,17.444444444444443,157.0,9,3.0,3.0,1,7.428571428571429,52.0,7,5.5,11.0,2,2.5,15.0,6,0.0,0.0,0,2.0,12.0,6,0.0,0.0,0,7.7,77.0,10,20.357142857142858,285.0,14,21.666666666666668,455.0,21,1.0,3.0,3,1.0,1.0,1,1.0,1.0,1,13.5,27.0,2,95.68131868131869,8707.0,91,0.0,0.0,0,23.0,23.0,1,21.0,42.0,2,566.9719626168225,60666.0,107,0.0,0.0,0,18.0,36.0,2,0.0,0.0,0,23.833333333333332,1001.0,42,5.0,5.0,1,0.0,0.0,0,0.0,0.0,0,2.0,6.0,3,0.0,0.0,0,0.0,0.0,0,0.0,0.0,0,1.0,2.0,2,1.0,1.0,1,49.0,49.0,1,131.07692307692307,1704.0,13,0.0,0.0,0,1.5,3.0,2,1.0,1.0,1,0.0,0.0,0,0.0,0.0,0,0.0,0.0,0,0.0,0.0,0,4.0,4.0,1,0.0,0.0,0,1.0,1.0,1,0.0,0.0,0,0.0,0.0,0,3.0,3.0,1,0.0,0.0,0,620.6,24824.0,40,0.0,0.0,0,3.0,3.0,1,0.0,0.0,0,0.0,0.0,0,0.0,0.0,0,0.0,0.0,0,377.2352941176471,6413.0,17,0.0,0.0,0,0.0,0.0,0,0.0,0.0,0,0.0,0.0,0,0.0,0.0,0,0.0,0.0,0,0.0,0.0,0,0.0,0.0,0,0.0,0.0,0,0.0,0.0,0,0.0,0.0,0,7.5,15.0,2,0.0,0.0,0,0.0,0.0,0,0.0,0.0,0,0.0,0.0,0,0.16666666666666666,0.0,0.0,0.8333333333333334,0.0,0.37142857142857144,0.0,0.6285714285714286,0.0,0.12751677852348994,0.087248322147651,0.785234899328859,0.0,0.05555555555555555,0.7777777777777778,0.16666666666666666,0.13043478260869565,0.21195652173913043,0.6521739130434783,0.005434782608695652
LL5-B6__2021-06-02_SPD__AgedB6-2056,0.3258389985411604,-0.22425573551649625,0.11651939604079409,-0.02470516654523153,0.08454445027302024,-0.08897413545859463,-0.06629548701461888,0.10091093554842052,-0.03372855376083034,-0.13113113840565377,-0.15252390530066173,0.061670549770894256,0.19913180186733961,-0.36949289276278524,0.1022210658577118,-0.041725073137092505,0.07263385753422898,-0.10793085945146451,-0.033178022418235614,0.09712710757534901,-0.041967647042442775,-0.15215245746275427,-0.14144478839790392,0.053635068305200956,0.495632576363687,0.543485303159239,0.2170352374086446,0.22710946172516444,0.2138549172820113,0.24820675845566834,0.25531341346315556,0.14145542374742615,0.2310050097443743,0.2136789591047799,0.21388268928018997,0.14564187661529776,2.936893203883495,1210.0,412,2.927797833935018,811.0,277,2.9861495844875345,1078.0,361,6.56353591160221,2376.0,362,4.85,97.0,20,10.338235294117647,3515.0,340,2.6785714285714284,75.0,28,14.432432432432432,5340.0,370,4.971014492753623,343.0,69,10.481481481481481,283.0,27,9.465798045602606,2906.0,307,7.048780487804878,578.0,82,10.100840336134453,1202.0,119,7.807881773399015,1585.0,203,10.533333333333333,1106.0,105,8.5,187.0,22,21.8705035971223,3040.0,139,2.619047619047619,55.0,21,15.360995850622407,3702.0,241,8.612244897959183,422.0,49,4.818181818181818,106.0,22,3.3333333333333335,10.0,3,6.7,67.0,10,2.111111111111111,19.0,9,8.25,66.0,8,20.3125,325.0,16,21.5,1462.0,68,1.0,1.0,1,3.0,21.0,7,18.0,396.0,22,4.117647058823529,70.0,17,32.756410256410255,5110.0,156,0.0,0.0,0,36.49473684210526,3467.0,95,6.478260869565218,149.0,23,104.7,29316.0,280,4.0,4.0,1,7.2,144.0,20,0.0,0.0,0,20.430051813471504,3943.0,193,1.0,1.0,1,0.0,0.0,0,0.0,0.0,0,1.5,3.0,2,0.0,0.0,0,2.3333333333333335,7.0,3,1.0,1.0,1,7.5,15.0,2,0.0,0.0,0,53.857142857142854,1508.0,28,128.44970414201183,21708.0,169,0.0,0.0,0,2.0,2.0,1,0.0,0.0,0,6.0,24.0,4,1.0,1.0,1,0.0,0.0,0,0.0,0.0,0,0.0,0.0,0,0.0,0.0,0,0.0,0.0,0,0.0,0.0,0,0.0,0.0,0,0.0,0.0,0,0.0,0.0,0,82.26829268292683,3373.0,41,0.0,0.0,0,0.0,0.0,0,0.0,0.0,0,0.0,0.0,0,0.0,0.0,0,1.0,1.0,1,196.05714285714285,6862.0,35,0.0,0.0,0,0.0,0.0,0,0.0,0.0,0,0.0,0.0,0,0.0,0.0,0,0.0,0.0,0,0.0,0.0,0,0.0,0.0,0,0.0,0.0,0,6.714285714285714,47.0,7,0.0,0.0,0,4.5,9.0,2,0.0,0.0,0,0.0,0.0,0,0.0,0.0,0,0.0,0.0,0,0.36764705882352944,0.16176470588235295,0.08823529411764706,0.38235294117647056,0.0,0.5573770491803278,0.02459016393442623,0.4180327868852459,0.012514220705346985,0.4004550625711035,0.048919226393629126,0.5381114903299203,0.07894736842105263,0.32894736842105265,0.5131578947368421,0.07894736842105263,0.08192457737321196,0.22756827048114434,0.6762028608582574,0.014304291287386216
NV14-B7B8__2021-01-18__DO-20-1136,-0.10052837944243177,-0.11908832008639028,-0.28747130118654435,-0.05417653376955862,-0.06939286123395215,0.022703794250396564,-0.05451581043183848,-0.12270415679146178,0.058892066385898986,-0.07838099292483793,0.05397840016629228,-0.025365029942946135,-0.163943790593949,-0.28887153484774,-0.2862099291031122,-0.003629176843905149,-0.10348172905905251,-0.012416116420342557,-0.030192283136263456,-0.1209378509298592,0.07412362541879,-0.08618489360596496,0.056457507781089,0.008258777097375158,0.4912871157969309,0.8611727852076507,0.3519185596899012,0.612721134038393,0.6761311239502986,0.36400090190798523,0.47325381486851187,0.21492947522312258,0.7158746887256111,0.24896792794762176,0.4168568902663151,0.7679631310199482,3.064981949458484,849.0,277,3.4468085106382977,810.0,235,2.99203187250996,751.0,251,4.860215053763441,452.0,93,4.8,72.0,15,9.9,297.0,30,3.0,24.0,8,11.030303030303031,364.0,33,4.6,92.0,20,3.0,15.0,5,8.487804878048781,348.0,41,5.24,131.0,25,9.423076923076923,245.0,26,6.75,162.0,24,8.142857142857142,171.0,21,0.0,0.0,0,13.0,117.0,9,6.333333333333333,76.0,12,12.666666666666666,380.0,30,9.0,45.0,5,10.222222222222221,92.0,9,3.0,6.0,2,0.0,0.0,0,4.3076923076923075,56.0,13,18.0,18.0,1,5.5,11.0,2,23.272727272727273,256.0,11,0.0,0.0,0,6.0,24.0,4,0.0,0.0,0,5.333333333333333,16.0,3,91.55555555555556,1648.0,18,1.0,2.0,2,19.5,39.0,2,4.75,19.0,4,129.3684210526316,2458.0,19,7.0,7.0,1,5.0,5.0,1,1.0,2.0,2,0.0,0.0,0,0.0,0.0,0,0.0,0.0,0,0.0,0.0,0,1.8,9.0,5,2.5,5.0,2,4.0,4.0,1,0.0,0.0,0,0.0,0.0,0,0.0,0.0,0,0.0,0.0,0,196.21428571428572,5494.0,28,0.0,0.0,0,0.0,0.0,0,0.0,0.0,0,0.0,0.0,0,1.0,5.0,5,0.0,0.0,0,0.0,0.0,0,0.0,0.0,0,0.0,0.0,0,2.0,2.0,1,0.0,0.0,0,0.0,0.0,0,0.0,0.0,0,0.0,0.0,0,395.1,3951.0,10,0.0,0.0,0,2.0,4.0,2,12.0,12.0,1,0.0,0.0,0,0.0,0.0,0,0.0,0.0,0,0.0,0.0,0,0.0,0.0,0,1.0,1.0,1,0.0,0.0,0,0.0,0.0,0,0.0,0.0,0,7.0,7.0,1,0.0,0.0,0,0.0,0.0,0,0.0,0.0,0,0.0,0.0,0,0.0,0.0,0,1.0,1.0,1,0.0,0.0,0,0.0,0.0,0,1.5,3.0,2,0.0,0.0,0,0.3888888888888889,0.05555555555555555,0.1111111111111111,0.4444444444444444,0.0,0.5470085470085471,0.017094017094017096,0.4358974358974359,0.0,0.20270270270270271,0.006756756756756757,0.7905405405405406,0.13333333333333333,0.3333333333333333,0.2,0.3333333333333333,0.0627062706270627,0.1254125412541254,0.7821782178217822,0.0297029702970297
NV15-B7B8__2020-01-02__DO-20-1097,-0.3193856767088083,-0.0890579778504346,-0.17571679016167652,-0.06119485498135613,-0.179339006238322,-0.0018905532485477077,-0.08959440390496229,-0.0546937772427034,0.08650954418907439,-0.008517170290063448,0.051172496675879406,0.010660823408589449,-0.5733177289031531,-0.08402980563043386,-0.20665852299195303,-0.07223400145487371,-0.17493996478224685,-0.0355642414157652,-0.05407856790443799,-0.08840771359597861,0.07056096328597919,-0.05667103470030812,0.06214677790175196,0.02233530006353853,0.8415955603177221,0.9667791600519369,0.44104920130193354,0.6431285821881937,0.5629966316682656,1.0016716389806941,0.45138328137190836,1.0885203926543483,0.5309663044344388,0.3918396061571624,0.3989351097180868,0.6742653606273089,2.976536312849162,5328.0,1790,2.995142262317835,4316.0,1441,3.157172271791352,4600.0,1457,5.486180904522613,4367.0,796,3.472340425531915,816.0,235,9.387096774193548,4074.0,434,5.142857142857143,1008.0,196,10.811083123425693,4292.0,397,6.445945945945946,1908.0,296,12.189349112426035,2060.0,169,8.745161290322581,2711.0,310,7.96978021978022,2901.0,364,7.479400749063671,1997.0,267,8.099264705882353,2203.0,272,9.333333333333334,2156.0,231,8.913385826771654,1132.0,127,26.398230088495577,5966.0,226,6.0685714285714285,1062.0,175,11.59016393442623,3535.0,305,13.024193548387096,1615.0,124,7.047904191616767,1177.0,167,2.4545454545454546,54.0,22,2.989637305699482,577.0,193,4.7555555555555555,856.0,180,6.965909090909091,1226.0,176,26.125,2717.0,104,25.594405594405593,3660.0,143,1.4886363636363635,131.0,88,5.009345794392523,536.0,107,13.306930693069306,1344.0,101,5.587155963302752,609.0,109,50.32843137254902,10267.0,204,1.646153846153846,107.0,65,45.77205882352941,6225.0,136,7.826666666666667,587.0,75,47.84057971014493,9903.0,207,6.0,162.0,27,11.885714285714286,832.0,70,1.1724137931034482,68.0,58,4.333333333333333,13.0,3,1.0,1.0,1,1.0,1.0,1,11.0,253.0,23,1.0625,34.0,32,1.0,7.0,7,4.25,68.0,16,1.9375,31.0,16,2.3333333333333335,14.0,6,0.0,0.0,0,46.6,699.0,15,58.776315789473685,4467.0,76,0.0,0.0,0,1.0,5.0,5,2.8,14.0,5,6.25,25.0,4,1.0,20.0,20,16.771428571428572,587.0,35,0.0,0.0,0,1.7058823529411764,29.0,17,1.0,1.0,1,0.0,0.0,0,0.0,0.0,0,0.0,0.0,0,3.0,3.0,1,1.0,1.0,1,106.08695652173913,2440.0,23,0.0,0.0,0,3.125,25.0,8,0.0,0.0,0,10.75,43.0,4,7.166666666666667,43.0,6,0.0,0.0,0,30.25,121.0,4,0.0,0.0,0,1.0,10.0,10,2.0,2.0,1,2.75,11.0,4,0.0,0.0,0,2.5,5.0,2,0.0,0.0,0,0.0,0.0,0,1.0,1.0,1,10.666666666666666,32.0,3,0.0,0.0,0,4.461538461538462,58.0,13,0.0,0.0,0,0.0,0.0,0,0.0,0.0,0,0.0,0.0,0,0.18974358974358974,0.26153846153846155,0.08717948717948718,0.46153846153846156,0.0008517887563884157,0.43185689948892675,0.039182282793867124,0.5281090289608177,0.01974496092143151,0.30563554092965856,0.09502262443438914,0.5795968737145207,0.0675,0.2175,0.605,0.11,0.06737425011536687,0.14536225196123673,0.7544993077988001,0.032764190124596214
NV15-B7B8__2020-01-02__DO-20-1098,0.4701276736909617,0.97140660554354,-0.33109866538699606,-0.2531476212256879,-0.26389437282096373,-0.3503394200379448,-0.18057617503688123,-0.03504626253250549,-0.050628716243295555,0.011446938039688407,0.03344127764061806,0.04610501881279245,-0.0058695080510086685,0.43534594297805135,-0.07895232366237799,0.05846731228634368,-0.06009742391718672,0.046746576346401295,-0.0013333479892844345,0.011577955244839608,-0.06232900957399177,-0.0229531107055783,0.05929295545817839,0.012901087443774217,1.7700654921060042,2.7256515518321853,1.9375930407925797,1.4657871851997595,1.4197496628783868,2.0243242459350568,1.2241350269345288,0.7483426349968308,0.7715725007592802,1.355109172696374,0.5394191346248058,0.46016535182869095,3.176605504587156,2770.0,872,3.0371959942775395,2123.0,699,2.635549872122762,2061.0,782,6.022761760242792,3969.0,659,3.362821948488242,3003.0,893,9.453968253968254,2978.0,315,5.8062015503875966,1498.0,258,10.035242290748899,2278.0,227,6.298076923076923,1310.0,208,10.072115384615385,2095.0,208,7.439024390243903,1220.0,164,5.382978723404255,506.0,94,9.86214953271028,4221.0,428,8.134502923976608,1391.0,171,7.772893772893773,2122.0,273,8.852459016393443,1080.0,122,31.37121212121212,4141.0,132,4.866666666666666,438.0,90,10.360544217687075,1523.0,147,12.722222222222221,1145.0,90,5.638709677419355,874.0,155,3.1923076923076925,166.0,52,2.6222222222222222,236.0,90,4.241379310344827,123.0,29,7.311111111111111,658.0,90,22.69090909090909,2496.0,110,30.231511254019292,9402.0,311,1.3849206349206349,349.0,252,4.746478873239437,337.0,71,8.71304347826087,1002.0,115,5.307228915662651,881.0,166,49.78888888888889,8962.0,180,1.5457875457875458,422.0,273,35.12765957446808,3302.0,94,6.126126126126126,680.0,111,53.556291390728475,8087.0,151,2.8125,45.0,16,6.25,150.0,24,1.2077464788732395,343.0,284,5.714285714285714,40.0,7,1.0,19.0,19,0.0,0.0,0,4.333333333333333,13.0,3,1.1476510067114094,171.0,149,1.125,18.0,16,7.367021276595745,1385.0,188,2.727272727272727,30.0,11,2.0238095238095237,85.0,42,1.0,1.0,1,41.09090909090909,2712.0,66,66.88095238095238,2809.0,42,0.0,0.0,0,1.4761904761904763,93.0,63,1.2857142857142858,9.0,7,45.45685279187817,8955.0,197,1.015625,65.0,64,8.34375,267.0,32,1.0,25.0,25,2.0,20.0,10,1.0,4.0,4,1.0,1.0,1,0.0,0.0,0,0.0,0.0,0,0.0,0.0,0,1.0,1.0,1,96.61111111111111,5217.0,54,0.0,0.0,0,1.9285714285714286,27.0,14,3.176470588235294,54.0,17,1.0,1.0,1,2.5,5.0,2,0.0,0.0,0,63.19318181818182,5561.0,88,1.0,3.0,3,1.0,36.0,36,1.625,39.0,24,1.0,2.0,2,0.0,0.0,0,2.0,2.0,1,0.0,0.0,0,0.0,0.0,0,1.0,5.0,5,22.0,22.0,1,0.0,0.0,0,2.3846153846153846,31.0,13,4.0,8.0,2,1.2857142857142858,9.0,7,4.0,8.0,2,3.0,9.0,3,0.09917355371900827,0.44214876033057854,0.15702479338842976,0.30165289256198347,0.003575685339690107,0.564958283671037,0.033373063170441,0.39809296781883197,0.05112881806108898,0.3399734395750332,0.099601593625498,0.5092961487383798,0.15086206896551724,0.18318965517241378,0.3771551724137931,0.28879310344827586,0.10262008733624454,0.1717612809315866,0.5691411935953421,0.1564774381368268
NV15-B7B8__2020-01-02__DO-20-1100,0.1514070677469058,-0.006578709243449179,0.0027995279042588453,-0.020362402419463757,0.03075535204891912,-0.0008296556275057585,0.12554397962911104,0.06475157717528106,-0.09375666635204906,0.11644636820546188,0.0026799174467684395,-0.019807532294722506,-0.0846031322659476,-0.08529512162155233,0.01916625222732863,0.013865004879890924,0.06407107892596553,-0.07009709558188694,0.14552808469932693,0.05807239110896578,-0.09769241086028982,0.03725796485216209,0.018215912981767182,-0.029408651352877003,1.0459433247723129,0.973043626525131,0.9364003685723433,0.6887987246097296,0.757872312253109,0.8602242458371232,0.7736618545779984,0.3435972668392779,0.46005584267985894,0.4623087098958766,0.6291376335252739,0.3079969452532059,2.340667139815472,3298.0,1409,2.533218291630716,2936.0,1159,3.0263388937664617,3447.0,1139,5.315656565656566,2105.0,396,3.409669211195929,1340.0,393,9.3125,3427.0,368,5.549707602339181,1898.0,342,11.763092269326684,4717.0,401,5.420863309352518,1507.0,278,10.743283582089552,3599.0,335,8.835734870317003,3066.0,347,5.98744769874477,1431.0,239,7.682065217391305,2827.0,368,9.278645833333334,3563.0,384,10.020958083832335,3347.0,334,7.577060931899641,2114.0,279,24.6,6519.0,265,5.626315789473685,1069.0,190,12.03125,4235.0,352,11.772946859903382,2437.0,207,6.846846846846847,1520.0,222,3.5473684210526315,337.0,95,2.546468401486989,685.0,269,8.418032786885245,1027.0,122,6.5358649789029535,1549.0,237,17.205479452054796,2512.0,146,30.755474452554743,8427.0,274,1.4477611940298507,194.0,134,6.559633027522936,715.0,109,14.246031746031745,1795.0,126,5.454545454545454,720.0,132,31.65340909090909,5571.0,176,1.4666666666666666,154.0,105,35.96208530805687,7588.0,211,5.7727272727272725,508.0,88,41.082644628099175,4971.0,121,12.955357142857142,1451.0,112,10.909090909090908,360.0,33,1.1772151898734178,93.0,79,4.333333333333333,13.0,3,1.0,2.0,2,1.0,4.0,4,6.375,51.0,8,1.5408163265306123,151.0,98,1.0,4.0,4,5.696969696969697,188.0,33,1.7857142857142858,50.0,28,4.151515151515151,274.0,66,2.3333333333333335,7.0,3,35.78787878787879,1181.0,33,39.707317073170735,3256.0,82,1.5,3.0,2,1.3888888888888888,25.0,18,1.8666666666666667,28.0,15,11.777777777777779,106.0,9,1.2058823529411764,41.0,34,0.0,0.0,0,1.0,5.0,5,1.9883720930232558,171.0,86,1.6666666666666667,5.0,3,0.0,0.0,0,0.0,0.0,0,1.5,3.0,2,2.090909090909091,46.0,22,0.0,0.0,0,34.793103448275865,1009.0,29,1.0,1.0,1,3.5454545454545454,39.0,11,2.0,4.0,2,7.5,15.0,2,5.0,20.0,4,1.0,1.0,1,107.0,2140.0,20,0.0,0.0,0,1.263157894736842,24.0,19,2.607142857142857,73.0,28,3.4,17.0,5,0.0,0.0,0,5.333333333333333,16.0,3,1.0,1.0,1,0.0,0.0,0,1.0,1.0,1,7.333333333333333,44.0,6,0.0,0.0,0,3.176470588235294,54.0,17,3.0,9.0,3,1.0,3.0,3,1.0,5.0,5,0.0,0.0,0,0.043859649122807015,0.4298245614035088,0.2149122807017544,0.31140350877192985,0.0,0.5165094339622641,0.05306603773584906,0.43042452830188677,0.03862660944206009,0.2463519313304721,0.15450643776824036,0.5605150214592275,0.10876623376623376,0.17532467532467533,0.577922077922078,0.137987012987013,0.0703166935050993,0.09232420826623725,0.7804616210413312,0.05689747718733226
NV15-B7B8__2020-01-02__DO-40-2107,-0.3610467345415983,-0.07692340794103547,0.07679084449983561,0.018407880919454334,0.034412178172473766,-0.006216194895146302,0.03699596258028548,0.06835839108667952,-0.08096256649077392,0.010022560700722908,-0.013516203432430686,-0.018043542365094582,-0.5372524639292862,-0.13783858761866652,0.04757890365161205,0.006533794384107713,0.03668710763154356,-0.007728059676003969,0.05371495111702153,0.07338215269711004,-0.082717412662397,-0.040996012974723606,0.0042531939659509466,-0.02984517211715732,0.8484065491386825,1.0082978141127537,0.8413149652345017,0.618065285253029,0.6638775995538332,0.5926834872694223,0.5820742785455922,0.31838169557622886,0.4536523865666778,0.3420273389837392,0.26827584867129073,0.22809472132103795,2.2505985634477255,5640.0,2506,2.312374245472837,4597.0,1988,2.4839203675344566,4866.0,1959,5.256728778467909,2539.0,483,4.690140845070423,333.0,71,7.868705035971223,4375.0,556,5.096045197740113,1804.0,354,9.831119544592031,5181.0,527,5.944976076555024,2485.0,418,10.516233766233766,3239.0,308,7.77991452991453,3641.0,468,5.456422018348624,2379.0,436,8.914893617021276,2095.0,235,7.764900662251655,2345.0,302,9.858536585365854,2021.0,205,8.488888888888889,1910.0,225,32.88737201365188,9636.0,293,5.607638888888889,1615.0,288,10.413461538461538,3249.0,312,11.050761421319796,2177.0,197,5.863636363636363,1290.0,220,3.303030303030303,218.0,66,2.2,110.0,50,7.885714285714286,2484.0,315,8.142857142857142,627.0,77,17.641304347826086,1623.0,92,29.513274336283185,3335.0,113,1.3333333333333333,8.0,6,7.767068273092369,1934.0,249,10.689655172413794,310.0,29,5.918367346938775,290.0,49,35.45634920634921,8935.0,252,1.9,19.0,10,37.16438356164384,5426.0,146,4.25,85.0,20,38.98192771084337,6471.0,166,14.495652173913044,3334.0,230,6.321428571428571,177.0,28,1.2,6.0,5,4.0,16.0,4,1.4705882352941178,25.0,17,1.0,2.0,2,11.820512820512821,922.0,78,2.2148760330578514,268.0,121,1.0,3.0,3,4.9,98.0,20,1.3333333333333333,8.0,6,3.479591836734694,341.0,98,1.3333333333333333,4.0,3,35.375,283.0,8,47.63636363636363,1572.0,33,0.0,0.0,0,1.0,4.0,4,3.0,9.0,3,7.0,7.0,1,1.358974358974359,53.0,39,5.0,20.0,4,1.0,1.0,1,1.75,7.0,4,1.8571428571428572,13.0,7,0.0,0.0,0,0.0,0.0,0,0.0,0.0,0,2.4909090909090907,137.0,55,0.0,0.0,0,49.6,496.0,10,0.0,0.0,0,4.9411764705882355,84.0,17,1.0,1.0,1,3.3333333333333335,10.0,3,11.5,23.0,2,0.0,0.0,0,84.55555555555556,761.0,9,0.0,0.0,0,2.0,6.0,3,2.5238095238095237,106.0,42,3.0714285714285716,43.0,14,0.0,0.0,0,0.0,0.0,0,0.0,0.0,0,4.5,9.0,2,1.0,1.0,1,0.0,0.0,0,0.0,0.0,0,0.0,0.0,0,5.0,5.0,1,1.0,2.0,2,0.0,0.0,0,0.0,0.0,0,0.07317073170731707,0.47317073170731705,0.024390243902439025,0.4292682926829268,0.0009587727708533077,0.4304889741131352,0.04218600191754554,0.5263662511984659,0.024157660521296885,0.23744437380801017,0.05816910362364908,0.6802288620470439,0.0196078431372549,0.3137254901960784,0.6111111111111112,0.05555555555555555,0.08706208810267083,0.08116545265348596,0.8102670828997572,0.021505376344086023
NV15-B7B8__2021-01-18__DO-40-2141,-0.41205004184431215,-0.36754729114369206,0.04541747380774398,0.06173763392248942,0.08105965349398953,-0.04062824502415544,0.043907160693609795,0.029548860957177514,-0.0907549340626004,0.07238911250920833,0.008687332476480458,0.0628733285939847,-0.512252579783627,-0.45861802427238485,0.03519193050638281,0.041819545207258516,0.056151525478061654,-0.03776781356235794,0.057501343360908064,0.02381287423280348,-0.0785755443371981,-0.02952759326024517,0.020576276676280196,0.04126238129107751,0.3985983211568499,0.6550279659904552,0.32124821678365445,0.2493106076333443,0.24094263503213226,0.3146099592009208,0.3146503410057145,0.1694267023429902,0.376636029371818,0.36224466457953114,0.2004603436587064,0.2022457588320113,1.9793814432989691,1152.0,582,3.0104166666666665,1445.0,480,2.4988290398126463,1067.0,427,4.558558558558558,506.0,111,6.181818181818182,68.0,11,7.628865979381444,740.0,97,5.643939393939394,745.0,132,9.156862745098039,934.0,102,5.630769230769231,366.0,65,10.458333333333334,1506.0,144,6.890909090909091,758.0,110,5.7371428571428575,1004.0,175,6.0,96.0,16,6.404761904761905,269.0,42,8.38888888888889,151.0,18,8.819672131147541,1076.0,122,22.689655172413794,658.0,29,5.75,460.0,80,7.956521739130435,183.0,23,11.797619047619047,991.0,84,5.485714285714286,192.0,35,4.4,176.0,40,2.28125,73.0,32,12.0,1812.0,151,7.68,192.0,25,16.0,448.0,28,7.5,45.0,6,1.0,1.0,1,7.354838709677419,228.0,31,5.0,5.0,1,4.833333333333333,29.0,6,19.428571428571427,544.0,28,1.0,2.0,2,66.0,594.0,9,5.0,15.0,3,28.88888888888889,520.0,18,6.266666666666667,94.0,15,8.0,40.0,5,1.0,2.0,2,0.0,0.0,0,0.0,0.0,0,0.0,0.0,0,3.0,6.0,2,2.0,2.0,1,0.0,0.0,0,11.0,11.0,1,0.0,0.0,0,1.0,2.0,2,0.0,0.0,0,0.0,0.0,0,0.0,0.0,0,0.0,0.0,0,1.0,1.0,1,3.0,3.0,1,0.0,0.0,0,0.0,0.0,0,0.0,0.0,0,0.0,0.0,0,0.0,0.0,0,5.0,5.0,1,0.0,0.0,0,0.0,0.0,0,0.0,0.0,0,0.0,0.0,0,0.0,0.0,0,38.5,77.0,2,0.0,0.0,0,3.8,19.0,5,0.0,0.0,0,0.0,0.0,0,0.0,0.0,0,0.0,0.0,0,0.0,0.0,0,0.0,0.0,0,0.0,0.0,0,0.0,0.0,0,6.333333333333333,19.0,3,0.0,0.0,0,0.0,0.0,0,0.0,0.0,0,17.25,69.0,4,0.0,0.0,0,0.0,0.0,0,0.0,0.0,0,0.0,0.0,0,0.0,0.0,0,0.0,0.0,0,0.0,0.0,0,0.0,0.0,0,0.0625,0.3125,0.03125,0.59375,0.0,0.38405797101449274,0.06884057971014493,0.5471014492753623,0.032171581769437,0.2359249329758713,0.09919571045576407,0.6327077747989276,0.02459016393442623,0.3360655737704918,0.5983606557377049,0.040983606557377046,0.02900763358778626,0.09618320610687023,0.8458015267175573,0.02900763358778626
NV15-B7B8__2021-02-04__DO-40-2181,-0.08083708818840894,0.2080154138973362,0.037669059117387126,0.00910474308493723,0.04296995017694681,-0.038071677632573464,0.1494267329326424,0.0999489252037647,-0.12435195824612834,0.1611656783226114,0.040988748607309444,0.0010935374967788994,-0.269935010625162,0.1765219111217028,-0.016658646961406665,0.0300876122062743,0.0631965797055059,-0.06633843846664782,0.16909286689270395,0.08987748418497848,-0.09405744150343155,0.046043507415596985,0.051415002176539354,-0.022704013206251414,0.7215824092503593,0.8926962534733517,0.7180581930605989,0.5098678561879025,0.526639203220835,0.42586384372507763,0.45783415306585373,0.27928010647915247,0.3682369601166805,0.40884039668110134,0.32181091978195825,0.258267211174784,2.627669902912621,5413.0,2060,3.3644314868804663,5770.0,1715,2.117806364251862,3128.0,1477,5.3532934131736525,2682.0,501,4.83030303030303,797.0,165,8.696078431372548,3548.0,408,5.618819776714513,3523.0,627,9.844827586206897,3997.0,406,5.990990990990991,2660.0,444,12.894049346879536,8884.0,689,9.007915567282321,3414.0,379,6.960725075528701,2304.0,331,9.861958266452648,6144.0,623,8.888594164456233,3351.0,377,11.255775577557756,6821.0,606,7.403716216216216,4383.0,592,17.214912280701753,3925.0,228,6.200704225352113,1761.0,284,11.736434108527131,3028.0,258,14.574007220216606,4037.0,277,6.61520190023753,2785.0,421,3.4917127071823204,632.0,181,2.525,505.0,200,5.0,725.0,145,6.977142857142857,1221.0,175,17.870192307692307,3717.0,208,23.811764705882354,8096.0,340,1.3142857142857143,46.0,35,4.866279069767442,837.0,172,10.538461538461538,411.0,39,6.041095890410959,441.0,73,20.580357142857142,2305.0,112,1.4883720930232558,64.0,43,21.157894736842106,2010.0,95,7.305555555555555,526.0,72,20.023255813953487,861.0,43,6.55,131.0,20,5.405405405405405,200.0,37,1.105263157894737,21.0,19,4.0,16.0,4,0.0,0.0,0,1.25,5.0,4,4.5,9.0,2,1.1666666666666667,21.0,18,1.0,5.0,5,7.0,77.0,11,2.5,5.0,2,2.1666666666666665,13.0,6,1.0,2.0,2,41.833333333333336,502.0,12,49.15384615384615,639.0,13,1.0,2.0,2,1.25,10.0,8,1.3571428571428572,19.0,14,3.6666666666666665,11.0,3,1.0,8.0,8,3.0,9.0,3,1.0,2.0,2,1.0,2.0,2,1.0,1.0,1,1.0,1.0,1,1.0,1.0,1,0.0,0.0,0,0.0,0.0,0,0.0,0.0,0,46.73684210526316,888.0,19,0.0,0.0,0,0.0,0.0,0,2.4,12.0,5,1.0,1.0,1,11.0,11.0,1,1.0,1.0,1,48.285714285714285,676.0,14,1.0,2.0,2,1.1904761904761905,25.0,21,1.5,6.0,4,2.3333333333333335,7.0,3,1.0,3.0,3,1.5,3.0,2,0.0,0.0,0,0.0,0.0,0,1.0,1.0,1,4.0,8.0,2,1.0,1.0,1,3.857142857142857,27.0,7,5.5,11.0,2,0.0,0.0,0,1.0,2.0,2,0.0,0.0,0,0.06222222222222222,0.5044444444444445,0.1111111111111111,0.32222222222222224,0.0,0.42311365807067813,0.05635148042024833,0.5205348615090736,0.0626906133514063,0.22161978990172823,0.12504235852253473,0.5906472382243307,0.1045531197301855,0.19224283305227655,0.612141652613828,0.09106239460370995,0.09229534510433386,0.10232744783306581,0.7800963081861958,0.025280898876404494
NV15-B7B8__2021-02-04__DO-40-2184,-0.44694401152475777,0.155109970769463,-0.020092994153712213,-0.10465002282164373,0.008094676091065633,-0.15332476060711958,0.3148121576053129,0.09352024195701995,-0.05384754615697893,0.13212524695484293,-0.08297192728895801,-0.03604426370140733,-0.5862607469150373,0.15408451725676892,0.0010965873966921238,0.0010011535296473029,0.10833154161265111,-0.20745724601756704,0.07932692246685764,0.04059150489320636,-0.07045327731625095,0.043177810827123755,-0.058773539505104305,-0.040940144689635354,0.7584546487233754,0.9442712149309695,0.6212168419195211,0.9970166891378435,1.0957751626623462,1.5239135757635398,1.5424826466253736,0.46325477201935933,0.669168340696446,0.4950664475790752,0.34091236173037,0.31054789143357114,2.8617700729927007,6273.0,2192,2.950082281952825,5378.0,1823,2.9711168164313224,4629.0,1558,5.289285714285715,2962.0,560,3.476052249637155,2395.0,689,6.875,1980.0,288,5.974418604651163,5138.0,860,8.600877192982455,1961.0,228,5.604887983706721,2752.0,491,10.372379778051789,8412.0,811,7.0625,2034.0,288,6.5240464344941955,3934.0,603,6.548494983277592,1958.0,299,7.190243902439025,1474.0,205,8.338078291814947,2343.0,281,7.792163543441227,4574.0,587,28.6328125,3665.0,128,5.571428571428571,2652.0,476,8.655172413793103,1004.0,116,10.680555555555555,3076.0,288,6.6951754385964914,3053.0,456,4.412438625204583,2696.0,611,2.2,77.0,35,7.156652360515022,3335.0,466,6.25,200.0,32,12.533333333333333,1316.0,105,24.66949152542373,2911.0,118,1.344,168.0,125,10.885775862068966,5051.0,464,5.751937984496124,742.0,129,4.97945205479452,2181.0,438,36.095238095238095,3032.0,84,1.3943661971830985,198.0,142,25.384615384615383,990.0,39,6.150877192982456,1753.0,285,15.421052631578947,586.0,38,13.16915422885572,2647.0,201,5.327868852459017,325.0,61,1.702020202020202,337.0,198,3.0,3.0,1,1.0,1.0,1,0.0,0.0,0,18.142335766423358,4971.0,274,1.2758620689655173,74.0,58,1.3902439024390243,285.0,205,2.9714285714285715,104.0,35,1.4827586206896552,86.0,58,3.391304347826087,234.0,69,1.4,21.0,15,6.666666666666667,20.0,3,1.0,1.0,1,1.0,1.0,1,2.625,21.0,8,0.0,0.0,0,10.285714285714286,72.0,7,1.135135135135135,42.0,37,12.272727272727273,135.0,11,1.0,1.0,1,2.090909090909091,23.0,11,1.5121951219512195,124.0,82,0.0,0.0,0,0.0,0.0,0,0.0,0.0,0,2.0833333333333335,25.0,12,0.0,0.0,0,36.375,291.0,8,0.0,0.0,0,2.727272727272727,120.0,44,4.327586206896552,251.0,58,2.0,2.0,1,7.777777777777778,70.0,9,0.0,0.0,0,18.5,37.0,2,1.0,23.0,23,1.2857142857142858,9.0,7,2.1136363636363638,279.0,132,2.75,88.0,32,1.0416666666666667,25.0,24,3.4210526315789473,260.0,76,5.0,5.0,1,0.0,0.0,0,1.0,1.0,1,4.636363636363637,51.0,11,0.0,0.0,0,2.0555555555555554,148.0,72,5.0,5.0,1,0.0,0.0,0,2.6666666666666665,8.0,3,2.6666666666666665,40.0,15,0.07936507936507936,0.45351473922902497,0.027210884353741496,0.4399092970521542,0.0009389671361502347,0.4347417840375587,0.023474178403755867,0.5408450704225352,0.06300268096514745,0.2915549597855228,0.09517426273458444,0.5502680965147453,0.0707070707070707,0.2909090909090909,0.4868686868686869,0.15151515151515152,0.13031914893617022,0.0797872340425532,0.7511398176291794,0.03875379939209726
