orig_row_index,NetworkFilename,latent_embedding_mean_0,latent_embedding_mean_1,latent_embedding_mean_2,latent_embedding_mean_3,latent_embedding_median_0,latent_embedding_median_1,latent_embedding_median_2,latent_embedding_median_3,latent_embedding_std_0,latent_embedding_std_1,latent_embedding_std_2,latent_embedding_std_3,avg_bout_length_0,total_duration_0,num_bouts_0,avg_bout_length_1,total_duration_1,num_bouts_1,avg_bout_length_2,total_duration_2,num_bouts_2,avg_bout_length_3,total_duration_3,num_bouts_3,avg_bout_length_4,total_duration_4,num_bouts_4,avg_bout_length_5,total_duration_5,num_bouts_5,avg_bout_length_6,total_duration_6,num_bouts_6,avg_bout_length_7,total_duration_7,num_bouts_7,avg_bout_length_8,total_duration_8,num_bouts_8,avg_bout_length_9,total_duration_9,num_bouts_9,avg_bout_length_10,total_duration_10,num_bouts_10,avg_bout_length_11,total_duration_11,num_bouts_11,avg_bout_length_12,total_duration_12,num_bouts_12,avg_bout_length_13,total_duration_13,num_bouts_13,avg_bout_length_14,total_duration_14,num_bouts_14,avg_bout_length_15,total_duration_15,num_bouts_15,avg_bout_length_16,total_duration_16,num_bouts_16,avg_bout_length_17,total_duration_17,num_bouts_17,avg_bout_length_18,total_duration_18,num_bouts_18,avg_bout_length_19,total_duration_19,num_bouts_19,avg_bout_length_20,total_duration_20,num_bouts_20,avg_bout_length_21,total_duration_21,num_bouts_21,avg_bout_length_22,total_duration_22,num_bouts_22,avg_bout_length_23,total_duration_23,num_bouts_23,avg_bout_length_24,total_duration_24,num_bouts_24,avg_bout_length_25,total_duration_25,num_bouts_25,avg_bout_length_26,total_duration_26,num_bouts_26,avg_bout_length_27,total_duration_27,num_bouts_27,avg_bout_length_28,total_duration_28,num_bouts_28,avg_bout_length_29,total_duration_29,num_bouts_29,avg_bout_length_30,total_duration_30,num_bouts_30,avg_bout_length_31,total_duration_31,num_bouts_31,avg_bout_length_32,total_duration_32,num_bouts_32,avg_bout_length_33,total_duration_33,num_bouts_33,avg_bout_length_34,total_duration_34,num_bouts_34,avg_bout_length_35,total_duration_35,num_bouts_35,avg_bout_length_36,total_duration_36,num_bouts_36,avg_bout_length_37,total_duration_37,num_bouts_37,avg_bout_length_38,total_duration_38,num_bouts_38,avg_bout_length_39,total_duration_39,num_bouts_39,avg_bout_length_40,total_duration_40,num_bouts_40,avg_bout_length_41,total_duration_41,num_bouts_41,avg_bout_length_42,total_duration_42,num_bouts_42,avg_bout_length_43,total_duration_43,num_bouts_43,avg_bout_length_44,total_duration_44,num_bouts_44,avg_bout_length_45,total_duration_45,num_bouts_45,avg_bout_length_46,total_duration_46,num_bouts_46,avg_bout_length_47,total_duration_47,num_bouts_47,avg_bout_length_48,total_duration_48,num_bouts_48,avg_bout_length_49,total_duration_49,num_bouts_49,avg_bout_length_50,total_duration_50,num_bouts_50,avg_bout_length_51,total_duration_51,num_bouts_51,avg_bout_length_52,total_duration_52,num_bouts_52,avg_bout_length_53,total_duration_53,num_bouts_53,avg_bout_length_54,total_duration_54,num_bouts_54,avg_bout_length_55,total_duration_55,num_bouts_55,avg_bout_length_56,total_duration_56,num_bouts_56,avg_bout_length_57,total_duration_57,num_bouts_57,avg_bout_length_58,total_duration_58,num_bouts_58,avg_bout_length_59,total_duration_59,num_bouts_59,avg_bout_length_60,total_duration_60,num_bouts_60,avg_bout_length_61,total_duration_61,num_bouts_61,avg_bout_length_62,total_duration_62,num_bouts_62,avg_bout_length_63,total_duration_63,num_bouts_63,avg_bout_length_64,total_duration_64,num_bouts_64,avg_bout_length_65,total_duration_65,num_bouts_65,avg_bout_length_66,total_duration_66,num_bouts_66,avg_bout_length_67,total_duration_67,num_bouts_67,avg_bout_length_68,total_duration_68,num_bouts_68,avg_bout_length_69,total_duration_69,num_bouts_69,avg_bout_length_70,total_duration_70,num_bouts_70,avg_bout_length_71,total_duration_71,num_bouts_71,avg_bout_length_72,total_duration_72,num_bouts_72,avg_bout_length_73,total_duration_73,num_bouts_73,avg_bout_length_74,total_duration_74,num_bouts_74,avg_bout_length_75,total_duration_75,num_bouts_75,avg_bout_length_76,total_duration_76,num_bouts_76,avg_bout_length_77,total_duration_77,num_bouts_77,avg_bout_length_78,total_duration_78,num_bouts_78,avg_bout_length_79,total_duration_79,num_bouts_79,avg_bout_length_81,total_duration_81,num_bouts_81,avg_bout_length_82,total_duration_82,num_bouts_82,avg_bout_length_83,total_duration_83,num_bouts_83,avg_bout_length_84,total_duration_84,num_bouts_84,avg_bout_length_85,total_duration_85,num_bouts_85,avg_bout_length_86,total_duration_86,num_bouts_86,avg_bout_length_87,total_duration_87,num_bouts_87,avg_bout_length_88,total_duration_88,num_bouts_88,avg_bout_length_89,total_duration_89,num_bouts_89,avg_bout_length_90,total_duration_90,num_bouts_90,avg_bout_length_91,total_duration_91,num_bouts_91,transition_matrix_kpms_dendrogram_0_kpms_dendrogram_1,transition_matrix_kpms_dendrogram_0_kpms_dendrogram_2,transition_matrix_kpms_dendrogram_0_kpms_dendrogram_3,transition_matrix_kpms_dendrogram_0_kpms_dendrogram_4,transition_matrix_kpms_dendrogram_1_kpms_dendrogram_0,transition_matrix_kpms_dendrogram_1_kpms_dendrogram_2,transition_matrix_kpms_dendrogram_1_kpms_dendrogram_3,transition_matrix_kpms_dendrogram_1_kpms_dendrogram_4,transition_matrix_kpms_dendrogram_2_kpms_dendrogram_0,transition_matrix_kpms_dendrogram_2_kpms_dendrogram_1,transition_matrix_kpms_dendrogram_2_kpms_dendrogram_3,transition_matrix_kpms_dendrogram_2_kpms_dendrogram_4,transition_matrix_kpms_dendrogram_3_kpms_dendrogram_0,transition_matrix_kpms_dendrogram_3_kpms_dendrogram_1,transition_matrix_kpms_dendrogram_3_kpms_dendrogram_2,transition_matrix_kpms_dendrogram_3_kpms_dendrogram_4,transition_matrix_kpms_dendrogram_4_kpms_dendrogram_0,transition_matrix_kpms_dendrogram_4_kpms_dendrogram_1,transition_matrix_kpms_dendrogram_4_kpms_dendrogram_2,transition_matrix_kpms_dendrogram_4_kpms_dendrogram_3,avg_bout_length_80,total_duration_80,num_bouts_80,avg_bout_length_92,total_duration_92,num_bouts_92,avg_bout_length_93,total_duration_93,num_bouts_93,avg_bout_length_94,total_duration_94,num_bouts_94,PoseFilename,Batch,Tester,AgeGroup,MouseID,Strain,Diet,Weight,Sex,AgeW,AgeAtVid,CFI_norm,FLL,score,median_angular_velocity,median_base_tail_lateral_displacement,median_limb_duty_factor,median_nose_lateral_displacement,median_speed_cm_per_sec,median_step_length1,median_step_width,median_stride_length,median_tip_tail_lateral_displacement,stride_count,angular_velocity_iqr,base_tail_lateral_displacement_iqr,limb_duty_factor_iqr,nose_lateral_displacement_iqr,speed_cm_per_sec_iqr,step_length1_iqr,step_width_iqr,stride_length_iqr,tip_tail_lateral_displacement_iqr,median_length,median_width,dAC_mean,dAC_stdev,dAC_min,dAC_median,dB_mean,dB_stdev,dB_max,dB_median,aABC_mean,aABC_stdev,aABC_min,aABC_median,dAC_nongait_mean,dAC_nongait_stdev,dAC_nongait_median,dB_nongait_max,dB_nongait_median,aABC_nongait_mean,aABC_nongait_stdev,aABC_nongait_median,distance_cm,center_time_secs,periphery_time_secs,corner_time_secs,center_distance_cm,periphery_distance_cm,corner_distance_cm,grooming_number_bouts,grooming_duration_secs,Rearing_supported_T5,Rearing_supported_T20,Rearing_supported_T55,Rearing_unsupported_T5,Rearing_unsupported_T20,Rearing_unsupported_T55,Grooming_T5,Grooming_T20,Grooming_T55,duplicate_group,dup_type
14,LL1-B6/2021-06-08_SPD/AgedB6-2259,-0.135995193888238,-0.153553215315316,-0.400256986538944,-0.119538277063025,-0.20788945994222,-0.387274954958112,-0.446972361484305,-0.142765641178642,1.11564321886904,0.863551728387453,1.02742163953981,1.10716759396163,9.87937743190662,2539.0,257,10.4152046783626,1781.0,171,8.544,2136.0,250,8.94642857142857,1503.0,168,12.3669064748201,1719.0,139,6.0952380952381,768.0,126,10.5853658536585,2170.0,205,8.79285714285714,1231.0,140,10.6936936936937,1187.0,111,15.6219512195122,2562.0,164,11.58,1737.0,150,12.3870967741935,1536.0,124,11.2614379084967,1723.0,153,7.26732673267327,734.0,101,9.18260869565217,1056.0,115,12.983606557377,1584.0,122,7.28421052631579,692.0,95,13.64,1364.0,100,15.8604651162791,1364.0,86,11.8315789473684,1124.0,95,14.5564516129032,1805.0,124,15.3229166666667,1471.0,96,17.7731092436975,2115.0,119,12.6990291262136,1308.0,103,9.56122448979592,937.0,98,17.4197530864198,1411.0,81,11.5227272727273,1014.0,88,15.5483870967742,1446.0,93,11.8602150537634,1103.0,93,13.4468085106383,1264.0,94,29.0340909090909,2555.0,88,8.48275862068965,492.0,58,15.5,1054.0,68,11.4193548387097,1062.0,93,13.1923076923077,1029.0,78,15.1139240506329,1194.0,79,19.8333333333333,1071.0,54,6.87037037037037,371.0,54,15.4365079365079,1945.0,126,12.8936170212766,606.0,47,30.0422535211268,2133.0,71,28.3061224489796,1387.0,49,13.2025316455696,1043.0,79,45.041095890411,3288.0,73,10.9189189189189,404.0,37,20.6111111111111,742.0,36,16.3666666666667,491.0,30,16.6964285714286,935.0,56,15.6376811594203,1079.0,69,14.6041666666667,701.0,48,19.0192307692308,1978.0,104,13.0,546.0,42,16.6559139784946,1549.0,93,17.8214285714286,499.0,28,20.3928571428571,1713.0,84,13.3947368421053,509.0,38,18.609756097561,763.0,41,14.5833333333333,525.0,36,27.1111111111111,1220.0,45,21.4705882352941,1095.0,51,17.4838709677419,542.0,31,62.5,875.0,14,59.0869565217391,1359.0,23,34.037037037037,919.0,27,37.0967741935484,1150.0,31,13.05,261.0,20,20.7857142857143,291.0,14,44.0,616.0,14,32.7021276595745,1537.0,47,12.0,516.0,43,48.8181818181818,537.0,11,45.4545454545455,500.0,11,3.06666666666667,46.0,15,9.0,153.0,17,60.6666666666667,728.0,12,29.9230769230769,389.0,13,30.0,330.0,11,63.4444444444444,571.0,9,63.2,316.0,5,43.5,87.0,2,104.8,1048.0,10,0.0,0.0,0,101.0,202.0,2,41.8,209.0,5,132.0,132.0,1,68.0,136.0,2,4.0,12.0,3,31.2857142857143,219.0,7,0.0,0.0,0,110.0,110.0,1,0.0,0.0,0,0.65843621399177,0.304526748971193,0.0301783264746227,0.0068587105624142,0.875502008032129,0.0863453815261044,0.0100401606425702,0.0281124497991967,0.42327150084317,0.0151770657672849,0.556492411467116,0.0050590219224283,0.0915662650602409,0.0048192771084337,0.739759036144578,0.163855421686747,0.0,0.2,0.0,0.8,16.2,81.0,5,0.0,0.0,0,116.5,233.0,2,0.0,0.0,0.0,AgedB6-2259,Batch3,Gaven,3.0,AgedB6-2259,B6,AL,37.81,Female,96.0,96.0,0.357142857,,9.999999996,1.352889912,0.214826676,0.636363636,0.137474659,15.38842018,2.562107286,2.88235515,4.413596597,0.621782531,828.0,45.09156526,0.087857281,0.158333333,0.172009455,5.568891521,1.513269325,0.505106258,1.841792046,0.324426009,67.15910721,32.78792,0.674066247,0.112621984,0.15242769,0.682528919,4.147758482,2.829805118,23.42007686,3.535533906,160.7831724,16.99706689,28.12373538,164.5711769,0.108386021,0.046347883,0.106896125,578.6613863,12.36931688,154.441159,24.76280323,159.9784289,4.977485949,969.7334,2030.266,672.1337,4403.219,11177.352,2968.102,6.0,62.96674,0.0706666666666667,0.0477222222222222,0.0413434343434343,0.0071111111111111,0.0194722222222222,0.0386060606060606,0.016,0.024,0.0366161616161616,2,partial
15,LL1-B6/2021-06-08_SPD/AgedB6-2259,-0.135995193888238,-0.153553215315316,-0.400256986538944,-0.119538277063025,-0.20788945994222,-0.387274954958112,-0.446972361484305,-0.142765641178642,1.11564321886904,0.863551728387453,1.02742163953981,1.10716759396163,9.87937743190662,2539.0,257,10.4152046783626,1781.0,171,8.544,2136.0,250,8.94642857142857,1503.0,168,12.3669064748201,1719.0,139,6.0952380952381,768.0,126,10.5853658536585,2170.0,205,8.79285714285714,1231.0,140,10.6936936936937,1187.0,111,15.6219512195122,2562.0,164,11.58,1737.0,150,12.3870967741935,1536.0,124,11.2614379084967,1723.0,153,7.26732673267327,734.0,101,9.18260869565217,1056.0,115,12.983606557377,1584.0,122,7.28421052631579,692.0,95,13.64,1364.0,100,15.8604651162791,1364.0,86,11.8315789473684,1124.0,95,14.5564516129032,1805.0,124,15.3229166666667,1471.0,96,17.7731092436975,2115.0,119,12.6990291262136,1308.0,103,9.56122448979592,937.0,98,17.4197530864198,1411.0,81,11.5227272727273,1014.0,88,15.5483870967742,1446.0,93,11.8602150537634,1103.0,93,13.4468085106383,1264.0,94,29.0340909090909,2555.0,88,8.48275862068965,492.0,58,15.5,1054.0,68,11.4193548387097,1062.0,93,13.1923076923077,1029.0,78,15.1139240506329,1194.0,79,19.8333333333333,1071.0,54,6.87037037037037,371.0,54,15.4365079365079,1945.0,126,12.8936170212766,606.0,47,30.0422535211268,2133.0,71,28.3061224489796,1387.0,49,13.2025316455696,1043.0,79,45.041095890411,3288.0,73,10.9189189189189,404.0,37,20.6111111111111,742.0,36,16.3666666666667,491.0,30,16.6964285714286,935.0,56,15.6376811594203,1079.0,69,14.6041666666667,701.0,48,19.0192307692308,1978.0,104,13.0,546.0,42,16.6559139784946,1549.0,93,17.8214285714286,499.0,28,20.3928571428571,1713.0,84,13.3947368421053,509.0,38,18.609756097561,763.0,41,14.5833333333333,525.0,36,27.1111111111111,1220.0,45,21.4705882352941,1095.0,51,17.4838709677419,542.0,31,62.5,875.0,14,59.0869565217391,1359.0,23,34.037037037037,919.0,27,37.0967741935484,1150.0,31,13.05,261.0,20,20.7857142857143,291.0,14,44.0,616.0,14,32.7021276595745,1537.0,47,12.0,516.0,43,48.8181818181818,537.0,11,45.4545454545455,500.0,11,3.06666666666667,46.0,15,9.0,153.0,17,60.6666666666667,728.0,12,29.9230769230769,389.0,13,30.0,330.0,11,63.4444444444444,571.0,9,63.2,316.0,5,43.5,87.0,2,104.8,1048.0,10,0.0,0.0,0,101.0,202.0,2,41.8,209.0,5,132.0,132.0,1,68.0,136.0,2,4.0,12.0,3,31.2857142857143,219.0,7,0.0,0.0,0,110.0,110.0,1,0.0,0.0,0,0.65843621399177,0.304526748971193,0.0301783264746227,0.0068587105624142,0.875502008032129,0.0863453815261044,0.0100401606425702,0.0281124497991967,0.42327150084317,0.0151770657672849,0.556492411467116,0.0050590219224283,0.0915662650602409,0.0048192771084337,0.739759036144578,0.163855421686747,0.0,0.2,0.0,0.8,16.2,81.0,5,0.0,0.0,0,116.5,233.0,2,0.0,0.0,0.0,AgedB6-2259,Batch3,Gaven,3.0,AgedB6-2259,B6,AL,37.81,Female,96.0,96.0,0.357142857,,9.999999996,1.352889912,0.214826676,0.636363636,0.137474659,15.38842018,2.562107286,2.88235515,4.413596597,0.621782531,828.0,45.09156526,0.087857281,0.158333333,0.172009455,5.568891521,1.513269325,0.505106258,1.841792046,0.324426009,67.15910721,32.78792,0.674066247,0.112621984,0.15242769,0.682528919,4.147758482,2.829805118,23.42007686,3.535533906,160.7831724,16.99706689,28.12373538,164.5711769,0.108386021,0.046347883,0.106896125,578.6613863,12.36931688,154.441159,24.76280323,159.9784289,4.977485949,969.7334,2030.266,672.1337,4403.219,11177.352,2968.102,6.0,62.96674,0.0706666666666667,0.0477222222222222,0.0413434343434343,0.0071111111111111,0.0194722222222222,0.0386060606060606,0.016,0.024,0.0366161616161616,2,partial
62,LL3-B2B/2020-01-02_SPD/LL3-4_AgedB6-0842,-0.11111342707929,0.0846029827397883,0.386938865264094,-0.0181136212325221,-0.2134467098362,-0.116284663731402,0.348755801096328,-0.0516767059815345,0.999246120830239,0.915903715174468,1.00614837006796,0.90175542586706,11.0417754569191,4229.0,383,11.6666666666667,2695.0,231,9.78716216216216,2897.0,296,9.6421568627451,1967.0,204,12.9673913043478,2386.0,184,8.10894941634241,2084.0,257,12.37899543379,2711.0,219,7.74752475247525,1565.0,202,12.6949152542373,2247.0,177,15.0093457943925,3212.0,214,11.885,2377.0,200,10.7133333333333,1607.0,150,13.9399141630901,3248.0,233,8.15384615384615,1060.0,130,7.072,884.0,125,18.2978723404255,3440.0,188,7.85026737967914,1468.0,187,12.8153846153846,1666.0,130,17.0655737704918,2082.0,122,9.32191780821918,1361.0,146,11.7448275862069,1703.0,145,13.3551401869159,1429.0,107,15.3461538461538,1995.0,130,16.2967032967033,1483.0,91,8.57462686567164,1149.0,134,17.0606060606061,2252.0,132,14.120253164557,2231.0,158,10.7102803738318,1146.0,107,8.36792452830189,887.0,106,16.0102040816327,1569.0,98,27.8440366972477,3035.0,109,7.45333333333333,559.0,75,11.9393939393939,1182.0,99,9.33766233766234,719.0,77,15.8620689655172,1840.0,116,13.2658227848101,1048.0,79,18.1029411764706,1231.0,68,8.18867924528302,434.0,53,13.725,1647.0,120,10.5818181818182,582.0,55,28.8688524590164,1761.0,61,31.1111111111111,2240.0,72,10.5714285714286,592.0,56,34.0769230769231,1772.0,52,7.84,392.0,50,21.3974358974359,1669.0,78,27.0408163265306,2650.0,98,11.5714285714286,405.0,35,13.6630434782609,1257.0,92,8.56,428.0,50,14.2837837837838,1057.0,74,17.6966292134831,1575.0,89,18.9242424242424,1249.0,66,28.3846153846154,738.0,26,17.5416666666667,842.0,48,12.0,972.0,81,11.8888888888889,321.0,27,19.712962962963,2129.0,108,32.58,1629.0,50,25.7027027027027,951.0,37,13.6923076923077,356.0,26,45.375,726.0,16,63.4545454545455,698.0,11,31.2244897959184,1530.0,49,14.5294117647059,247.0,17,21.0,189.0,9,21.0769230769231,822.0,39,53.2692307692308,1385.0,26,13.9090909090909,153.0,11,4.5,36.0,8,43.2222222222222,389.0,9,141.642857142857,1983.0,14,5.0,10.0,2,17.6666666666667,53.0,3,37.6666666666667,226.0,6,42.0,168.0,4,27.0714285714286,379.0,14,0.0,0.0,0,0.0,0.0,0,35.2,176.0,5,42.3333333333333,127.0,3,88.0,88.0,1,0.0,0.0,0,0.0,0.0,0,79.0,316.0,4,0.0,0.0,0,7.0,7.0,1,0.0,0.0,0,0.0,0.0,0,0.0,0.0,0,0.0,0.0,0,0.64018691588785,0.332943925233645,0.0210280373831775,0.0058411214953271,0.844178082191781,0.11986301369863,0.0136986301369863,0.0222602739726027,0.424936386768448,0.0063613231552162,0.568702290076336,0.0,0.0875232774674115,0.0204841713221601,0.76536312849162,0.126629422718808,0.0,0.217948717948718,0.0,0.782051282051282,11.5,23.0,2,106.0,106.0,1,0.0,0.0,0,0.0,0.0,0.0,LL3-4_AgedB6-0842,Batch1,Mackenzie,1.0,AgedB6-0842,B6,AL,26.28,Female,20.0,20.0,0.080357143,,2.250000004,-4.364603797,0.179803911,0.6,0.098936593,18.70290882,2.697987928,2.631329452,4.953,0.483894004,1228.0,32.11008976,0.066309028,0.116666667,0.086956487,7.683279228,1.366298916,0.365469796,1.871635097,0.254122479,57.09081841,31.20369339,0.128292626,0.030710909,0.012781706,0.129380626,3.223160835,2.057135412,126.6658991,2.915475947,162.406315,15.65319597,33.45330945,166.617914,0.169609426,0.031029806,0.171240736,144.5415165,11.01135777,157.5370448,19.20869472,162.4075754,4.629159367,1219.785481,3582.34527,1657.22203,6999.784358,17018.3051,6144.08772,13.0,175.07496,0.0,0.0,0.0,0.0,0.0,0.0,0.0,0.0,0.0,4,partial
63,LL3-B2B/2020-01-02_SPD/LL3-4_AgedB6-0842,-0.11111342707929,0.0846029827397883,0.386938865264094,-0.0181136212325221,-0.2134467098362,-0.116284663731402,0.348755801096328,-0.0516767059815345,0.999246120830239,0.915903715174468,1.00614837006796,0.90175542586706,11.0417754569191,4229.0,383,11.6666666666667,2695.0,231,9.78716216216216,2897.0,296,9.6421568627451,1967.0,204,12.9673913043478,2386.0,184,8.10894941634241,2084.0,257,12.37899543379,2711.0,219,7.74752475247525,1565.0,202,12.6949152542373,2247.0,177,15.0093457943925,3212.0,214,11.885,2377.0,200,10.7133333333333,1607.0,150,13.9399141630901,3248.0,233,8.15384615384615,1060.0,130,7.072,884.0,125,18.2978723404255,3440.0,188,7.85026737967914,1468.0,187,12.8153846153846,1666.0,130,17.0655737704918,2082.0,122,9.32191780821918,1361.0,146,11.7448275862069,1703.0,145,13.3551401869159,1429.0,107,15.3461538461538,1995.0,130,16.2967032967033,1483.0,91,8.57462686567164,1149.0,134,17.0606060606061,2252.0,132,14.120253164557,2231.0,158,10.7102803738318,1146.0,107,8.36792452830189,887.0,106,16.0102040816327,1569.0,98,27.8440366972477,3035.0,109,7.45333333333333,559.0,75,11.9393939393939,1182.0,99,9.33766233766234,719.0,77,15.8620689655172,1840.0,116,13.2658227848101,1048.0,79,18.1029411764706,1231.0,68,8.18867924528302,434.0,53,13.725,1647.0,120,10.5818181818182,582.0,55,28.8688524590164,1761.0,61,31.1111111111111,2240.0,72,10.5714285714286,592.0,56,34.0769230769231,1772.0,52,7.84,392.0,50,21.3974358974359,1669.0,78,27.0408163265306,2650.0,98,11.5714285714286,405.0,35,13.6630434782609,1257.0,92,8.56,428.0,50,14.2837837837838,1057.0,74,17.6966292134831,1575.0,89,18.9242424242424,1249.0,66,28.3846153846154,738.0,26,17.5416666666667,842.0,48,12.0,972.0,81,11.8888888888889,321.0,27,19.712962962963,2129.0,108,32.58,1629.0,50,25.7027027027027,951.0,37,13.6923076923077,356.0,26,45.375,726.0,16,63.4545454545455,698.0,11,31.2244897959184,1530.0,49,14.5294117647059,247.0,17,21.0,189.0,9,21.0769230769231,822.0,39,53.2692307692308,1385.0,26,13.9090909090909,153.0,11,4.5,36.0,8,43.2222222222222,389.0,9,141.642857142857,1983.0,14,5.0,10.0,2,17.6666666666667,53.0,3,37.6666666666667,226.0,6,42.0,168.0,4,27.0714285714286,379.0,14,0.0,0.0,0,0.0,0.0,0,35.2,176.0,5,42.3333333333333,127.0,3,88.0,88.0,1,0.0,0.0,0,0.0,0.0,0,79.0,316.0,4,0.0,0.0,0,7.0,7.0,1,0.0,0.0,0,0.0,0.0,0,0.0,0.0,0,0.0,0.0,0,0.64018691588785,0.332943925233645,0.0210280373831775,0.0058411214953271,0.844178082191781,0.11986301369863,0.0136986301369863,0.0222602739726027,0.424936386768448,0.0063613231552162,0.568702290076336,0.0,0.0875232774674115,0.0204841713221601,0.76536312849162,0.126629422718808,0.0,0.217948717948718,0.0,0.782051282051282,11.5,23.0,2,106.0,106.0,1,0.0,0.0,0,0.0,0.0,0.0,LL3-4_AgedB6-0842,Batch1,Mackenzie,1.0,AgedB6-0842,B6,AL,26.28,Female,20.0,20.0,0.080357143,,2.250000004,-4.364603797,0.179803911,0.6,0.098936593,18.70290882,2.697987928,2.631329452,4.953,0.483894004,1228.0,32.11008976,0.066309028,0.116666667,0.086956487,7.683279228,1.366298916,0.365469796,1.871635097,0.254122479,57.09081841,31.20369339,0.128292626,0.030710909,0.012781706,0.129380626,3.223160835,2.057135412,126.6658991,2.915475947,162.406315,15.65319597,33.45330945,166.617914,0.169609426,0.031029806,0.171240736,144.5415165,11.01135777,157.5370448,19.20869472,162.4075754,4.629159367,1219.785481,3582.34527,1657.22203,6999.784358,17018.3051,6144.08772,13.0,175.07496,0.0,0.0,0.0,0.0,0.0,0.0,0.0,0.0,0.0,4,partial
64,LL3-B2B/2020-01-02_SPD/LL3-4_AgedB6-0842,-0.11111342707929,0.0846029827397883,0.386938865264094,-0.0181136212325221,-0.2134467098362,-0.116284663731402,0.348755801096328,-0.0516767059815345,0.999246120830239,0.915903715174468,1.00614837006796,0.90175542586706,11.0417754569191,4229.0,383,11.6666666666667,2695.0,231,9.78716216216216,2897.0,296,9.6421568627451,1967.0,204,12.9673913043478,2386.0,184,8.10894941634241,2084.0,257,12.37899543379,2711.0,219,7.74752475247525,1565.0,202,12.6949152542373,2247.0,177,15.0093457943925,3212.0,214,11.885,2377.0,200,10.7133333333333,1607.0,150,13.9399141630901,3248.0,233,8.15384615384615,1060.0,130,7.072,884.0,125,18.2978723404255,3440.0,188,7.85026737967914,1468.0,187,12.8153846153846,1666.0,130,17.0655737704918,2082.0,122,9.32191780821918,1361.0,146,11.7448275862069,1703.0,145,13.3551401869159,1429.0,107,15.3461538461538,1995.0,130,16.2967032967033,1483.0,91,8.57462686567164,1149.0,134,17.0606060606061,2252.0,132,14.120253164557,2231.0,158,10.7102803738318,1146.0,107,8.36792452830189,887.0,106,16.0102040816327,1569.0,98,27.8440366972477,3035.0,109,7.45333333333333,559.0,75,11.9393939393939,1182.0,99,9.33766233766234,719.0,77,15.8620689655172,1840.0,116,13.2658227848101,1048.0,79,18.1029411764706,1231.0,68,8.18867924528302,434.0,53,13.725,1647.0,120,10.5818181818182,582.0,55,28.8688524590164,1761.0,61,31.1111111111111,2240.0,72,10.5714285714286,592.0,56,34.0769230769231,1772.0,52,7.84,392.0,50,21.3974358974359,1669.0,78,27.0408163265306,2650.0,98,11.5714285714286,405.0,35,13.6630434782609,1257.0,92,8.56,428.0,50,14.2837837837838,1057.0,74,17.6966292134831,1575.0,89,18.9242424242424,1249.0,66,28.3846153846154,738.0,26,17.5416666666667,842.0,48,12.0,972.0,81,11.8888888888889,321.0,27,19.712962962963,2129.0,108,32.58,1629.0,50,25.7027027027027,951.0,37,13.6923076923077,356.0,26,45.375,726.0,16,63.4545454545455,698.0,11,31.2244897959184,1530.0,49,14.5294117647059,247.0,17,21.0,189.0,9,21.0769230769231,822.0,39,53.2692307692308,1385.0,26,13.9090909090909,153.0,11,4.5,36.0,8,43.2222222222222,389.0,9,141.642857142857,1983.0,14,5.0,10.0,2,17.6666666666667,53.0,3,37.6666666666667,226.0,6,42.0,168.0,4,27.0714285714286,379.0,14,0.0,0.0,0,0.0,0.0,0,35.2,176.0,5,42.3333333333333,127.0,3,88.0,88.0,1,0.0,0.0,0,0.0,0.0,0,79.0,316.0,4,0.0,0.0,0,7.0,7.0,1,0.0,0.0,0,0.0,0.0,0,0.0,0.0,0,0.0,0.0,0,0.64018691588785,0.332943925233645,0.0210280373831775,0.0058411214953271,0.844178082191781,0.11986301369863,0.0136986301369863,0.0222602739726027,0.424936386768448,0.0063613231552162,0.568702290076336,0.0,0.0875232774674115,0.0204841713221601,0.76536312849162,0.126629422718808,0.0,0.217948717948718,0.0,0.782051282051282,11.5,23.0,2,106.0,106.0,1,0.0,0.0,0,0.0,0.0,0.0,LL3-4_AgedB6-0842,Batch1,Mackenzie,1.0,AgedB6-0842,B6,AL,24.8,Female,24.0,24.0,0.098214286,,2.750000008,-4.364603797,0.179803911,0.6,0.098936593,18.70290882,2.697987928,2.631329452,4.953,0.483894004,1228.0,32.11008976,0.066309028,0.116666667,0.086956487,7.683279228,1.366298916,0.365469796,1.871635097,0.254122479,57.09081841,31.20369339,0.128292626,0.030710909,0.012781706,0.129380626,3.223160835,2.057135412,126.6658991,2.915475947,162.406315,15.65319597,33.45330945,166.617914,0.169609426,0.031029806,0.171240736,144.5415165,11.01135777,157.5370448,19.20869472,162.4075754,4.629159367,1219.785481,3582.34527,1657.22203,6999.784358,17018.3051,6144.08772,13.0,175.07496,0.0,0.0,0.0,0.0,0.0,0.0,0.0,0.0,0.0,4,partial
65,LL3-B2B/2020-01-02_SPD/LL3-4_AgedB6-0842,-0.11111342707929,0.0846029827397883,0.386938865264094,-0.0181136212325221,-0.2134467098362,-0.116284663731402,0.348755801096328,-0.0516767059815345,0.999246120830239,0.915903715174468,1.00614837006796,0.90175542586706,11.0417754569191,4229.0,383,11.6666666666667,2695.0,231,9.78716216216216,2897.0,296,9.6421568627451,1967.0,204,12.9673913043478,2386.0,184,8.10894941634241,2084.0,257,12.37899543379,2711.0,219,7.74752475247525,1565.0,202,12.6949152542373,2247.0,177,15.0093457943925,3212.0,214,11.885,2377.0,200,10.7133333333333,1607.0,150,13.9399141630901,3248.0,233,8.15384615384615,1060.0,130,7.072,884.0,125,18.2978723404255,3440.0,188,7.85026737967914,1468.0,187,12.8153846153846,1666.0,130,17.0655737704918,2082.0,122,9.32191780821918,1361.0,146,11.7448275862069,1703.0,145,13.3551401869159,1429.0,107,15.3461538461538,1995.0,130,16.2967032967033,1483.0,91,8.57462686567164,1149.0,134,17.0606060606061,2252.0,132,14.120253164557,2231.0,158,10.7102803738318,1146.0,107,8.36792452830189,887.0,106,16.0102040816327,1569.0,98,27.8440366972477,3035.0,109,7.45333333333333,559.0,75,11.9393939393939,1182.0,99,9.33766233766234,719.0,77,15.8620689655172,1840.0,116,13.2658227848101,1048.0,79,18.1029411764706,1231.0,68,8.18867924528302,434.0,53,13.725,1647.0,120,10.5818181818182,582.0,55,28.8688524590164,1761.0,61,31.1111111111111,2240.0,72,10.5714285714286,592.0,56,34.0769230769231,1772.0,52,7.84,392.0,50,21.3974358974359,1669.0,78,27.0408163265306,2650.0,98,11.5714285714286,405.0,35,13.6630434782609,1257.0,92,8.56,428.0,50,14.2837837837838,1057.0,74,17.6966292134831,1575.0,89,18.9242424242424,1249.0,66,28.3846153846154,738.0,26,17.5416666666667,842.0,48,12.0,972.0,81,11.8888888888889,321.0,27,19.712962962963,2129.0,108,32.58,1629.0,50,25.7027027027027,951.0,37,13.6923076923077,356.0,26,45.375,726.0,16,63.4545454545455,698.0,11,31.2244897959184,1530.0,49,14.5294117647059,247.0,17,21.0,189.0,9,21.0769230769231,822.0,39,53.2692307692308,1385.0,26,13.9090909090909,153.0,11,4.5,36.0,8,43.2222222222222,389.0,9,141.642857142857,1983.0,14,5.0,10.0,2,17.6666666666667,53.0,3,37.6666666666667,226.0,6,42.0,168.0,4,27.0714285714286,379.0,14,0.0,0.0,0,0.0,0.0,0,35.2,176.0,5,42.3333333333333,127.0,3,88.0,88.0,1,0.0,0.0,0,0.0,0.0,0,79.0,316.0,4,0.0,0.0,0,7.0,7.0,1,0.0,0.0,0,0.0,0.0,0,0.0,0.0,0,0.0,0.0,0,0.64018691588785,0.332943925233645,0.0210280373831775,0.0058411214953271,0.844178082191781,0.11986301369863,0.0136986301369863,0.0222602739726027,0.424936386768448,0.0063613231552162,0.568702290076336,0.0,0.0875232774674115,0.0204841713221601,0.76536312849162,0.126629422718808,0.0,0.217948717948718,0.0,0.782051282051282,11.5,23.0,2,106.0,106.0,1,0.0,0.0,0,0.0,0.0,0.0,LL3-4_AgedB6-0842,Batch1,Mackenzie,1.0,AgedB6-0842,B6,AL,24.8,Female,24.0,24.0,0.098214286,,2.750000008,-4.364603797,0.179803911,0.6,0.098936593,18.70290882,2.697987928,2.631329452,4.953,0.483894004,1228.0,32.11008976,0.066309028,0.116666667,0.086956487,7.683279228,1.366298916,0.365469796,1.871635097,0.254122479,57.09081841,31.20369339,0.128292626,0.030710909,0.012781706,0.129380626,3.223160835,2.057135412,126.6658991,2.915475947,162.406315,15.65319597,33.45330945,166.617914,0.169609426,0.031029806,0.171240736,144.5415165,11.01135777,157.5370448,19.20869472,162.4075754,4.629159367,1219.785481,3582.34527,1657.22203,6999.784358,17018.3051,6144.08772,13.0,175.07496,0.0,0.0,0.0,0.0,0.0,0.0,0.0,0.0,0.0,4,partial
630,LL5-B2B/2019-12-23_SPD/LL5-4_AgedB6-0430,-0.244259569831229,0.402055116324986,-0.209967657410711,-0.070412312005169,-0.381691775293878,-0.0685762773146524,-0.243517559847202,-0.124285915832277,1.08982950694712,1.43268803547493,1.00107525557693,1.16694096688614,8.64566929133858,2196.0,254,11.2051282051282,1748.0,156,7.85462555066079,1783.0,227,9.32673267326733,942.0,101,13.8717948717949,2164.0,156,6.33613445378151,754.0,119,12.5720720720721,2791.0,222,6.99280575539568,972.0,139,13.54,1354.0,100,13.6910994764398,2615.0,191,11.28,1974.0,175,14.4301075268817,1342.0,93,12.3885714285714,2168.0,175,7.81481481481481,422.0,54,7.58139534883721,652.0,86,21.4193548387097,3320.0,155,7.81065088757396,1320.0,169,11.2692307692308,879.0,78,19.5168539325843,1737.0,89,11.3333333333333,1088.0,96,9.16949152542373,1082.0,118,14.4923076923077,942.0,65,15.4759036144578,2569.0,166,15.9411764705882,1355.0,85,8.78985507246377,1213.0,138,14.7777777777778,798.0,54,12.8148148148148,1038.0,81,10.9107142857143,611.0,56,10.7358490566038,569.0,53,12.5641025641026,980.0,78,38.6666666666667,3712.0,96,6.88679245283019,365.0,53,15.1190476190476,635.0,42,12.3186813186813,1121.0,91,18.2873563218391,1591.0,87,12.741935483871,790.0,62,25.0,1375.0,55,8.98214285714286,503.0,56,17.7538461538462,1154.0,65,8.30232558139535,357.0,43,37.4166666666667,1796.0,48,57.8125,3700.0,64,22.8936170212766,1076.0,47,40.1782178217822,4058.0,101,6.60526315789474,251.0,38,22.0333333333333,661.0,30,24.7547169811321,1312.0,53,11.6666666666667,385.0,33,14.7916666666667,1065.0,72,15.2727272727273,336.0,22,14.8947368421053,566.0,38,17.96875,575.0,32,26.4634146341463,1085.0,41,24.0322580645161,2980.0,124,29.6176470588235,1007.0,34,13.75,330.0,24,22.45,449.0,20,22.8611111111111,823.0,36,32.4027777777778,2333.0,72,28.2105263157895,536.0,19,13.9242424242424,919.0,66,61.9166666666667,1486.0,24,56.8701298701299,4379.0,77,23.3414634146341,957.0,41,15.6,156.0,10,14.3802816901408,1021.0,71,13.3333333333333,40.0,3,52.2666666666667,784.0,15,13.08,981.0,75,5.28571428571429,111.0,21,87.4166666666667,1049.0,12,53.3333333333333,480.0,9,2.86111111111111,206.0,72,7.57142857142857,424.0,56,77.6666666666667,233.0,3,66.4,332.0,5,22.0,66.0,3,27.4285714285714,192.0,7,123.142857142857,4310.0,35,43.3333333333333,390.0,9,13.0,39.0,3,109.058823529412,1854.0,17,60.0,1140.0,19,34.4375,551.0,16,56.0,168.0,3,78.25,939.0,12,1.81818181818182,20.0,11,124.428571428571,871.0,7,0.0,0.0,0,49.8571428571428,349.0,7,105.666666666667,951.0,9,0.627972027972028,0.332867132867133,0.0125874125874125,0.0265734265734265,0.827715355805243,0.0580524344569288,0.0037453183520599,0.110486891385768,0.494824016563147,0.0165631469979296,0.488612836438923,0.0,0.137323943661972,0.0035211267605633,0.72887323943662,0.130281690140845,0.0,0.623655913978495,0.0,0.376344086021505,30.4,608.0,20,0.0,0.0,0,262.285714285714,1836.0,7,0.0,0.0,0.0,LL5-4_AgedB6-0430,Batch1,Amanda,2.0,AgedB6-0430,B6,AL,43.28,Male,83.0,83.0,0.142857143,,4.000000004,-0.693045167,0.150622534,0.611111111,0.106835608,16.23810545,2.350281928,3.231689366,4.582361503,0.435255192,766.0,26.26907532,0.064144697,0.1875,0.090272177,6.187749031,1.650334863,0.392023424,1.745549726,0.333408914,61.29280281,37.26255417,0.573448812,0.153032755,0.0,0.586904085,6.085275014,5.331633851,29.00431002,4.5,147.9689268,36.32981737,0.0,160.2888142,0.607533006,0.199298939,0.65716793,34.00735215,12.16552506,140.0402984,43.17077541,154.3443293,3.927627661,696.4615,3025.13076,1612.82844,2725.69335,11565.39032,4271.0166,8.0,539.60236,0.0641111111111111,0.0525277777777778,0.0450909090909091,0.0031111111111111,0.0427222222222222,0.0447474747474747,0.0003333333333333,0.0423888888888889,0.167050505050505,2,partial
631,LL4-B2B/2019-09-04_SPD/LL4-4_AgedB6-0256,0.16699876985492,-0.446455312268175,-0.193846582664127,-0.0283471824696063,0.202251032680011,-0.639288136415261,-0.261026816414489,-0.0248810076466961,0.973329523987547,0.775119595012362,0.894087026143989,0.892665474872239,8.1864406779661,1932.0,236,9.56756756756757,2832.0,296,7.89328063241107,1997.0,253,7.80882352941176,2124.0,272,13.4533898305085,3175.0,236,7.43589743589744,1740.0,234,8.25954198473282,1082.0,131,7.81021897810219,2140.0,274,10.2296650717703,2138.0,209,15.5964912280702,2667.0,171,10.8235294117647,1840.0,170,10.7171052631579,1629.0,152,13.6625,2186.0,160,7.85152838427948,1798.0,229,8.5360824742268,1656.0,194,14.6320754716981,1551.0,106,8.85416666666667,1700.0,192,11.4153846153846,2226.0,195,17.9225806451613,2778.0,155,10.5471698113208,1677.0,159,11.6356589147287,1501.0,129,12.5217391304348,1440.0,115,14.3373493975904,1190.0,83,13.0361445783133,1082.0,83,9.3072625698324,1666.0,179,15.9583333333333,2298.0,144,10.8706896551724,1261.0,116,11.0261437908497,1687.0,153,13.8457142857143,2423.0,175,11.7594936708861,929.0,79,30.5384615384615,2382.0,78,14.9705882352941,3054.0,204,14.0977443609023,1875.0,133,11.5408805031447,1835.0,159,17.8356164383562,1302.0,73,14.6497175141243,2593.0,177,29.3039215686275,2989.0,102,10.9390243902439,1794.0,164,13.2089552238806,885.0,67,11.292817679558,2044.0,181,31.8953488372093,2743.0,86,26.0285714285714,911.0,35,15.4685314685315,2212.0,143,34.1388888888889,1229.0,36,16.2176470588235,2757.0,170,17.7619047619048,1865.0,105,17.2333333333333,1551.0,90,13.4210526315789,765.0,57,15.2903225806452,948.0,62,17.5,700.0,40,17.1612903225806,532.0,31,13.3777777777778,602.0,45,21.3571428571429,598.0,28,26.9230769230769,350.0,13,18.0769230769231,705.0,39,15.5609756097561,638.0,41,17.3589743589744,677.0,39,13.6363636363636,300.0,22,34.0434782608696,783.0,23,24.741935483871,767.0,31,12.7647058823529,217.0,17,54.53125,1745.0,32,49.0,196.0,4,36.3333333333333,763.0,21,30.1,602.0,20,13.6,68.0,5,14.3333333333333,86.0,6,46.5862068965517,1351.0,29,19.7142857142857,276.0,14,7.46511627906977,321.0,43,44.6666666666667,402.0,9,45.5625,729.0,16,4.0,16.0,4,12.6,126.0,10,58.625,469.0,8,12.6666666666667,38.0,3,36.8571428571428,258.0,7,34.1666666666667,205.0,6,16.0,32.0,2,104.0,312.0,3,75.5,151.0,2,0.0,0.0,0,134.0,134.0,1,91.0,182.0,2,244.0,488.0,2,98.0,98.0,1,1.75,7.0,4,0.0,0.0,0,13.5,27.0,2,0.0,0.0,0,0.0,0.0,0,0.559756097560976,0.371951219512195,0.0658536585365853,0.0024390243902439,0.907949790794979,0.0794979079497908,0.0,0.0125523012552301,0.362204724409449,0.0112485939257592,0.620922384701912,0.0056242969628796,0.105726872246696,0.0058737151248164,0.779735682819383,0.108663729809104,0.0,0.0617283950617283,0.0,0.938271604938272,12.0,12.0,1,107.0,107.0,1,0.0,0.0,0,0.0,0.0,0.0,LL4-4_AgedB6-0256,Batch1,Gaven,3.0,AgedB6-0256,B6,AL,38.47,Male,105.0,105.0,0.410714286,,11.500000008,4.226678548,0.192807813,0.5,0.140510494,17.54395656,2.178913312,3.253734589,4.623168512,0.570794183,1429.0,51.87047213,0.08589517,0.198863636,0.130945444,8.189879995,1.925038439,0.524950583,2.418682996,0.374441226,66.13975525,37.30901337,0.664625111,0.1214245,0.046721831,0.676579865,3.918556836,2.942445359,31.503968,3.201562119,162.4464888,17.49489047,0.117650306,166.9960012,0.100369671,0.031667992,0.101160856,519.3380402,11.10180166,157.3860341,22.37647016,163.1062698,5.877764475,850.78366,2870.86787,1240.47236,6031.6005,16886.2999,5936.8677,7.0,71.10441,0.0543333333333333,0.0755833333333333,0.0963535353535354,0.0166666666666667,0.0373611111111111,0.050969696969697,0.0144444444444444,0.0066111111111111,0.0263434343434343,2,partial
632,LL4-B2B/2019-09-04_SPD/LL4-3_AgedB6-0255,0.480110583474585,0.167606354557462,-0.0144554616567615,-0.214528954022366,0.589005214973862,-0.242611051935777,-0.019908123314996,-0.0873414844198252,0.934240644005559,1.24259814149979,0.968299994979572,1.20134789573378,7.6797385620915,1175.0,153,9.57222222222222,3446.0,360,9.39333333333333,1409.0,150,8.24657534246575,2408.0,292,11.6036036036036,2576.0,222,7.11206896551724,1650.0,232,8.71186440677966,514.0,59,7.06770833333333,1357.0,192,10.3471698113208,2742.0,265,14.6382978723404,1376.0,94,10.6517857142857,1193.0,112,12.45625,1993.0,160,12.9270833333333,1241.0,96,8.47794117647059,2306.0,272,9.52093023255814,2047.0,215,15.3725490196078,784.0,51,6.69662921348315,596.0,89,11.7102040816327,2869.0,245,18.7228915662651,3108.0,166,12.093567251462,2068.0,171,11.5774647887324,822.0,71,11.4605263157895,1742.0,152,11.7619047619048,494.0,42,13.7227722772277,2772.0,202,6.72222222222222,363.0,54,13.8988095238095,2335.0,168,12.1685393258427,1083.0,89,13.0602409638554,2168.0,166,8.88148148148148,1199.0,135,12.9382716049383,2096.0,162,48.4259259259259,2615.0,54,9.81767955801105,1777.0,181,12.2671755725191,1607.0,131,10.5208333333333,505.0,48,19.1351351351351,1416.0,74,14.28125,1371.0,96,27.1785714285714,3044.0,112,9.01869158878505,1930.0,214,8.68571428571429,304.0,35,12.890625,1650.0,128,29.9873417721519,2369.0,79,38.1481481481482,4120.0,108,13.031746031746,821.0,63,31.3846153846154,408.0,13,11.7017543859649,1334.0,114,21.2142857142857,2673.0,126,18.8428571428571,1319.0,70,14.062015503876,1814.0,129,14.0,462.0,33,17.4,609.0,35,10.6666666666667,288.0,27,17.1428571428571,1080.0,63,12.0,156.0,13,23.3125,373.0,16,17.5333333333333,263.0,15,12.5208333333333,601.0,48,23.875,573.0,24,15.8947368421053,302.0,19,23.0,483.0,21,21.0,672.0,32,17.6,352.0,20,55.8,1953.0,35,53.7333333333333,806.0,15,24.0357142857143,673.0,28,14.9444444444444,269.0,18,13.6969696969697,452.0,33,20.2,404.0,20,49.4444444444444,2225.0,45,15.2727272727273,336.0,22,4.85714285714286,170.0,35,60.5,242.0,4,49.0,1470.0,30,3.07692307692308,40.0,13,9.35897435897436,365.0,39,44.3846153846154,1154.0,26,60.2,301.0,5,30.025641025641,1171.0,39,71.6666666666667,215.0,3,67.75,542.0,8,59.0,118.0,2,39.5,79.0,2,36.0,72.0,2,36.4285714285714,510.0,14,32.75,131.0,4,72.0,72.0,1,68.6363636363636,755.0,11,5.66666666666667,17.0,3,163.0,815.0,5,0.0,0.0,0,50.25,804.0,16,122.266666666667,1834.0,15,0.463576158940397,0.461368653421634,0.0640176600441501,0.0110375275938189,0.823008849557522,0.128318584070796,0.0132743362831858,0.0353982300884955,0.284234752589183,0.0057537399309551,0.70771001150748,0.002301495972382,0.0498753117206982,0.0024937655860349,0.771820448877805,0.175810473815461,0.0,0.0625,0.0,0.9375,16.3333333333333,49.0,3,83.0,166.0,2,238.333333333333,715.0,3,0.0,0.0,0.0,LL4-3_AgedB6-0255,Batch1,Gaven,3.0,AgedB6-0255,B6,AL,34.79,Male,105.0,105.0,0.428571429,,12.000000012,-0.756223903,0.164164762,0.590909091,0.122852052,15.17434956,2.130704516,2.794683355,3.840571658,0.447976609,1185.0,48.18601605,0.077597171,0.166666667,0.128154189,5.776453611,1.786962747,0.474693506,2.053954959,0.311151642,61.17056274,33.77675247,0.142386578,0.034669966,0.005202902,0.14757361,5.524818079,5.150484202,119.9854158,3.905124838,150.3401028,35.60924046,8.54e-07,162.7654855,0.078938666,0.029150102,0.084443321,472.8826493,12.09338662,142.4065324,43.52222953,157.5260605,4.271750453,698.88394,3082.7339,1209.03924,4808.314938,13976.5415,4739.164524,19.0,369.49788,0.0135555555555555,0.0436388888888889,0.0456060606060606,0.0016666666666666,0.0188611111111111,0.0498484848484849,0.0335555555555555,0.0489444444444444,0.104515151515152,2,partial
633,LL5-B6/2021-06-02_SPD/AgedB6-2056,-0.536496340770805,-0.234595248510426,-0.759315286073174,0.237720784218904,-0.767391486041226,-0.47637460750501,-0.710052587241027,0.233646913546282,1.00555960334267,1.04078621341545,0.812013412185591,1.18823835921077,9.86868686868687,1954.0,198,9.46551724137931,1098.0,116,7.65853658536585,942.0,123,10.6037735849057,562.0,53,13.4861111111111,1942.0,144,4.71428571428571,132.0,28,12.7587939698492,2539.0,199,7.62686567164179,511.0,67,10.1951219512195,836.0,82,16.7163120567376,2357.0,141,8.74803149606299,1111.0,127,15.1,1963.0,130,11.0091743119266,1200.0,109,4.18518518518519,113.0,27,9.02380952380952,379.0,42,20.6993006993007,2960.0,143,4.11111111111111,74.0,18,9.59375,307.0,32,25.1333333333333,1885.0,75,12.5744680851064,591.0,47,10.2,816.0,80,15.7142857142857,1210.0,77,17.1931034482759,2493.0,145,15.5272727272727,854.0,55,8.51851851851852,230.0,27,21.1555555555556,952.0,45,13.1578947368421,500.0,38,14.1351351351351,523.0,37,12.5925925925926,340.0,27,17.8771929824561,1019.0,57,80.9513888888889,11657.0,144,4.0,8.0,2,20.6333333333333,619.0,30,7.5,75.0,10,25.2666666666667,2274.0,90,4.0,4.0,1,25.5762711864407,1509.0,59,8.1875,131.0,16,24.7058823529412,1680.0,68,6.0,12.0,2,58.9634146341463,4835.0,82,31.8857142857143,1116.0,35,5.66666666666667,34.0,6,91.4876033057851,11070.0,121,2.5,5.0,2,22.4,224.0,10,19.8333333333333,238.0,12,15.1875,243.0,16,16.3513513513514,605.0,37,22.5483870967742,699.0,31,22.4411764705882,1526.0,68,2.0,4.0,2,30.0806451612903,1865.0,62,25.6,2432.0,95,24.2340425531915,1139.0,47,23.0,115.0,5,28.8684210526316,1097.0,38,10.3846153846154,135.0,13,31.4342105263158,2389.0,76,19.6111111111111,353.0,18,12.6428571428571,531.0,42,84.65625,2709.0,32,106.90625,6842.0,64,35.780487804878,1467.0,41,21.125,338.0,16,13.3333333333333,480.0,36,28.3333333333333,85.0,3,41.5,747.0,18,12.25,196.0,16,3.33333333333333,10.0,3,178.969696969697,5906.0,33,64.4375,1031.0,16,4.75,19.0,4,5.06666666666667,76.0,15,160.909090909091,1770.0,11,47.8461538461538,1244.0,26,1.0,1.0,1,58.3076923076923,758.0,13,63.875,511.0,8,24.0,48.0,2,84.0,84.0,1,25.6666666666667,77.0,3,59.0,236.0,4,58.75,235.0,4,119.0,476.0,4,31.2,156.0,5,5.0,5.0,1,68.8333333333333,413.0,6,0.0,0.0,0,67.5,135.0,2,59.0,118.0,2,0.677927927927928,0.283783783783784,0.0157657657657657,0.0225225225225225,0.84375,0.034090909090909,0.0056818181818181,0.116477272727273,0.496527777777778,0.0,0.496527777777778,0.0069444444444444,0.059171597633136,0.0,0.792899408284024,0.14792899408284,0.0,0.631578947368421,0.0,0.368421052631579,18.5555555555556,167.0,9,0.0,0.0,0,264.0,792.0,3,0.0,0.0,0.0,AgedB6-2056,Batch3,Mackenzie,3.0,AgedB6-2056,B6,AL,56.06,Male,108.0,108.0,0.321428571,,8.999999988,-2.266177017,0.130147646,0.590909091,0.103473364,12.87953904,2.32236625,3.44534991,3.173883791,0.382213663,547.0,37.23064325,0.093103479,0.184659091,0.109240165,4.526312869,1.855348456,0.786267501,3.307947503,0.313025804,67.21858978,41.18264389,0.693316858,0.107209725,0.158081225,0.687710014,4.782824929,3.468827269,29.9541316,3.905124838,158.8651811,18.7730298,14.5110595,163.6577898,0.10384879,0.022239803,0.105143792,452.1437824,11.51086443,151.6014131,24.36273268,157.1689073,2.273277944,572.23303,3027.767,1667.6004,1544.958,7518.666,2827.6641,5.0,71.3001,0.0341111111111111,0.0216666666666667,0.0189393939393939,0.0081111111111111,0.0102777777777778,0.0097575757575757,0.0033333333333333,0.0146111111111111,0.0419090909090909,2,partial
634,LL5-B6/2021-06-02_SPD/AgedB6-1427,0.551731554613113,-0.288363101339014,0.146711790033931,0.235051231532433,0.25615182435669,-0.861288193034118,0.340152251662342,0.33517185616185,0.812911580320939,0.971833126107083,0.645422405575925,0.697880590491839,9.06060606060606,299.0,33,10.1666666666667,610.0,60,11.7058823529412,199.0,17,10.5789473684211,201.0,19,12.9545454545455,1140.0,88,7.38461538461539,96.0,13,11.2307692307692,146.0,13,9.2,138.0,15,15.5348837209302,668.0,43,12.4705882352941,212.0,17,12.8181818181818,141.0,11,9.96923076923077,648.0,65,14.375,115.0,8,6.85714285714286,48.0,7,6.94736842105263,132.0,19,16.8,168.0,10,9.66666666666667,29.0,3,12.1538461538462,158.0,13,30.2903225806452,939.0,31,10.5833333333333,127.0,12,1.5,3.0,2,16.03125,513.0,32,14.2727272727273,157.0,11,16.2857142857143,1026.0,63,0.0,0.0,0,10.7058823529412,182.0,17,5.0,15.0,3,16.5833333333333,199.0,12,16.5,132.0,8,12.4,682.0,55,64.8461538461538,1686.0,26,15.6666666666667,47.0,3,33.4,167.0,5,8.0,24.0,3,13.2727272727273,292.0,22,16.25,65.0,4,39.75,954.0,24,19.0,19.0,1,4.33333333333333,13.0,3,24.0,96.0,4,363.022471910112,32309.0,89,269.30985915493,19121.0,71,13.5,27.0,2,95.5555555555556,860.0,9,0.0,0.0,0,20.2857142857143,142.0,7,8.5,17.0,2,12.7142857142857,89.0,7,10.1666666666667,61.0,6,36.5,219.0,6,10.5,21.0,2,10.3333333333333,31.0,3,0.0,0.0,0,4.5,9.0,2,30.1666666666667,181.0,6,37.0,37.0,1,27.0,54.0,2,21.0,84.0,4,58.3333333333333,350.0,6,37.2,186.0,5,0.0,0.0,0,471.30303030303,15553.0,33,186.333333333333,559.0,3,0.0,0.0,0,18.8,94.0,5,12.0,72.0,6,40.0,40.0,1,201.823529411765,3431.0,17,13.8571428571429,194.0,14,2.0,2.0,1,106.0,106.0,1,261.928571428571,3667.0,14,12.0,24.0,2,11.4,57.0,5,641.916666666667,15406.0,24,59.5,357.0,6,0.0,0.0,0,74.6,373.0,5,35.0,35.0,1,0.0,0.0,0,0.0,0.0,0,7.0,7.0,1,47.0,47.0,1,0.0,0.0,0,0.0,0.0,0,39.5,79.0,2,7.0,7.0,1,53.7142857142857,376.0,7,0.0,0.0,0,0.0,0.0,0,74.0,74.0,1,0.368421052631579,0.596491228070175,0.0350877192982456,0.0,0.739130434782609,0.173913043478261,0.0,0.0869565217391304,0.372549019607843,0.0,0.627450980392157,0.0,0.0410958904109589,0.0,0.794520547945205,0.164383561643836,0.0,0.166666666666667,0.0,0.833333333333333,34.0,34.0,1,14.0,14.0,1,419.0,1257.0,3,0.0,0.0,0.0,AgedB6-1427,Batch3,Mackenzie,4.0,AgedB6-1427,B6,AL,36.12,Male,127.0,127.0,0.3125,,8.75,-3.732209451,0.165159111,0.727272727,0.127483292,11.56429166,1.713520182,2.741343942,3.643906986,0.344123285,83.0,25.69096101,0.091828497,0.157819795,0.080110928,3.019903314,1.573645485,0.622615991,2.982560814,0.282997909,59.79288673,36.49721527,0.776531421,0.057187584,0.092648211,0.786565976,3.031702829,2.044661113,16.97792685,2.5,166.6832532,12.21436968,5.599339337,171.4391104,0.10371453,0.041170281,0.099985428,527.7319395,5.830951895,161.9491559,19.42624761,169.3555306,0.618015648,11.66667,3588.366,3391.833,109.59613,2421.3579,1483.0548,0.0,0.0,0.0,0.0006944444444444,0.0139191919191919,0.0005555555555555,0.00025,0.0005858585858585,0.0002222222222222,0.0171944444444444,0.0137676767676768,3,partial
635,LL5-B6/2021-06-02_SPD/AgedB6-1427,0.551731554613113,-0.288363101339014,0.146711790033931,0.235051231532433,0.25615182435669,-0.861288193034118,0.340152251662342,0.33517185616185,0.812911580320939,0.971833126107083,0.645422405575925,0.697880590491839,9.06060606060606,299.0,33,10.1666666666667,610.0,60,11.7058823529412,199.0,17,10.5789473684211,201.0,19,12.9545454545455,1140.0,88,7.38461538461539,96.0,13,11.2307692307692,146.0,13,9.2,138.0,15,15.5348837209302,668.0,43,12.4705882352941,212.0,17,12.8181818181818,141.0,11,9.96923076923077,648.0,65,14.375,115.0,8,6.85714285714286,48.0,7,6.94736842105263,132.0,19,16.8,168.0,10,9.66666666666667,29.0,3,12.1538461538462,158.0,13,30.2903225806452,939.0,31,10.5833333333333,127.0,12,1.5,3.0,2,16.03125,513.0,32,14.2727272727273,157.0,11,16.2857142857143,1026.0,63,0.0,0.0,0,10.7058823529412,182.0,17,5.0,15.0,3,16.5833333333333,199.0,12,16.5,132.0,8,12.4,682.0,55,64.8461538461538,1686.0,26,15.6666666666667,47.0,3,33.4,167.0,5,8.0,24.0,3,13.2727272727273,292.0,22,16.25,65.0,4,39.75,954.0,24,19.0,19.0,1,4.33333333333333,13.0,3,24.0,96.0,4,363.022471910112,32309.0,89,269.30985915493,19121.0,71,13.5,27.0,2,95.5555555555556,860.0,9,0.0,0.0,0,20.2857142857143,142.0,7,8.5,17.0,2,12.7142857142857,89.0,7,10.1666666666667,61.0,6,36.5,219.0,6,10.5,21.0,2,10.3333333333333,31.0,3,0.0,0.0,0,4.5,9.0,2,30.1666666666667,181.0,6,37.0,37.0,1,27.0,54.0,2,21.0,84.0,4,58.3333333333333,350.0,6,37.2,186.0,5,0.0,0.0,0,471.30303030303,15553.0,33,186.333333333333,559.0,3,0.0,0.0,0,18.8,94.0,5,12.0,72.0,6,40.0,40.0,1,201.823529411765,3431.0,17,13.8571428571429,194.0,14,2.0,2.0,1,106.0,106.0,1,261.928571428571,3667.0,14,12.0,24.0,2,11.4,57.0,5,641.916666666667,15406.0,24,59.5,357.0,6,0.0,0.0,0,74.6,373.0,5,35.0,35.0,1,0.0,0.0,0,0.0,0.0,0,7.0,7.0,1,47.0,47.0,1,0.0,0.0,0,0.0,0.0,0,39.5,79.0,2,7.0,7.0,1,53.7142857142857,376.0,7,0.0,0.0,0,0.0,0.0,0,74.0,74.0,1,0.368421052631579,0.596491228070175,0.0350877192982456,0.0,0.739130434782609,0.173913043478261,0.0,0.0869565217391304,0.372549019607843,0.0,0.627450980392157,0.0,0.0410958904109589,0.0,0.794520547945205,0.164383561643836,0.0,0.166666666666667,0.0,0.833333333333333,34.0,34.0,1,14.0,14.0,1,419.0,1257.0,3,0.0,0.0,0.0,AgedB6-1427,Batch3,Mackenzie,4.0,AgedB6-1427,B6,AL,36.12,Male,127.0,127.0,0.3125,,8.75,-3.732209451,0.165159111,0.727272727,0.127483292,11.56429166,1.713520182,2.741343942,3.643906986,0.344123285,83.0,25.69096101,0.091828497,0.157819795,0.080110928,3.019903314,1.573645485,0.622615991,2.982560814,0.282997909,59.79288673,36.49721527,0.776531421,0.057187584,0.092648211,0.786565976,3.031702829,2.044661113,16.97792685,2.5,166.6832532,12.21436968,5.599339337,171.4391104,0.10371453,0.041170281,0.099985428,527.7319395,5.830951895,161.9491559,19.42624761,169.3555306,0.618015648,11.66667,3588.366,3391.833,109.59613,2421.3579,1483.0548,0.0,0.0,0.0,0.0006944444444444,0.0139191919191919,0.0005555555555555,0.00025,0.0005858585858585,0.0002222222222222,0.0171944444444444,0.0137676767676768,3,partial
637,LL4-B2B/2019-09-04_SPD/LL4-3_AgedB6-0255,0.4825851765094356,0.1673606160208461,-0.0182469503191036,-0.2127264828722634,0.5915633255719641,-0.240932756131661,-0.0178115164287637,-0.086467215430436,0.935131794568914,1.2597253477576265,1.0677807044822445,1.202395537227137,7.9423076923076925,1239.0,156,9.690402476780186,3130.0,323,8.865771812080537,1321.0,149,8.11032028469751,2279.0,281,13.931372549019608,2842.0,204,6.957081545064377,1621.0,233,9.732394366197184,691.0,71,7.172413793103448,1456.0,203,10.512727272727274,2891.0,275,14.03191489361702,1319.0,94,9.895238095238096,1039.0,105,12.37062937062937,1769.0,143,13.279569892473118,1235.0,93,8.280155642023347,2128.0,257,9.138755980861244,1910.0,209,15.69811320754717,832.0,53,7.27027027027027,538.0,74,11.573275862068966,2685.0,232,18.563636363636363,3063.0,165,12.51592356687898,1965.0,157,11.765625,753.0,64,12.254901960784316,1875.0,153,11.185185185185183,604.0,54,13.611374407582938,2872.0,211,6.385964912280702,364.0,57,15.402298850574711,2680.0,174,10.883720930232558,936.0,86,11.77456647398844,2037.0,173,9.45138888888889,1361.0,144,14.122448979591836,2076.0,147,39.58064516129032,2454.0,62,10.365714285714288,1814.0,175,12.481203007518795,1660.0,133,11.509803921568627,587.0,51,16.825396825396826,1060.0,63,13.956989247311828,1298.0,93,25.19047619047619,3174.0,126,9.004926108374384,1828.0,203,9.11111111111111,328.0,36,12.346456692913383,1568.0,127,34.513888888888886,2485.0,72,35.53781512605042,4229.0,119,13.07936507936508,824.0,63,27.95,559.0,20,11.925925925925926,1288.0,108,20.74242424242424,2738.0,132,20.27848101265823,1602.0,79,15.440944881889765,1961.0,127,11.6,464.0,40,13.605263157894736,517.0,38,11.8,354.0,30,20.34375,1302.0,64,14.785714285714286,207.0,14,21.05555555555556,379.0,18,17.708333333333332,425.0,24,13.404255319148936,630.0,47,19.30434782608696,444.0,23,16.523809523809526,347.0,21,18.41176470588235,313.0,17,23.35,467.0,20,18.09090909090909,398.0,22,51.81578947368421,1969.0,38,68.27272727272727,751.0,11,39.375,630.0,16,11.875,190.0,16,16.035714285714285,449.0,28,18.166666666666668,327.0,18,52.21951219512195,2141.0,41,13.84,346.0,25,4.7631578947368425,181.0,38,53.6,268.0,5,55.03448275862069,1596.0,29,3.0,39.0,13,10.341463414634148,424.0,41,51.45454545454545,1132.0,22,73.4,367.0,5,30.186046511627907,1298.0,43,47.0,141.0,3,72.11111111111111,649.0,9,73.0,146.0,2,17.0,34.0,2,0.0,0.0,0,60.09090909090909,661.0,11,22.714285714285715,159.0,7,72.0,72.0,1,80.58333333333333,967.0,12,6.0,18.0,3,104.625,837.0,8,0.0,0.0,0,42.73333333333333,641.0,15,112.3125,1797.0,16,0.4946004319654428,0.427645788336933,0.0712742980561555,0.0064794816414686,0.7860082304526749,0.1646090534979424,0.0082304526748971,0.0411522633744856,0.289198606271777,0.0058072009291521,0.7003484320557491,0.0046457607433217,0.0552699228791773,0.0025706940874035,0.7750642673521851,0.1670951156812339,0.0,0.0933333333333333,0.0,0.9066666666666666,25.0,25.0,1,52.0,156.0,3,261.0,522.0,2,,,,LL4-3_AgedB6-0255,Batch1,Gaven,3.0,AgedB6-0255,B6,AL,34.79,Male,105.0,105.0,0.428571429,,12.000000012,-0.756223903,0.164164762,0.590909091,0.122852052,15.17434956,2.130704516,2.794683355,3.840571658,0.447976609,1185.0,48.18601605,0.077597171,0.166666667,0.128154189,5.776453611,1.786962747,0.474693506,2.053954959,0.311151642,61.17056274,33.77675247,0.142386578,0.034669966,0.005202902,0.14757361,5.524818079,5.150484202,119.9854158,3.905124838,150.3401028,35.60924046,8.54e-07,162.7654855,0.078938666,0.029150102,0.084443321,472.8826493,12.09338662,142.4065324,43.52222953,157.5260605,4.271750453,698.88394,3082.7339,1209.03924,4808.314938,13976.5415,4739.164524,19.0,369.49788,0.0135555555555555,0.0436388888888889,0.0456060606060606,0.0016666666666666,0.0188611111111111,0.0498484848484849,0.0335555555555555,0.0489444444444444,0.104515151515152,2,partial
638,LL4-B2B/2019-09-04_SPD/LL4-4_AgedB6-0256,0.166172052687622,-0.447593400632134,-0.1935096528820608,-0.0289899422650601,0.1995391460799624,-0.6392513904128,-0.257564771166743,-0.0183049598223917,0.9669487089513236,0.7764004386504098,0.8943134978090554,0.8893060536312781,8.114537444933921,1842.0,227,9.282392026578073,2794.0,301,7.8494208494208495,2033.0,259,7.565217391304348,2262.0,299,13.976415094339623,2963.0,212,7.654708520179372,1707.0,223,8.622047244094489,1095.0,127,7.441947565543071,1987.0,267,10.512820512820513,2050.0,195,14.55367231638418,2576.0,177,11.408602150537634,2122.0,186,11.027972027972028,1577.0,143,13.141104294478527,2142.0,163,8.477178423236515,2043.0,241,8.42713567839196,1677.0,199,15.495327102803738,1658.0,107,9.932584269662922,1768.0,178,13.06951871657754,2444.0,187,20.95973154362416,3123.0,149,10.29251700680272,1513.0,147,10.744186046511627,1386.0,129,12.666666666666666,1558.0,123,16.929577464788732,1202.0,71,15.157142857142857,1061.0,70,9.531428571428572,1668.0,175,15.263473053892216,2549.0,167,12.181102362204724,1547.0,127,11.542857142857144,1616.0,140,13.43684210526316,2553.0,190,12.181818181818182,670.0,55,26.70652173913044,2457.0,92,14.382775119617223,3006.0,209,13.364341085271318,1724.0,129,13.118055555555555,1889.0,144,17.0875,1367.0,80,13.3121387283237,2303.0,173,28.34065934065934,2579.0,91,11.347826086956522,1827.0,161,14.144927536231885,976.0,69,12.572222222222225,2263.0,180,38.60294117647059,2625.0,68,34.111111111111114,921.0,27,14.97841726618705,2082.0,139,33.875,1084.0,32,15.827586206896552,2754.0,174,17.70873786407767,1824.0,103,22.05333333333333,1654.0,75,14.152173913043478,651.0,46,14.654545454545454,806.0,55,17.44,872.0,50,15.392857142857142,431.0,28,13.871794871794872,541.0,39,17.517241379310345,508.0,29,25.0,350.0,14,23.33333333333333,700.0,30,13.942857142857145,488.0,35,16.384615384615383,639.0,39,17.217391304347824,396.0,23,33.148148148148145,895.0,27,25.379310344827587,736.0,29,16.5,231.0,14,53.35714285714285,1494.0,28,40.6,203.0,5,33.56521739130435,772.0,23,24.923076923076923,648.0,26,16.0,112.0,7,15.2,76.0,5,48.407407407407405,1307.0,27,20.5,287.0,14,7.7555555555555555,349.0,45,37.53846153846154,488.0,13,52.8125,845.0,16,4.333333333333333,13.0,3,13.285714285714286,93.0,7,77.2,772.0,10,9.5,19.0,2,39.8,398.0,10,40.66666666666666,122.0,3,18.0,36.0,2,0.0,0.0,0,107.0,321.0,3,0.0,0.0,0,141.0,141.0,1,90.33333333333331,271.0,3,458.0,458.0,1,67.0,67.0,1,3.5,7.0,2,0.0,0.0,0,16.5,33.0,2,0.0,0.0,0,0.0,0.0,0,0.5464684014869888,0.3779429987608426,0.0718711276332094,0.0037174721189591,0.888402625820569,0.0919037199124726,0.0021881838074398,0.0175054704595186,0.3527508090614886,0.011866235167206,0.6343042071197411,0.0010787486515641,0.1040787623066104,0.0028129395218002,0.8002812939521801,0.0928270042194092,0.0,0.109375,0.0,0.890625,0.0,0.0,0,26.0,52.0,2,0.0,0.0,0,,,,LL4-4_AgedB6-0256,Batch1,Gaven,3.0,AgedB6-0256,B6,AL,38.47,Male,105.0,105.0,0.410714286,,11.500000008,4.226678548,0.192807813,0.5,0.140510494,17.54395656,2.178913312,3.253734589,4.623168512,0.570794183,1429.0,51.87047213,0.08589517,0.198863636,0.130945444,8.189879995,1.925038439,0.524950583,2.418682996,0.374441226,66.13975525,37.30901337,0.664625111,0.1214245,0.046721831,0.676579865,3.918556836,2.942445359,31.503968,3.201562119,162.4464888,17.49489047,0.117650306,166.9960012,0.100369671,0.031667992,0.101160856,519.3380402,11.10180166,157.3860341,22.37647016,163.1062698,5.877764475,850.78366,2870.86787,1240.47236,6031.6005,16886.2999,5936.8677,7.0,71.10441,0.0543333333333333,0.0755833333333333,0.0963535353535354,0.0166666666666667,0.0373611111111111,0.050969696969697,0.0144444444444444,0.0066111111111111,0.0263434343434343,2,partial
639,LL5-B2B/2019-12-23_SPD/LL5-4_AgedB6-0430,-0.2447780557542588,0.403107371162907,-0.2086200831225858,-0.0702995639427024,-0.3838190539639561,-0.0680571765458508,-0.2423656714716009,-0.1229449363891572,1.0899966782959385,1.4312588175798164,1.00180843883477,1.1659740716896905,9.235294117647058,2355.0,255,11.78125,1885.0,160,8.375,1809.0,216,9.083333333333334,981.0,108,14.46938775510204,2127.0,147,6.603448275862069,766.0,116,13.233333333333333,2779.0,210,7.048,881.0,125,13.233644859813085,1416.0,107,14.535714285714286,2442.0,168,11.4,2052.0,180,14.504950495049505,1465.0,101,14.272727272727272,2198.0,154,7.142857142857143,450.0,63,8.526315789473685,648.0,76,21.27142857142857,2978.0,140,8.161290322580646,1265.0,155,10.916666666666666,655.0,60,20.48275862068965,1782.0,87,12.621052631578948,1199.0,95,9.53781512605042,1135.0,119,13.95774647887324,991.0,71,15.0375,2406.0,160,16.829545454545453,1481.0,88,10.15625,1300.0,128,14.084745762711863,831.0,59,13.422535211267606,953.0,71,11.428571428571429,640.0,56,9.76923076923077,508.0,52,12.616438356164384,921.0,73,32.85454545454545,3614.0,110,7.185185185185185,388.0,54,15.948717948717947,622.0,39,12.172043010752688,1132.0,93,20.61111111111111,1484.0,72,15.233333333333333,914.0,60,24.42465753424657,1783.0,73,9.557692307692308,497.0,52,16.560606060606062,1093.0,66,8.418604651162791,362.0,43,34.82142857142857,1950.0,56,59.19047619047619,3729.0,63,19.596153846153847,1019.0,52,39.64150943396226,4202.0,106,8.121212121212121,268.0,33,19.607142857142858,549.0,28,26.35185185185185,1423.0,54,14.0,448.0,32,15.071428571428571,844.0,56,17.434782608695652,401.0,23,16.833333333333332,606.0,36,16.896551724137932,490.0,29,22.574468085106385,1061.0,47,25.00943396226415,2651.0,106,22.33333333333333,1072.0,48,14.27777777777778,257.0,18,25.0,550.0,22,22.38235294117647,761.0,34,35.2948717948718,2753.0,78,30.928571428571427,433.0,14,16.55,993.0,60,66.05263157894737,1255.0,19,58.648648648648646,4340.0,74,27.6,1104.0,40,16.533333333333335,248.0,15,13.952380952380953,879.0,63,25.5,51.0,2,48.0,720.0,15,12.961538461538462,1011.0,78,5.714285714285714,80.0,14,89.25,1071.0,12,52.66666666666666,316.0,6,3.112676056338028,221.0,71,7.218181818181818,397.0,55,46.833333333333336,281.0,6,39.8,199.0,5,23.285714285714285,163.0,7,32.333333333333336,194.0,6,130.5142857142857,4568.0,35,37.25,298.0,8,47.333333333333336,142.0,3,75.13333333333334,1127.0,15,66.88235294117646,1137.0,17,34.411764705882355,585.0,17,59.5,238.0,4,71.83333333333333,862.0,12,2.5,25.0,10,96.54545454545456,1062.0,11,0.0,0.0,0,47.5,380.0,8,107.66666666666669,969.0,9,0.6156111929307806,0.3519882179675994,0.0103092783505154,0.0220913107511045,0.8467741935483871,0.0463709677419354,0.0,0.1068548387096774,0.4829787234042553,0.0191489361702127,0.4978723404255319,0.0,0.1201413427561837,0.0070671378091872,0.7243816254416962,0.1484098939929328,0.0,0.5862068965517241,0.0,0.4137931034482758,35.611111111111114,641.0,18,65.25,261.0,4,239.42857142857144,1676.0,7,,,,LL5-4_AgedB6-0430,Batch1,Amanda,2.0,AgedB6-0430,B6,AL,43.28,Male,83.0,83.0,0.142857143,,4.000000004,-0.693045167,0.150622534,0.611111111,0.106835608,16.23810545,2.350281928,3.231689366,4.582361503,0.435255192,766.0,26.26907532,0.064144697,0.1875,0.090272177,6.187749031,1.650334863,0.392023424,1.745549726,0.333408914,61.29280281,37.26255417,0.573448812,0.153032755,0.0,0.586904085,6.085275014,5.331633851,29.00431002,4.5,147.9689268,36.32981737,0.0,160.2888142,0.607533006,0.199298939,0.65716793,34.00735215,12.16552506,140.0402984,43.17077541,154.3443293,3.927627661,696.4615,3025.13076,1612.82844,2725.69335,11565.39032,4271.0166,8.0,539.60236,0.0641111111111111,0.0525277777777778,0.0450909090909091,0.0031111111111111,0.0427222222222222,0.0447474747474747,0.0003333333333333,0.0423888888888889,0.167050505050505,2,partial
640,LL5-B6/2021-06-02_SPD/AgedB6-1427,0.5532182653464927,-0.2879600826601322,0.1469486207960387,0.23768955587446,0.2565153302861232,-0.8613528201955718,0.3411445120743657,0.3390827877104271,0.813749679900318,0.9753392206342484,0.6411669476548691,0.6979007887291406,12.925925925925926,349.0,27,10.035714285714286,562.0,56,11.3,113.0,10,8.65,173.0,20,14.333333333333334,1204.0,84,8.3,83.0,10,14.4,144.0,10,8.823529411764707,150.0,17,15.666666666666666,705.0,45,10.461538461538462,136.0,13,9.071428571428571,127.0,14,9.23728813559322,545.0,59,7.9,79.0,10,9.666666666666666,58.0,6,9.36842105263158,178.0,19,18.545454545454547,204.0,11,2.7142857142857144,19.0,7,11.461538461538462,149.0,13,23.41379310344828,679.0,29,16.90909090909091,186.0,11,8.333333333333334,25.0,3,15.05,602.0,40,11.0,110.0,10,15.318181818181818,1011.0,66,15.0,15.0,1,10.296296296296296,278.0,27,7.857142857142857,55.0,7,12.0,216.0,18,20.857142857142858,146.0,7,10.625,595.0,56,53.42857142857143,1122.0,21,6.0,6.0,1,20.5,82.0,4,3.75,15.0,4,15.2,304.0,20,4.2,21.0,5,51.172413793103445,1484.0,29,7.5,15.0,2,5.75,23.0,4,19.25,77.0,4,378.14772727272725,33277.0,88,273.1014492753623,18844.0,69,7.5,15.0,2,66.75,534.0,8,0.0,0.0,0,11.6,58.0,5,0.0,0.0,0,14.166666666666666,85.0,6,13.571428571428571,95.0,7,48.875,391.0,8,7.0,14.0,2,19.0,57.0,3,11.0,11.0,1,10.0,30.0,3,18.25,73.0,4,6.666666666666667,20.0,3,31.8,159.0,5,28.0,140.0,5,89.33333333333333,268.0,3,28.0,224.0,8,0.0,0.0,0,455.5,15487.0,34,112.5,450.0,4,0.0,0.0,0,21.5,86.0,4,19.75,158.0,8,13.0,39.0,3,169.66666666666666,3563.0,21,13.0,182.0,14,0.0,0.0,0,181.66666666666663,545.0,3,308.8333333333333,3706.0,12,11.0,22.0,2,13.666666666666666,41.0,3,624.0833333333334,14978.0,24,70.8,354.0,5,0.0,0.0,0,40.0,160.0,4,26.0,78.0,3,0.0,0.0,0,0.0,0.0,0,0.0,0.0,0,50.0,50.0,1,0.0,0.0,0,0.0,0.0,0,22.0,22.0,1,7.0,7.0,1,66.0,462.0,7,0.0,0.0,0,0.0,0.0,0,0.0,0.0,0,0.3818181818181818,0.5454545454545454,0.0545454545454545,0.0181818181818181,0.8636363636363636,0.0454545454545454,0.0454545454545454,0.0454545454545454,0.3366336633663366,0.0,0.6633663366336634,0.0,0.0365853658536585,0.0,0.7804878048780488,0.1829268292682926,0.0,0.0769230769230769,0.0,0.9230769230769232,0.0,0.0,0,115.0,115.0,1,217.3333333333333,1304.0,6,,,,AgedB6-1427,Batch3,Mackenzie,4.0,AgedB6-1427,B6,AL,36.12,Male,127.0,127.0,0.3125,,8.75,-3.732209451,0.165159111,0.727272727,0.127483292,11.56429166,1.713520182,2.741343942,3.643906986,0.344123285,83.0,25.69096101,0.091828497,0.157819795,0.080110928,3.019903314,1.573645485,0.622615991,2.982560814,0.282997909,59.79288673,36.49721527,0.776531421,0.057187584,0.092648211,0.786565976,3.031702829,2.044661113,16.97792685,2.5,166.6832532,12.21436968,5.599339337,171.4391104,0.10371453,0.041170281,0.099985428,527.7319395,5.830951895,161.9491559,19.42624761,169.3555306,0.618015648,11.66667,3588.366,3391.833,109.59613,2421.3579,1483.0548,0.0,0.0,0.0,0.0006944444444444,0.0139191919191919,0.0005555555555555,0.00025,0.0005858585858585,0.0002222222222222,0.0171944444444444,0.0137676767676768,3,partial
641,LL5-B6/2021-06-02_SPD/AgedB6-2056,-0.5371411378598344,-0.2349114372191185,-0.7576239898039677,0.2375866774372417,-0.7686992995999462,-0.4756441857942374,-0.7085016749445237,0.23472691003918,1.0001259078800415,1.0412524359651096,0.8163586563563896,1.18620050479299,9.305,1861.0,200,8.657407407407407,935.0,108,7.735537190082645,936.0,121,9.77777777777778,616.0,63,13.833333333333334,1826.0,132,3.888888888888889,70.0,18,12.204545454545457,2685.0,220,8.36231884057971,577.0,69,10.805194805194803,832.0,77,15.874213836477988,2524.0,159,9.015625,1154.0,128,14.821705426356589,1912.0,129,10.855855855855856,1205.0,111,5.3125,85.0,16,9.232558139534884,397.0,43,20.04895104895105,2867.0,143,5.6,112.0,20,8.685714285714285,304.0,35,24.01333333333333,1801.0,75,14.28125,457.0,32,10.571428571428571,814.0,77,14.546666666666669,1091.0,75,16.265060240963855,2700.0,166,14.574074074074074,787.0,54,10.32258064516129,320.0,31,18.8125,903.0,48,17.756756756756758,657.0,37,12.444444444444445,560.0,45,12.25,392.0,32,16.677966101694917,984.0,59,73.89032258064516,11453.0,155,5.0,20.0,4,18.0625,578.0,32,8.333333333333334,75.0,9,25.204545454545453,2218.0,88,2.0,4.0,2,23.602941176470587,1605.0,68,6.588235294117647,112.0,17,21.80555555555556,1570.0,72,4.0,8.0,2,51.50561797752809,4584.0,89,30.05555555555556,1082.0,36,8.6,43.0,5,92.62204724409447,11763.0,127,0.0,0.0,0,14.76923076923077,192.0,13,20.0,260.0,13,16.4375,263.0,16,13.947368421052632,530.0,38,21.875,700.0,32,26.17460317460317,1649.0,63,6.0,18.0,3,26.1,1827.0,70,27.08974358974359,2113.0,78,26.27083333333333,1261.0,48,21.83333333333333,131.0,6,32.86206896551724,953.0,29,14.181818181818182,156.0,11,31.698630136986303,2314.0,73,18.954545454545453,417.0,22,13.735294117647058,467.0,34,90.58620689655172,2627.0,29,116.90566037735849,6196.0,53,40.63157894736842,1544.0,38,20.6875,331.0,16,13.827586206896552,401.0,29,23.0,46.0,2,45.0,720.0,16,16.25,195.0,12,3.6666666666666665,11.0,3,194.7741935483871,6038.0,31,84.84615384615384,1103.0,13,6.333333333333333,19.0,3,7.4375,119.0,16,107.2,2144.0,20,51.58620689655172,1496.0,29,33.5,67.0,2,57.45454545454545,632.0,11,48.55555555555556,437.0,9,28.5,114.0,4,73.5,147.0,2,58.25,233.0,4,53.0,265.0,5,37.2,186.0,5,230.0,460.0,2,37.5,75.0,2,5.0,5.0,1,83.16666666666667,499.0,6,0.0,0.0,0,32.0,96.0,3,89.0,89.0,1,0.7076271186440678,0.2711864406779661,0.010593220338983,0.010593220338983,0.8870967741935484,0.0134408602150537,0.0053763440860215,0.0940860215053763,0.4808362369337979,0.0,0.519163763066202,0.0,0.0548780487804878,0.0,0.7926829268292683,0.1524390243902439,0.0,0.5625,0.0,0.4375,17.77777777777778,160.0,9,14.333333333333334,43.0,3,184.2,921.0,5,,,,AgedB6-2056,Batch3,Mackenzie,3.0,AgedB6-2056,B6,AL,56.06,Male,108.0,108.0,0.321428571,,8.999999988,-2.266177017,0.130147646,0.590909091,0.103473364,12.87953904,2.32236625,3.44534991,3.173883791,0.382213663,547.0,37.23064325,0.093103479,0.184659091,0.109240165,4.526312869,1.855348456,0.786267501,3.307947503,0.313025804,67.21858978,41.18264389,0.693316858,0.107209725,0.158081225,0.687710014,4.782824929,3.468827269,29.9541316,3.905124838,158.8651811,18.7730298,14.5110595,163.6577898,0.10384879,0.022239803,0.105143792,452.1437824,11.51086443,151.6014131,24.36273268,157.1689073,2.273277944,572.23303,3027.767,1667.6004,1544.958,7518.666,2827.6641,5.0,71.3001,0.0341111111111111,0.0216666666666667,0.0189393939393939,0.0081111111111111,0.0102777777777778,0.0097575757575757,0.0033333333333333,0.0146111111111111,0.0419090909090909,2,partial
