master_idx,missing_idx,NetworkFilename,name,name_processed
0,31,/DO2279_DO_F_25083,LL3-B6__2023-07-06_MFS__DO2279_DO_F_25083,LL3-B6/2023-07-06_MFS/DO2279_DO_F_25083
0,43,/DO2279_DO_F_25083,LL4-B6__2023-07-06_MFS__DO2279_DO_F_25083,LL4-B6/2023-07-06_MFS/DO2279_DO_F_25083
0,58,/DO2279_DO_F_25083,LL5-B6__2023-07-06_MFS__DO2279_DO_F_25083,LL5-B6/2023-07-06_MFS/DO2279_DO_F_25083
0,70,/DO2279_DO_F_25083,LL6-B6__2023-07-06_MFS__DO2279_DO_F_25083,LL6-B6/2023-07-06_MFS/DO2279_DO_F_25083
0,107,/DO2279_DO_F_25083,Batch2__LL3-B6__2023-07-06_MFS__DO2279_DO_F_25083,Batch2/LL3-B6/2023-07-06_MFS/DO2279_DO_F_25083
1,35,/DO2343_DO_M_25058,LL3-B6__2023-07-06_MFS__DO2343_DO_M_25058,LL3-B6/2023-07-06_MFS/DO2343_DO_M_25058
1,112,/DO2343_DO_M_25058,Batch2__LL3-B6__2023-07-06_MFS__DO2343_DO_M_25058,Batch2/LL3-B6/2023-07-06_MFS/DO2343_DO_M_25058
2,34,/DO2342_DO_M_25057,LL3-B6__2023-07-06_MFS__DO2342_DO_M_25057,LL3-B6/2023-07-06_MFS/DO2342_DO_M_25057
2,111,/DO2342_DO_M_25057,Batch2__LL3-B6__2023-07-06_MFS__DO2342_DO_M_25057,Batch2/LL3-B6/2023-07-06_MFS/DO2342_DO_M_25057
3,32,/DO2281_DO_F_25085,LL3-B6__2023-07-06_MFS__DO2281_DO_F_25085,LL3-B6/2023-07-06_MFS/DO2281_DO_F_25085
3,44,/DO2281_DO_F_25085,LL4-B6__2023-07-06_MFS__DO2281_DO_F_25085,LL4-B6/2023-07-06_MFS/DO2281_DO_F_25085
3,59,/DO2281_DO_F_25085,LL5-B6__2023-07-06_MFS__DO2281_DO_F_25085,LL5-B6/2023-07-06_MFS/DO2281_DO_F_25085
3,71,/DO2281_DO_F_25085,LL6-B6__2023-07-06_MFS__DO2281_DO_F_25085,LL6-B6/2023-07-06_MFS/DO2281_DO_F_25085
3,108,/DO2281_DO_F_25085,Batch2__LL3-B6__2023-07-06_MFS__DO2281_DO_F_25085,Batch2/LL3-B6/2023-07-06_MFS/DO2281_DO_F_25085
4,33,/DO2282_DO_F_25086,LL3-B6__2023-07-06_MFS__DO2282_DO_F_25086,LL3-B6/2023-07-06_MFS/DO2282_DO_F_25086
4,45,/DO2282_DO_F_25086,LL4-B6__2023-07-06_MFS__DO2282_DO_F_25086,LL4-B6/2023-07-06_MFS/DO2282_DO_F_25086
4,72,/DO2282_DO_F_25086,LL6-B6__2023-07-06_MFS__DO2282_DO_F_25086,LL6-B6/2023-07-06_MFS/DO2282_DO_F_25086
4,109,/DO2282_DO_F_25086,Batch2__LL3-B6__2023-07-06_MFS__DO2282_DO_F_25086,Batch2/LL3-B6/2023-07-06_MFS/DO2282_DO_F_25086
5,36,/DO2299_DO_F_25103,LL3-B6__2023-07-10_MFS__DO2299_DO_F_25103,LL3-B6/2023-07-10_MFS/DO2299_DO_F_25103
5,113,/DO2299_DO_F_25103,Batch2__LL3-B6__2023-07-10_MFS__DO2299_DO_F_25103,Batch2/LL3-B6/2023-07-10_MFS/DO2299_DO_F_25103
6,38,/DO2301_DO_F_25105,LL3-B6__2023-07-10_MFS__DO2301_DO_F_25105,LL3-B6/2023-07-10_MFS/DO2301_DO_F_25105
6,115,/DO2301_DO_F_25105,Batch2__LL3-B6__2023-07-10_MFS__DO2301_DO_F_25105,Batch2/LL3-B6/2023-07-10_MFS/DO2301_DO_F_25105
7,37,/DO2300_DO_F_25104,LL3-B6__2023-07-10_MFS__DO2300_DO_F_25104,LL3-B6/2023-07-10_MFS/DO2300_DO_F_25104
7,114,/DO2300_DO_F_25104,Batch2__LL3-B6__2023-07-10_MFS__DO2300_DO_F_25104,Batch2/LL3-B6/2023-07-10_MFS/DO2300_DO_F_25104
8,40,/DO2323_DO_F_25127,LL3-B6__2023-07-10_MFS__DO2323_DO_F_25127,LL3-B6/2023-07-10_MFS/DO2323_DO_F_25127
8,117,/DO2323_DO_F_25127,Batch2__LL3-B6__2023-07-10_MFS__DO2323_DO_F_25127,Batch2/LL3-B6/2023-07-10_MFS/DO2323_DO_F_25127
9,41,/DO2325_DO_F_25129,LL3-B6__2023-07-10_MFS__DO2325_DO_F_25129,LL3-B6/2023-07-10_MFS/DO2325_DO_F_25129
9,119,/DO2325_DO_F_25129,Batch2__LL3-B6__2023-07-10_MFS__DO2325_DO_F_25129,Batch2/LL3-B6/2023-07-10_MFS/DO2325_DO_F_25129
10,42,/DO2326_DO_F_25130,LL3-B6__2023-07-10_MFS__DO2326_DO_F_25130,LL3-B6/2023-07-10_MFS/DO2326_DO_F_25130
10,120,/DO2326_DO_F_25130,Batch2__LL3-B6__2023-07-10_MFS__DO2326_DO_F_25130,Batch2/LL3-B6/2023-07-10_MFS/DO2326_DO_F_25130
11,39,/DO2302_DO_F_25106,LL3-B6__2023-07-10_MFS__DO2302_DO_F_25106,LL3-B6/2023-07-10_MFS/DO2302_DO_F_25106
11,116,/DO2302_DO_F_25106,Batch2__LL3-B6__2023-07-10_MFS__DO2302_DO_F_25106,Batch2/LL3-B6/2023-07-10_MFS/DO2302_DO_F_25106
12,73,/DO2352_DO_M_25067,LL6-B6__2023-07-06_MFS__DO2352_DO_M_25067,LL6-B6/2023-07-06_MFS/DO2352_DO_M_25067
12,140,/DO2352_DO_M_25067,Batch2__LL6-B6__2023-07-06_MFS__DO2352_DO_M_25067,Batch2/LL6-B6/2023-07-06_MFS/DO2352_DO_M_25067
13,76,/DO2355_DO_M_25070,LL6-B6__2023-07-06_MFS__DO2355_DO_M_25070,LL6-B6/2023-07-06_MFS/DO2355_DO_M_25070
13,143,/DO2355_DO_M_25070,Batch2__LL6-B6__2023-07-06_MFS__DO2355_DO_M_25070,Batch2/LL6-B6/2023-07-06_MFS/DO2355_DO_M_25070
14,74,/DO2353_DO_M_25068,LL6-B6__2023-07-06_MFS__DO2353_DO_M_25068,LL6-B6/2023-07-06_MFS/DO2353_DO_M_25068
14,141,/DO2353_DO_M_25068,Batch2__LL6-B6__2023-07-06_MFS__DO2353_DO_M_25068,Batch2/LL6-B6/2023-07-06_MFS/DO2353_DO_M_25068
15,75,/DO2354_DO_M_25069,LL6-B6__2023-07-06_MFS__DO2354_DO_M_25069,LL6-B6/2023-07-06_MFS/DO2354_DO_M_25069
15,142,/DO2354_DO_M_25069,Batch2__LL6-B6__2023-07-06_MFS__DO2354_DO_M_25069,Batch2/LL6-B6/2023-07-06_MFS/DO2354_DO_M_25069
16,77,/DO2313_DO_F_25117,LL6-B6__2023-07-10_MFS__DO2313_DO_F_25117,LL6-B6/2023-07-10_MFS/DO2313_DO_F_25117
16,145,/DO2313_DO_F_25117,Batch2__LL6-B6__2023-07-10_MFS__DO2313_DO_F_25117,Batch2/LL6-B6/2023-07-10_MFS/DO2313_DO_F_25117
17,1,/DO2272_DO_F_25076,LL1-B6__2023-07-06_MFS__DO2272_DO_F_25076,LL1-B6/2023-07-06_MFS/DO2272_DO_F_25076
17,79,/DO2272_DO_F_25076,Batch2__LL1-B6__2023-07-06_MFS__DO2272_DO_F_25076,Batch2/LL1-B6/2023-07-06_MFS/DO2272_DO_F_25076
18,0,/DO2271_DO_F_25075,LL1-B6__2023-07-06_MFS__DO2271_DO_F_25075,LL1-B6/2023-07-06_MFS/DO2271_DO_F_25075
18,78,/DO2271_DO_F_25075,Batch2__LL1-B6__2023-07-06_MFS__DO2271_DO_F_25075,Batch2/LL1-B6/2023-07-06_MFS/DO2271_DO_F_25075
19,2,/DO2273_DO_F_25077,LL1-B6__2023-07-06_MFS__DO2273_DO_F_25077,LL1-B6/2023-07-06_MFS/DO2273_DO_F_25077
19,80,/DO2273_DO_F_25077,Batch2__LL1-B6__2023-07-06_MFS__DO2273_DO_F_25077,Batch2/LL1-B6/2023-07-06_MFS/DO2273_DO_F_25077
20,4,/DO2331_DO_M_25047,LL1-B6__2023-07-06_MFS__DO2331_DO_M_25047,LL1-B6/2023-07-06_MFS/DO2331_DO_M_25047
20,82,/DO2331_DO_M_25047,Batch2__LL1-B6__2023-07-06_MFS__DO2331_DO_M_25047,Batch2/LL1-B6/2023-07-06_MFS/DO2331_DO_M_25047
21,5,/DO2332_DO_M_25048,LL1-B6__2023-07-06_MFS__DO2332_DO_M_25048,LL1-B6/2023-07-06_MFS/DO2332_DO_M_25048
21,83,/DO2332_DO_M_25048,Batch2__LL1-B6__2023-07-06_MFS__DO2332_DO_M_25048,Batch2/LL1-B6/2023-07-06_MFS/DO2332_DO_M_25048
22,6,/DO2333_DO_M_25049,LL1-B6__2023-07-06_MFS__DO2333_DO_M_25049,LL1-B6/2023-07-06_MFS/DO2333_DO_M_25049
22,84,/DO2333_DO_M_25049,Batch2__LL1-B6__2023-07-06_MFS__DO2333_DO_M_25049,Batch2/LL1-B6/2023-07-06_MFS/DO2333_DO_M_25049
23,7,/DO2334_DO_M_25050,LL1-B6__2023-07-06_MFS__DO2334_DO_M_25050,LL1-B6/2023-07-06_MFS/DO2334_DO_M_25050
23,85,/DO2334_DO_M_25050,Batch2__LL1-B6__2023-07-06_MFS__DO2334_DO_M_25050,Batch2/LL1-B6/2023-07-06_MFS/DO2334_DO_M_25050
24,3,/DO2274_DO_F_25078,LL1-B6__2023-07-06_MFS__DO2274_DO_F_25078,LL1-B6/2023-07-06_MFS/DO2274_DO_F_25078
24,64,/DO2274_DO_F_25078,LL5-B6__2023-07-10_MFS__DO2274_DO_F_25078,LL5-B6/2023-07-10_MFS/DO2274_DO_F_25078
24,81,/DO2274_DO_F_25078,Batch2__LL1-B6__2023-07-06_MFS__DO2274_DO_F_25078,Batch2/LL1-B6/2023-07-06_MFS/DO2274_DO_F_25078
25,13,/DO2316_DO_F_25120,LL1-B6__2023-07-10_MFS__DO2316_DO_F_25120,LL1-B6/2023-07-10_MFS/DO2316_DO_F_25120
25,91,/DO2316_DO_F_25120,Batch2__LL1-B6__2023-07-10_MFS__DO2316_DO_F_25120,Batch2/LL1-B6/2023-07-10_MFS/DO2316_DO_F_25120
26,15,/DO2318_DO_F_25122,LL1-B6__2023-07-10_MFS__DO2318_DO_F_25122,LL1-B6/2023-07-10_MFS/DO2318_DO_F_25122
26,93,/DO2318_DO_F_25122,Batch2__LL1-B6__2023-07-10_MFS__DO2318_DO_F_25122,Batch2/LL1-B6/2023-07-10_MFS/DO2318_DO_F_25122
27,14,/DO2317_DO_F_25121,LL1-B6__2023-07-10_MFS__DO2317_DO_F_25121,LL1-B6/2023-07-10_MFS/DO2317_DO_F_25121
27,92,/DO2317_DO_F_25121,Batch2__LL1-B6__2023-07-10_MFS__DO2317_DO_F_25121,Batch2/LL1-B6/2023-07-10_MFS/DO2317_DO_F_25121
28,8,/DO2291_DO_F_25095,LL1-B6__2023-07-10_MFS__DO2291_DO_F_25095,LL1-B6/2023-07-10_MFS/DO2291_DO_F_25095
28,86,/DO2291_DO_F_25095,Batch2__LL1-B6__2023-07-10_MFS__DO2291_DO_F_25095,Batch2/LL1-B6/2023-07-10_MFS/DO2291_DO_F_25095
29,11,/DO2294_DO_F_25098,LL1-B6__2023-07-10_MFS__DO2294_DO_F_25098,LL1-B6/2023-07-10_MFS/DO2294_DO_F_25098
29,89,/DO2294_DO_F_25098,Batch2__LL1-B6__2023-07-10_MFS__DO2294_DO_F_25098,Batch2/LL1-B6/2023-07-10_MFS/DO2294_DO_F_25098
30,10,/DO2293_DO_F_25097,LL1-B6__2023-07-10_MFS__DO2293_DO_F_25097,LL1-B6/2023-07-10_MFS/DO2293_DO_F_25097
30,88,/DO2293_DO_F_25097,Batch2__LL1-B6__2023-07-10_MFS__DO2293_DO_F_25097,Batch2/LL1-B6/2023-07-10_MFS/DO2293_DO_F_25097
31,12,/DO2315_DO_F_25119,LL1-B6__2023-07-10_MFS__DO2315_DO_F_25119,LL1-B6/2023-07-10_MFS/DO2315_DO_F_25119
31,90,/DO2315_DO_F_25119,Batch2__LL1-B6__2023-07-10_MFS__DO2315_DO_F_25119,Batch2/LL1-B6/2023-07-10_MFS/DO2315_DO_F_25119
32,9,/DO2292_DO_F_25096,LL1-B6__2023-07-10_MFS__DO2292_DO_F_25096,LL1-B6/2023-07-10_MFS/DO2292_DO_F_25096
32,87,/DO2292_DO_F_25096,Batch2__LL1-B6__2023-07-10_MFS__DO2292_DO_F_25096,Batch2/LL1-B6/2023-07-10_MFS/DO2292_DO_F_25096
33,46,/DO2344_DO_M_25059,LL4-B6__2023-07-06_MFS__DO2344_DO_M_25059,LL4-B6/2023-07-06_MFS/DO2344_DO_M_25059
33,121,/DO2344_DO_M_25059,Batch2__LL4-B6__2023-07-06_MFS__DO2344_DO_M_25059,Batch2/LL4-B6/2023-07-06_MFS/DO2344_DO_M_25059
34,47,/DO2345_DO_M_25060,LL4-B6__2023-07-06_MFS__DO2345_DO_M_25060,LL4-B6/2023-07-06_MFS/DO2345_DO_M_25060
34,122,/DO2345_DO_M_25060,Batch2__LL4-B6__2023-07-06_MFS__DO2345_DO_M_25060,Batch2/LL4-B6/2023-07-06_MFS/DO2345_DO_M_25060
35,49,/DO2347_DO_M_25062,LL4-B6__2023-07-06_MFS__DO2347_DO_M_25062,LL4-B6/2023-07-06_MFS/DO2347_DO_M_25062
35,124,/DO2347_DO_M_25062,Batch2__LL4-B6__2023-07-06_MFS__DO2347_DO_M_25062,Batch2/LL4-B6/2023-07-06_MFS/DO2347_DO_M_25062
36,48,/DO2346_DO_M_25061,LL4-B6__2023-07-06_MFS__DO2346_DO_M_25061,LL4-B6/2023-07-06_MFS/DO2346_DO_M_25061
36,123,/DO2346_DO_M_25061,Batch2__LL4-B6__2023-07-06_MFS__DO2346_DO_M_25061,Batch2/LL4-B6/2023-07-06_MFS/DO2346_DO_M_25061
37,55,/DO2329_DO_F_25133,LL4-B6__2023-07-10_MFS__DO2329_DO_F_25133,LL4-B6/2023-07-10_MFS/DO2329_DO_F_25133
37,130,/DO2329_DO_F_25133,Batch2__LL4-B6__2023-07-10_MFS__DO2329_DO_F_25133,Batch2/LL4-B6/2023-07-10_MFS/DO2329_DO_F_25133
38,52,/DO2306_DO_F_25110,LL4-B6__2023-07-10_MFS__DO2306_DO_F_25110,LL4-B6/2023-07-10_MFS/DO2306_DO_F_25110
38,127,/DO2306_DO_F_25110,Batch2__LL4-B6__2023-07-10_MFS__DO2306_DO_F_25110,Batch2/LL4-B6/2023-07-10_MFS/DO2306_DO_F_25110
39,56,/DO2330_DO_F_25134,LL4-B6__2023-07-10_MFS__DO2330_DO_F_25134,LL4-B6/2023-07-10_MFS/DO2330_DO_F_25134
39,131,/DO2330_DO_F_25134,Batch2__LL4-B6__2023-07-10_MFS__DO2330_DO_F_25134,Batch2/LL4-B6/2023-07-10_MFS/DO2330_DO_F_25134
40,54,/DO2328_DO_F_25132,LL4-B6__2023-07-10_MFS__DO2328_DO_F_25132,LL4-B6/2023-07-10_MFS/DO2328_DO_F_25132
40,129,/DO2328_DO_F_25132,Batch2__LL4-B6__2023-07-10_MFS__DO2328_DO_F_25132,Batch2/LL4-B6/2023-07-10_MFS/DO2328_DO_F_25132
41,50,/DO2304_DO_F_25108,LL4-B6__2023-07-10_MFS__DO2304_DO_F_25108,LL4-B6/2023-07-10_MFS/DO2304_DO_F_25108
41,125,/DO2304_DO_F_25108,Batch2__LL4-B6__2023-07-10_MFS__DO2304_DO_F_25108,Batch2/LL4-B6/2023-07-10_MFS/DO2304_DO_F_25108
42,51,/DO2305_DO_F_25109,LL4-B6__2023-07-10_MFS__DO2305_DO_F_25109,LL4-B6/2023-07-10_MFS/DO2305_DO_F_25109
42,126,/DO2305_DO_F_25109,Batch2__LL4-B6__2023-07-10_MFS__DO2305_DO_F_25109,Batch2/LL4-B6/2023-07-10_MFS/DO2305_DO_F_25109
43,53,/DO2327_DO_F_25131,LL4-B6__2023-07-10_MFS__DO2327_DO_F_25131,LL4-B6/2023-07-10_MFS/DO2327_DO_F_25131
43,128,/DO2327_DO_F_25131,Batch2__LL4-B6__2023-07-10_MFS__DO2327_DO_F_25131,Batch2/LL4-B6/2023-07-10_MFS/DO2327_DO_F_25131
44,61,/DO2349_DO_M_25064,LL5-B6__2023-07-06_MFS__DO2349_DO_M_25064,LL5-B6/2023-07-06_MFS/DO2349_DO_M_25064
44,133,/DO2349_DO_M_25064,Batch2__LL5-B6__2023-07-06_MFS__DO2349_DO_M_25064,Batch2/LL5-B6/2023-07-06_MFS/DO2349_DO_M_25064
45,60,/DO2348_DO_M_25063,LL5-B6__2023-07-06_MFS__DO2348_DO_M_25063,LL5-B6/2023-07-06_MFS/DO2348_DO_M_25063
45,132,/DO2348_DO_M_25063,Batch2__LL5-B6__2023-07-06_MFS__DO2348_DO_M_25063,Batch2/LL5-B6/2023-07-06_MFS/DO2348_DO_M_25063
46,62,/DO2350_DO_M_25065,LL5-B6__2023-07-06_MFS__DO2350_DO_M_25065,LL5-B6/2023-07-06_MFS/DO2350_DO_M_25065
46,134,/DO2350_DO_M_25065,Batch2__LL5-B6__2023-07-06_MFS__DO2350_DO_M_25065,Batch2/LL5-B6/2023-07-06_MFS/DO2350_DO_M_25065
47,63,/DO2351_DO_M_25066,LL5-B6__2023-07-06_MFS__DO2351_DO_M_25066,LL5-B6/2023-07-06_MFS/DO2351_DO_M_25066
47,135,/DO2351_DO_M_25066,Batch2__LL5-B6__2023-07-06_MFS__DO2351_DO_M_25066,Batch2/LL5-B6/2023-07-06_MFS/DO2351_DO_M_25066
48,68,/DO2311_DO_F_25115,LL5-B6__2023-07-10_MFS__DO2311_DO_F_25115,LL5-B6/2023-07-10_MFS/DO2311_DO_F_25115
48,139,/DO2311_DO_F_25115,Batch2__LL5-B6__2023-07-10_MFS__DO2311_DO_F_25115,Batch2/LL5-B6/2023-07-10_MFS/DO2311_DO_F_25115
49,66,/DO2308_DO_F_25112,LL5-B6__2023-07-10_MFS__DO2308_DO_F_25112,LL5-B6/2023-07-10_MFS/DO2308_DO_F_25112
49,137,/DO2308_DO_F_25112,Batch2__LL5-B6__2023-07-10_MFS__DO2308_DO_F_25112,Batch2/LL5-B6/2023-07-10_MFS/DO2308_DO_F_25112
50,65,/DO2307_DO_F_25111,LL5-B6__2023-07-10_MFS__DO2307_DO_F_25111,LL5-B6/2023-07-10_MFS/DO2307_DO_F_25111
50,136,/DO2307_DO_F_25111,Batch2__LL5-B6__2023-07-10_MFS__DO2307_DO_F_25111,Batch2/LL5-B6/2023-07-10_MFS/DO2307_DO_F_25111
51,67,/DO2310_DO_F_25114,LL5-B6__2023-07-10_MFS__DO2310_DO_F_25114,LL5-B6/2023-07-10_MFS/DO2310_DO_F_25114
51,138,/DO2310_DO_F_25114,Batch2__LL5-B6__2023-07-10_MFS__DO2310_DO_F_25114,Batch2/LL5-B6/2023-07-10_MFS/DO2310_DO_F_25114
52,18,/DO2277_DO_F_25081,LL2-B6__2023-07-06_MFS__DO2277_DO_F_25081,LL2-B6/2023-07-06_MFS/DO2277_DO_F_25081
52,95,/DO2277_DO_F_25081,Batch2__LL2-B6__2023-07-06_MFS__DO2277_DO_F_25081,Batch2/LL2-B6/2023-07-06_MFS/DO2277_DO_F_25081
53,21,/DO2338_DO_M_25054,LL2-B6__2023-07-06_MFS__DO2338_DO_M_25054,LL2-B6/2023-07-06_MFS/DO2338_DO_M_25054
53,98,/DO2338_DO_M_25054,Batch2__LL2-B6__2023-07-06_MFS__DO2338_DO_M_25054,Batch2/LL2-B6/2023-07-06_MFS/DO2338_DO_M_25054
54,20,/DO2335_DO_M_25051,LL2-B6__2023-07-06_MFS__DO2335_DO_M_25051,LL2-B6/2023-07-06_MFS/DO2335_DO_M_25051
54,97,/DO2335_DO_M_25051,Batch2__LL2-B6__2023-07-06_MFS__DO2335_DO_M_25051,Batch2/LL2-B6/2023-07-06_MFS/DO2335_DO_M_25051
55,19,/DO2278_DO_F_25082,LL2-B6__2023-07-06_MFS__DO2278_DO_F_25082,LL2-B6/2023-07-06_MFS/DO2278_DO_F_25082
55,96,/DO2278_DO_F_25082,Batch2__LL2-B6__2023-07-06_MFS__DO2278_DO_F_25082,Batch2/LL2-B6/2023-07-06_MFS/DO2278_DO_F_25082
56,17,/DO2275_DO_F_25079,LL2-B6__2023-07-06_MFS__DO2275_DO_F_25079,LL2-B6/2023-07-06_MFS/DO2275_DO_F_25079
56,94,/DO2275_DO_F_25079,Batch2__LL2-B6__2023-07-06_MFS__DO2275_DO_F_25079,Batch2/LL2-B6/2023-07-06_MFS/DO2275_DO_F_25079
57,23,/DO2297_DO_F_25101,LL2-B6__2023-07-10_MFS__DO2297_DO_F_25101,LL2-B6/2023-07-10_MFS/DO2297_DO_F_25101
57,101,/DO2297_DO_F_25101,Batch2__LL2-B6__2023-07-10_MFS__DO2297_DO_F_25101,Batch2/LL2-B6/2023-07-10_MFS/DO2297_DO_F_25101
58,28,/DO2322_DO_F_25126,LL2-B6__2023-07-10_MFS__DO2322_DO_F_25126,LL2-B6/2023-07-10_MFS/DO2322_DO_F_25126
58,106,/DO2322_DO_F_25126,Batch2__LL2-B6__2023-07-10_MFS__DO2322_DO_F_25126,Batch2/LL2-B6/2023-07-10_MFS/DO2322_DO_F_25126
59,22,/DO2295_DO_F_25099,LL2-B6__2023-07-10_MFS__DO2295_DO_F_25099,LL2-B6/2023-07-10_MFS/DO2295_DO_F_25099
59,99,/DO2295_DO_F_25099,Batch2__LL2-B6__2023-07-10_MFS__DO2295_DO_F_25099,Batch2/LL2-B6/2023-07-10_MFS/DO2295_DO_F_25099
60,27,/DO2321_DO_F_25125,LL2-B6__2023-07-10_MFS__DO2321_DO_F_25125,LL2-B6/2023-07-10_MFS/DO2321_DO_F_25125
60,105,/DO2321_DO_F_25125,Batch2__LL2-B6__2023-07-10_MFS__DO2321_DO_F_25125,Batch2/LL2-B6/2023-07-10_MFS/DO2321_DO_F_25125
61,26,/DO2320_DO_F_25124,LL2-B6__2023-07-10_MFS__DO2320_DO_F_25124,LL2-B6/2023-07-10_MFS/DO2320_DO_F_25124
61,104,/DO2320_DO_F_25124,Batch2__LL2-B6__2023-07-10_MFS__DO2320_DO_F_25124,Batch2/LL2-B6/2023-07-10_MFS/DO2320_DO_F_25124
62,25,/DO2319_DO_F_25123,LL2-B6__2023-07-10_MFS__DO2319_DO_F_25123,LL2-B6/2023-07-10_MFS/DO2319_DO_F_25123
62,103,/DO2319_DO_F_25123,Batch2__LL2-B6__2023-07-10_MFS__DO2319_DO_F_25123,Batch2/LL2-B6/2023-07-10_MFS/DO2319_DO_F_25123
63,24,/DO2298_DO_F_25102,LL2-B6__2023-07-10_MFS__DO2298_DO_F_25102,LL2-B6/2023-07-10_MFS/DO2298_DO_F_25102
63,102,/DO2298_DO_F_25102,Batch2__LL2-B6__2023-07-10_MFS__DO2298_DO_F_25102,Batch2/LL2-B6/2023-07-10_MFS/DO2298_DO_F_25102
64,118,/DO2324_DO_F_25128,Batch2__LL3-B6__2023-07-10_MFS__DO2324_DO_F_25128,Batch2/LL3-B6/2023-07-10_MFS/DO2324_DO_F_25128
65,144,/DO2312_DO_F_25116,Batch2__LL6-B6__2023-07-10_MFS__DO2312_DO_F_25116,Batch2/LL6-B6/2023-07-10_MFS/DO2312_DO_F_25116
66,110,/DO2340_DO_M_25056,Batch2__LL3-B6__2023-07-06_MFS__DO2340_DO_M_25056,Batch2/LL3-B6/2023-07-06_MFS/DO2340_DO_M_25056
67,100,/DO2296_DO_F_25100,Batch2__LL2-B6__2023-07-10_MFS__DO2296_DO_F_25100,Batch2/LL2-B6/2023-07-10_MFS/DO2296_DO_F_25100
68,209,NV14-B7B8/2020-01-06/DO-1D-3161,NV14-B7B8__2020-01-06__DO-1D-3161,NV14-B7B8/2020-01-06/DO-1D-3161
69,210,NV14-B7B8/2020-01-06/DO-1D-3164,NV14-B7B8__2020-01-06__DO-1D-3164,NV14-B7B8/2020-01-06/DO-1D-3164
70,211,NV14-B7B8/2020-01-06/DO-2D-4162,NV14-B7B8__2020-01-06__DO-2D-4162,NV14-B7B8/2020-01-06/DO-2D-4162
71,323,NV14-B7B8/2020-07-08/DO-2D-4162,NV14-B7B8__2020-07-08__DO-2D-4162,NV14-B7B8/2020-07-08/DO-2D-4162
72,212,NV14-B7B8/2020-01-06/DO-2D-4165,NV14-B7B8__2020-01-06__DO-2D-4165,NV14-B7B8/2020-01-06/DO-2D-4165
73,510,NV15-B7B8/2020-07-08/DO-2D-4165,NV15-B7B8__2020-07-08__DO-2D-4165,NV15-B7B8/2020-07-08/DO-2D-4165
74,366,NV14-B7B8/2020-09-29/DO-2D-4165,NV14-B7B8__2020-09-29__DO-2D-4165,NV14-B7B8/2020-09-29/DO-2D-4165
75,213,NV14-B7B8/2020-01-06/DO-2D-4168,NV14-B7B8__2020-01-06__DO-2D-4168,NV14-B7B8/2020-01-06/DO-2D-4168
76,511,NV15-B7B8/2020-07-08/DO-2D-4168,NV15-B7B8__2020-07-08__DO-2D-4168,NV15-B7B8/2020-07-08/DO-2D-4168
77,214,NV14-B7B8/2020-01-06/DO-2D-4172,NV14-B7B8__2020-01-06__DO-2D-4172,NV14-B7B8/2020-01-06/DO-2D-4172
78,512,NV15-B7B8/2020-07-08/DO-2D-4172,NV15-B7B8__2020-07-08__DO-2D-4172,NV15-B7B8/2020-07-08/DO-2D-4172
79,548,NV15-B7B8/2020-09-29/DO-2D-4172,NV15-B7B8__2020-09-29__DO-2D-4172,NV15-B7B8/2020-09-29/DO-2D-4172
80,404,NV15-B7B8/2020-01-06/DO-1D-3163,NV15-B7B8__2020-01-06__DO-1D-3163,NV15-B7B8/2020-01-06/DO-1D-3163
81,319,NV14-B7B8/2020-07-07/DO-1D-3163,NV14-B7B8__2020-07-07__DO-1D-3163,NV14-B7B8/2020-07-07/DO-1D-3163
82,405,NV15-B7B8/2020-01-06/DO-1D-3168,NV15-B7B8__2020-01-06__DO-1D-3168,NV15-B7B8/2020-01-06/DO-1D-3168
83,506,NV15-B7B8/2020-07-07/DO-1D-3168,NV15-B7B8__2020-07-07__DO-1D-3168,NV15-B7B8/2020-07-07/DO-1D-3168
84,406,NV15-B7B8/2020-01-06/DO-2D-4164,NV15-B7B8__2020-01-06__DO-2D-4164,NV15-B7B8/2020-01-06/DO-2D-4164
85,407,NV15-B7B8/2020-01-06/DO-2D-4167,NV15-B7B8__2020-01-06__DO-2D-4167,NV15-B7B8/2020-01-06/DO-2D-4167
86,324,NV14-B7B8/2020-07-08/DO-2D-4167,NV14-B7B8__2020-07-08__DO-2D-4167,NV14-B7B8/2020-07-08/DO-2D-4167
87,547,NV15-B7B8/2020-09-29/DO-2D-4167,NV15-B7B8__2020-09-29__DO-2D-4167,NV15-B7B8/2020-09-29/DO-2D-4167
88,408,NV15-B7B8/2020-01-06/DO-2D-4171,NV15-B7B8__2020-01-06__DO-2D-4171,NV15-B7B8/2020-01-06/DO-2D-4171
89,325,NV14-B7B8/2020-07-08/DO-2D-4171,NV14-B7B8__2020-07-08__DO-2D-4171,NV14-B7B8/2020-07-08/DO-2D-4171
90,382,NV14-B7B8/2021-01-11/DO-2D-4171,NV14-B7B8__2021-01-11__DO-2D-4171,NV14-B7B8/2021-01-11/DO-2D-4171
91,367,NV14-B7B8/2020-09-29/DO-2D-4171,NV14-B7B8__2020-09-29__DO-2D-4171,NV14-B7B8/2020-09-29/DO-2D-4171
92,409,NV15-B7B8/2020-01-06/DO-2D-4174,NV15-B7B8__2020-01-06__DO-2D-4174,NV15-B7B8/2020-01-06/DO-2D-4174
93,326,NV14-B7B8/2020-07-08/DO-2D-4174,NV14-B7B8__2020-07-08__DO-2D-4174,NV14-B7B8/2020-07-08/DO-2D-4174
94,215,NV14-B7B8/2020-01-07/DO-1D-3169,NV14-B7B8__2020-01-07__DO-1D-3169,NV14-B7B8/2020-01-07/DO-1D-3169
95,320,NV14-B7B8/2020-07-07/DO-1D-3169,NV14-B7B8__2020-07-07__DO-1D-3169,NV14-B7B8/2020-07-07/DO-1D-3169
96,216,NV14-B7B8/2020-01-07/DO-1D-3171,NV14-B7B8__2020-01-07__DO-1D-3171,NV14-B7B8/2020-01-07/DO-1D-3171
97,217,NV14-B7B8/2020-01-07/DO-1D-3175,NV14-B7B8__2020-01-07__DO-1D-3175,NV14-B7B8/2020-01-07/DO-1D-3175
98,218,NV14-B7B8/2020-01-07/DO-40-2162,NV14-B7B8__2020-01-07__DO-40-2162,NV14-B7B8/2020-01-07/DO-40-2162
99,316,NV14-B7B8/2020-07-06/DO-40-2162,NV14-B7B8__2020-07-06__DO-40-2162,NV14-B7B8/2020-07-06/DO-40-2162
100,219,NV14-B7B8/2020-01-07/DO-40-2167,NV14-B7B8__2020-01-07__DO-40-2167,NV14-B7B8/2020-01-07/DO-40-2167
101,317,NV14-B7B8/2020-07-06/DO-40-2167,NV14-B7B8__2020-07-06__DO-40-2167,NV14-B7B8/2020-07-06/DO-40-2167
102,220,NV14-B7B8/2020-01-07/DO-40-2172,NV14-B7B8__2020-01-07__DO-40-2172,NV14-B7B8/2020-01-07/DO-40-2172
103,321,NV14-B7B8/2020-07-07/DO-40-2172,NV14-B7B8__2020-07-07__DO-40-2172,NV14-B7B8/2020-07-07/DO-40-2172
104,368,NV14-B7B8/2020-09-29/DO-40-2172,NV14-B7B8__2020-09-29__DO-40-2172,NV14-B7B8/2020-09-29/DO-40-2172
105,221,NV14-B7B8/2020-01-07/DO-40-2175,NV14-B7B8__2020-01-07__DO-40-2175,NV14-B7B8/2020-01-07/DO-40-2175
106,322,NV14-B7B8/2020-07-07/DO-40-2175,NV14-B7B8__2020-07-07__DO-40-2175,NV14-B7B8/2020-07-07/DO-40-2175
107,255,NV14-B7B8/2020-02-04/DO-20-1179,NV14-B7B8__2020-02-04__DO-20-1179,NV14-B7B8/2020-02-04/DO-20-1179
108,336,NV14-B7B8/2020-07-28/DO-20-1179,NV14-B7B8__2020-07-28__DO-20-1179,NV14-B7B8/2020-07-28/DO-20-1179
109,552,NV15-B7B8/2020-10-26/DO-20-1179,NV15-B7B8__2020-10-26__DO-20-1179,NV15-B7B8/2020-10-26/DO-20-1179
110,256,NV14-B7B8/2020-02-04/DO-AL-0179,NV14-B7B8__2020-02-04__DO-AL-0179,NV14-B7B8/2020-02-04/DO-AL-0179
111,257,NV14-B7B8/2020-02-04/DO-AL-0185,NV14-B7B8__2020-02-04__DO-AL-0185,NV14-B7B8/2020-02-04/DO-AL-0185
112,410,NV15-B7B8/2020-01-07/DO-1D-3170,NV15-B7B8__2020-01-07__DO-1D-3170,NV15-B7B8/2020-01-07/DO-1D-3170
113,507,NV15-B7B8/2020-07-07/DO-1D-3170,NV15-B7B8__2020-07-07__DO-1D-3170,NV15-B7B8/2020-07-07/DO-1D-3170
114,411,NV15-B7B8/2020-01-07/DO-1D-3174,NV15-B7B8__2020-01-07__DO-1D-3174,NV15-B7B8/2020-01-07/DO-1D-3174
115,412,NV15-B7B8/2020-01-07/DO-40-2164,NV15-B7B8__2020-01-07__DO-40-2164,NV15-B7B8/2020-01-07/DO-40-2164
116,503,NV15-B7B8/2020-07-06/DO-40-2164,NV15-B7B8__2020-07-06__DO-40-2164,NV15-B7B8/2020-07-06/DO-40-2164
117,560,NV15-B7B8/2021-01-11/DO-40-2164,NV15-B7B8__2021-01-11__DO-40-2164,NV15-B7B8/2021-01-11/DO-40-2164
118,545,NV15-B7B8/2020-09-28/DO-40-2164,NV15-B7B8__2020-09-28__DO-40-2164,NV15-B7B8/2020-09-28/DO-40-2164
119,413,NV15-B7B8/2020-01-07/DO-40-2168,NV15-B7B8__2020-01-07__DO-40-2168,NV15-B7B8/2020-01-07/DO-40-2168
120,504,NV15-B7B8/2020-07-06/DO-40-2168,NV15-B7B8__2020-07-06__DO-40-2168,NV15-B7B8/2020-07-06/DO-40-2168
121,561,NV15-B7B8/2021-01-11/DO-40-2168,NV15-B7B8__2021-01-11__DO-40-2168,NV15-B7B8/2021-01-11/DO-40-2168
122,546,NV15-B7B8/2020-09-28/DO-40-2168,NV15-B7B8__2020-09-28__DO-40-2168,NV15-B7B8/2020-09-28/DO-40-2168
123,414,NV15-B7B8/2020-01-07/DO-40-2171,NV15-B7B8__2020-01-07__DO-40-2171,NV15-B7B8/2020-01-07/DO-40-2171
124,415,NV15-B7B8/2020-01-07/DO-40-2174,NV15-B7B8__2020-01-07__DO-40-2174,NV15-B7B8/2020-01-07/DO-40-2174
125,508,NV15-B7B8/2020-07-07/DO-40-2174,NV15-B7B8__2020-07-07__DO-40-2174,NV15-B7B8/2020-07-07/DO-40-2174
126,416,NV15-B7B8/2020-01-07/DO-40-2176,NV15-B7B8__2020-01-07__DO-40-2176,NV15-B7B8/2020-01-07/DO-40-2176
127,509,NV15-B7B8/2020-07-07/DO-40-2176,NV15-B7B8__2020-07-07__DO-40-2176,NV15-B7B8/2020-07-07/DO-40-2176
128,549,NV15-B7B8/2020-09-29/DO-40-2176,NV15-B7B8__2020-09-29__DO-40-2176,NV15-B7B8/2020-09-29/DO-40-2176
129,445,NV15-B7B8/2020-02-04/DO-20-1178,NV15-B7B8__2020-02-04__DO-20-1178,NV15-B7B8/2020-02-04/DO-20-1178
130,519,NV15-B7B8/2020-07-28/DO-20-1178,NV15-B7B8__2020-07-28__DO-20-1178,NV15-B7B8/2020-07-28/DO-20-1178
131,373,NV14-B7B8/2020-10-26/DO-20-1178,NV14-B7B8__2020-10-26__DO-20-1178,NV14-B7B8/2020-10-26/DO-20-1178
132,446,NV15-B7B8/2020-02-04/DO-AL-0180,NV15-B7B8__2020-02-04__DO-AL-0180,NV15-B7B8/2020-02-04/DO-AL-0180
133,340,NV14-B7B8/2020-07-28/DO-AL-0180,NV14-B7B8__2020-07-28__DO-AL-0180,NV14-B7B8/2020-07-28/DO-AL-0180
134,447,NV15-B7B8/2020-02-04/DO-AL-0184,NV15-B7B8__2020-02-04__DO-AL-0184,NV15-B7B8/2020-02-04/DO-AL-0184
135,222,NV14-B7B8/2020-01-08/DO-20-1161,NV14-B7B8__2020-01-08__DO-20-1161,NV14-B7B8/2020-01-08/DO-20-1161
136,223,NV14-B7B8/2020-01-08/DO-20-1165,NV14-B7B8__2020-01-08__DO-20-1165,NV14-B7B8/2020-01-08/DO-20-1165
137,224,NV14-B7B8/2020-01-08/DO-20-1170,NV14-B7B8__2020-01-08__DO-20-1170,NV14-B7B8/2020-01-08/DO-20-1170
138,502,NV15-B7B8/2020-07-06/DO-20-1170,NV15-B7B8__2020-07-06__DO-20-1170,NV15-B7B8/2020-07-06/DO-20-1170
139,544,NV15-B7B8/2020-09-28/DO-20-1170,NV15-B7B8__2020-09-28__DO-20-1170,NV15-B7B8/2020-09-28/DO-20-1170
140,225,NV14-B7B8/2020-01-08/DO-20-1173,NV14-B7B8__2020-01-08__DO-20-1173,NV14-B7B8/2020-01-08/DO-20-1173
141,226,NV14-B7B8/2020-01-08/DO-20-1175,NV14-B7B8__2020-01-08__DO-20-1175,NV14-B7B8/2020-01-08/DO-20-1175
142,227,NV14-B7B8/2020-01-08/DO-AL-0172,NV14-B7B8__2020-01-08__DO-AL-0172,NV14-B7B8/2020-01-08/DO-AL-0172
143,318,NV14-B7B8/2020-07-06/DO-AL-0172,NV14-B7B8__2020-07-06__DO-AL-0172,NV14-B7B8/2020-07-06/DO-AL-0172
144,228,NV14-B7B8/2020-01-08/DO-AL-0175,NV14-B7B8__2020-01-08__DO-AL-0175,NV14-B7B8/2020-01-08/DO-AL-0175
145,258,NV14-B7B8/2020-02-05/DO-40-2178,NV14-B7B8__2020-02-05__DO-40-2178,NV14-B7B8/2020-02-05/DO-40-2178
146,343,NV14-B7B8/2020-07-29/DO-40-2178,NV14-B7B8__2020-07-29__DO-40-2178,NV14-B7B8/2020-07-29/DO-40-2178
147,259,NV14-B7B8/2020-02-05/DO-40-2181,NV14-B7B8__2020-02-05__DO-40-2181,NV14-B7B8/2020-02-05/DO-40-2181
148,344,NV14-B7B8/2020-07-29/DO-40-2181,NV14-B7B8__2020-07-29__DO-40-2181,NV14-B7B8/2020-07-29/DO-40-2181
149,376,NV14-B7B8/2020-10-27/DO-40-2181,NV14-B7B8__2020-10-27__DO-40-2181,NV14-B7B8/2020-10-27/DO-40-2181
150,260,NV14-B7B8/2020-02-05/DO-40-2183,NV14-B7B8__2020-02-05__DO-40-2183,NV14-B7B8/2020-02-05/DO-40-2183
151,392,NV14-B7B8/2021-02-04/DO-40-2183,NV14-B7B8__2021-02-04__DO-40-2183,NV14-B7B8/2021-02-04/DO-40-2183
152,345,NV14-B7B8/2020-07-29/DO-40-2183,NV14-B7B8__2020-07-29__DO-40-2183,NV14-B7B8/2020-07-29/DO-40-2183
153,557,NV15-B7B8/2020-10-27/DO-40-2183,NV15-B7B8__2020-10-27__DO-40-2183,NV15-B7B8/2020-10-27/DO-40-2183
154,261,NV14-B7B8/2020-02-05/DO-40-2186,NV14-B7B8__2020-02-05__DO-40-2186,NV14-B7B8/2020-02-05/DO-40-2186
155,379,NV14-B7B8/2020-10-28/DO-40-2186,NV14-B7B8__2020-10-28__DO-40-2186,NV14-B7B8/2020-10-28/DO-40-2186
156,347,NV14-B7B8/2020-07-30/DO-40-2186,NV14-B7B8__2020-07-30__DO-40-2186,NV14-B7B8/2020-07-30/DO-40-2186
157,262,NV14-B7B8/2020-02-05/DO-40-2189,NV14-B7B8__2020-02-05__DO-40-2189,NV14-B7B8/2020-02-05/DO-40-2189
158,417,NV15-B7B8/2020-01-08/DO-20-1164,NV15-B7B8__2020-01-08__DO-20-1164,NV15-B7B8/2020-01-08/DO-20-1164
159,418,NV15-B7B8/2020-01-08/DO-20-1168,NV15-B7B8__2020-01-08__DO-20-1168,NV15-B7B8/2020-01-08/DO-20-1168
160,315,NV14-B7B8/2020-07-06/DO-20-1168,NV14-B7B8__2020-07-06__DO-20-1168,NV14-B7B8/2020-07-06/DO-20-1168
161,365,NV14-B7B8/2020-09-28/DO-20-1168,NV14-B7B8__2020-09-28__DO-20-1168,NV14-B7B8/2020-09-28/DO-20-1168
162,419,NV15-B7B8/2020-01-08/DO-20-1171,NV15-B7B8__2020-01-08__DO-20-1171,NV15-B7B8/2020-01-08/DO-20-1171
163,420,NV15-B7B8/2020-01-08/DO-20-1174,NV15-B7B8__2020-01-08__DO-20-1174,NV15-B7B8/2020-01-08/DO-20-1174
164,421,NV15-B7B8/2020-01-08/DO-20-1176,NV15-B7B8__2020-01-08__DO-20-1176,NV15-B7B8/2020-01-08/DO-20-1176
165,422,NV15-B7B8/2020-01-08/DO-AL-0173,NV15-B7B8__2020-01-08__DO-AL-0173,NV15-B7B8/2020-01-08/DO-AL-0173
166,423,NV15-B7B8/2020-01-08/DO-AL-0176,NV15-B7B8__2020-01-08__DO-AL-0176,NV15-B7B8/2020-01-08/DO-AL-0176
167,505,NV15-B7B8/2020-07-06/DO-AL-0176,NV15-B7B8__2020-07-06__DO-AL-0176,NV15-B7B8/2020-07-06/DO-AL-0176
168,448,NV15-B7B8/2020-02-05/DO-40-2179,NV15-B7B8__2020-02-05__DO-40-2179,NV15-B7B8/2020-02-05/DO-40-2179
169,391,NV14-B7B8/2021-02-04/DO-40-2179,NV14-B7B8__2021-02-04__DO-40-2179,NV14-B7B8/2021-02-04/DO-40-2179
170,526,NV15-B7B8/2020-07-29/DO-40-2179,NV15-B7B8__2020-07-29__DO-40-2179,NV15-B7B8/2020-07-29/DO-40-2179
171,449,NV15-B7B8/2020-02-05/DO-40-2182,NV15-B7B8__2020-02-05__DO-40-2182,NV15-B7B8/2020-02-05/DO-40-2182
172,527,NV15-B7B8/2020-07-29/DO-40-2182,NV15-B7B8__2020-07-29__DO-40-2182,NV15-B7B8/2020-07-29/DO-40-2182
173,377,NV14-B7B8/2020-10-27/DO-40-2182,NV14-B7B8__2020-10-27__DO-40-2182,NV14-B7B8/2020-10-27/DO-40-2182
174,450,NV15-B7B8/2020-02-05/DO-40-2184,NV15-B7B8__2020-02-05__DO-40-2184,NV15-B7B8/2020-02-05/DO-40-2184
175,528,NV15-B7B8/2020-07-29/DO-40-2184,NV15-B7B8__2020-07-29__DO-40-2184,NV15-B7B8/2020-07-29/DO-40-2184
176,378,NV14-B7B8/2020-10-27/DO-40-2184,NV14-B7B8__2020-10-27__DO-40-2184,NV14-B7B8/2020-10-27/DO-40-2184
177,451,NV15-B7B8/2020-02-05/DO-40-2187,NV15-B7B8__2020-02-05__DO-40-2187,NV15-B7B8/2020-02-05/DO-40-2187
178,558,NV15-B7B8/2020-10-28/DO-40-2187,NV15-B7B8__2020-10-28__DO-40-2187,NV15-B7B8/2020-10-28/DO-40-2187
179,530,NV15-B7B8/2020-07-30/DO-40-2187,NV15-B7B8__2020-07-30__DO-40-2187,NV15-B7B8/2020-07-30/DO-40-2187
180,390,NV14-B7B8/2021-02-03/DO-40-2187,NV14-B7B8__2021-02-03__DO-40-2187,NV14-B7B8/2021-02-03/DO-40-2187
181,452,NV15-B7B8/2020-02-05/DO-40-2192,NV15-B7B8__2020-02-05__DO-40-2192,NV15-B7B8/2020-02-05/DO-40-2192
182,380,NV14-B7B8/2020-10-28/DO-40-2192,NV14-B7B8__2020-10-28__DO-40-2192,NV14-B7B8/2020-10-28/DO-40-2192
183,348,NV14-B7B8/2020-07-30/DO-40-2192,NV14-B7B8__2020-07-30__DO-40-2192,NV14-B7B8/2020-07-30/DO-40-2192
184,569,NV15-B7B8/2021-02-03/DO-40-2192,NV15-B7B8__2021-02-03__DO-40-2192,NV15-B7B8/2021-02-03/DO-40-2192
185,337,NV14-B7B8/2020-07-28/DO-20-1186,NV14-B7B8__2020-07-28__DO-20-1186,NV14-B7B8/2020-07-28/DO-20-1186
186,455,NV15-B7B8/2020-02-11/DO-20-1186,NV15-B7B8__2020-02-11__DO-20-1186,NV15-B7B8/2020-02-11/DO-20-1186
187,374,NV14-B7B8/2020-10-26/DO-20-1186,NV14-B7B8__2020-10-26__DO-20-1186,NV14-B7B8/2020-10-26/DO-20-1186
188,389,NV14-B7B8/2021-02-03/DO-20-1186,NV14-B7B8__2021-02-03__DO-20-1186,NV14-B7B8/2021-02-03/DO-20-1186
189,338,NV14-B7B8/2020-07-28/DO-20-1189,NV14-B7B8__2020-07-28__DO-20-1189,NV14-B7B8/2020-07-28/DO-20-1189
190,266,NV14-B7B8/2020-02-11/DO-20-1189,NV14-B7B8__2020-02-11__DO-20-1189,NV14-B7B8/2020-02-11/DO-20-1189
191,339,NV14-B7B8/2020-07-28/DO-2D-4180,NV14-B7B8__2020-07-28__DO-2D-4180,NV14-B7B8/2020-07-28/DO-2D-4180
192,462,NV15-B7B8/2020-02-12/DO-2D-4184,NV15-B7B8__2020-02-12__DO-2D-4184,NV15-B7B8/2020-02-12/DO-2D-4184
193,349,NV14-B7B8/2020-08-05/DO-20-1151,NV14-B7B8__2020-08-05__DO-20-1151,NV14-B7B8/2020-08-05/DO-20-1151
194,383,NV14-B7B8/2021-01-18/DO-20-1151,NV14-B7B8__2021-01-18__DO-20-1151,NV14-B7B8/2021-01-18/DO-20-1151
195,489,NV15-B7B8/2020-05-11/DO-20-1151,NV15-B7B8__2020-05-11__DO-20-1151,NV15-B7B8/2020-05-11/DO-20-1151
196,350,NV14-B7B8/2020-08-05/DO-20-1156,NV14-B7B8__2020-08-05__DO-20-1156,NV14-B7B8/2020-08-05/DO-20-1156
197,490,NV15-B7B8/2020-05-11/DO-20-1156,NV15-B7B8__2020-05-11__DO-20-1156,NV15-B7B8/2020-05-11/DO-20-1156
198,351,NV14-B7B8/2020-08-05/DO-40-2145,NV14-B7B8__2020-08-05__DO-40-2145,NV14-B7B8/2020-08-05/DO-40-2145
199,309,NV14-B7B8/2020-05-12/DO-40-2145,NV14-B7B8__2020-05-12__DO-40-2145,NV14-B7B8/2020-05-12/DO-40-2145
200,352,NV14-B7B8/2020-08-05/DO-40-2149,NV14-B7B8__2020-08-05__DO-40-2149,NV14-B7B8/2020-08-05/DO-40-2149
201,310,NV14-B7B8/2020-05-12/DO-40-2149,NV14-B7B8__2020-05-12__DO-40-2149,NV14-B7B8/2020-05-12/DO-40-2149
202,353,NV14-B7B8/2020-08-05/DO-40-2151,NV14-B7B8__2020-08-05__DO-40-2151,NV14-B7B8/2020-08-05/DO-40-2151
203,311,NV14-B7B8/2020-05-12/DO-40-2151,NV14-B7B8__2020-05-12__DO-40-2151,NV14-B7B8/2020-05-12/DO-40-2151
204,520,NV15-B7B8/2020-07-28/DO-20-1183,NV15-B7B8__2020-07-28__DO-20-1183,NV15-B7B8/2020-07-28/DO-20-1183
205,265,NV14-B7B8/2020-02-11/DO-20-1183,NV14-B7B8__2020-02-11__DO-20-1183,NV14-B7B8/2020-02-11/DO-20-1183
206,522,NV15-B7B8/2020-07-28/DO-20-1190,NV15-B7B8__2020-07-28__DO-20-1190,NV15-B7B8/2020-07-28/DO-20-1190
207,457,NV15-B7B8/2020-02-11/DO-20-1190,NV15-B7B8__2020-02-11__DO-20-1190,NV15-B7B8/2020-02-11/DO-20-1190
208,375,NV14-B7B8/2020-10-26/DO-20-1190,NV14-B7B8__2020-10-26__DO-20-1190,NV14-B7B8/2020-10-26/DO-20-1190
209,531,NV15-B7B8/2020-08-05/DO-20-1152,NV15-B7B8__2020-08-05__DO-20-1152,NV15-B7B8/2020-08-05/DO-20-1152
210,304,NV14-B7B8/2020-05-11/DO-20-1152,NV14-B7B8__2020-05-11__DO-20-1152,NV14-B7B8/2020-05-11/DO-20-1152
211,562,NV15-B7B8/2021-01-18/DO-20-1152,NV15-B7B8__2021-01-18__DO-20-1152,NV15-B7B8/2021-01-18/DO-20-1152
212,532,NV15-B7B8/2020-08-05/DO-20-1157,NV15-B7B8__2020-08-05__DO-20-1157,NV15-B7B8/2020-08-05/DO-20-1157
213,305,NV14-B7B8/2020-05-11/DO-20-1157,NV14-B7B8__2020-05-11__DO-20-1157,NV14-B7B8/2020-05-11/DO-20-1157
214,533,NV15-B7B8/2020-08-05/DO-40-2146,NV15-B7B8__2020-08-05__DO-40-2146,NV15-B7B8/2020-08-05/DO-40-2146
215,384,NV14-B7B8/2021-01-18/DO-40-2146,NV14-B7B8__2021-01-18__DO-40-2146,NV14-B7B8/2021-01-18/DO-40-2146
216,496,NV15-B7B8/2020-05-12/DO-40-2146,NV15-B7B8__2020-05-12__DO-40-2146,NV15-B7B8/2020-05-12/DO-40-2146
217,534,NV15-B7B8/2020-08-05/DO-40-2150,NV15-B7B8__2020-08-05__DO-40-2150,NV15-B7B8/2020-08-05/DO-40-2150
218,497,NV15-B7B8/2020-05-12/DO-40-2150,NV15-B7B8__2020-05-12__DO-40-2150,NV15-B7B8/2020-05-12/DO-40-2150
219,535,NV15-B7B8/2020-08-05/DO-40-2152,NV15-B7B8__2020-08-05__DO-40-2152,NV15-B7B8/2020-08-05/DO-40-2152
220,498,NV15-B7B8/2020-05-12/DO-40-2152,NV15-B7B8__2020-05-12__DO-40-2152,NV15-B7B8/2020-05-12/DO-40-2152
221,341,NV14-B7B8/2020-07-29/DO-2D-4186,NV14-B7B8__2020-07-29__DO-2D-4186,NV14-B7B8/2020-07-29/DO-2D-4186
222,271,NV14-B7B8/2020-02-12/DO-2D-4186,NV14-B7B8__2020-02-12__DO-2D-4186,NV14-B7B8/2020-02-12/DO-2D-4186
223,554,NV15-B7B8/2020-10-26/DO-2D-4186,NV15-B7B8__2020-10-26__DO-2D-4186,NV15-B7B8/2020-10-26/DO-2D-4186
224,354,NV14-B7B8/2020-08-06/DO-1D-3145,NV14-B7B8__2020-08-06__DO-1D-3145,NV14-B7B8/2020-08-06/DO-1D-3145
225,302,NV14-B7B8/2020-05-11/DO-1D-3145,NV14-B7B8__2020-05-11__DO-1D-3145,NV14-B7B8/2020-05-11/DO-1D-3145
226,355,NV14-B7B8/2020-08-06/DO-40-2153,NV14-B7B8__2020-08-06__DO-40-2153,NV14-B7B8/2020-08-06/DO-40-2153
227,312,NV14-B7B8/2020-05-13/DO-40-2153,NV14-B7B8__2020-05-13__DO-40-2153,NV14-B7B8/2020-05-13/DO-40-2153
228,563,NV15-B7B8/2021-01-18/DO-40-2153,NV15-B7B8__2021-01-18__DO-40-2153,NV15-B7B8/2021-01-18/DO-40-2153
229,356,NV14-B7B8/2020-08-06/DO-40-2157,NV14-B7B8__2020-08-06__DO-40-2157,NV14-B7B8/2020-08-06/DO-40-2157
230,313,NV14-B7B8/2020-05-13/DO-40-2157,NV14-B7B8__2020-05-13__DO-40-2157,NV14-B7B8/2020-05-13/DO-40-2157
231,357,NV14-B7B8/2020-08-06/DO-40-2159,NV14-B7B8__2020-08-06__DO-40-2159,NV14-B7B8/2020-08-06/DO-40-2159
232,314,NV14-B7B8/2020-05-13/DO-40-2159,NV14-B7B8__2020-05-13__DO-40-2159,NV14-B7B8/2020-05-13/DO-40-2159
233,564,NV15-B7B8/2021-01-18/DO-40-2159,NV15-B7B8__2021-01-18__DO-40-2159,NV15-B7B8/2021-01-18/DO-40-2159
234,525,NV15-B7B8/2020-07-29/DO-2D-4190,NV15-B7B8__2020-07-29__DO-2D-4190,NV15-B7B8/2020-07-29/DO-2D-4190
235,463,NV15-B7B8/2020-02-12/DO-2D-4190,NV15-B7B8__2020-02-12__DO-2D-4190,NV15-B7B8/2020-02-12/DO-2D-4190
236,536,NV15-B7B8/2020-08-06/DO-40-2156,NV15-B7B8__2020-08-06__DO-40-2156,NV15-B7B8/2020-08-06/DO-40-2156
237,499,NV15-B7B8/2020-05-13/DO-40-2156,NV15-B7B8__2020-05-13__DO-40-2156,NV15-B7B8/2020-05-13/DO-40-2156
238,385,NV14-B7B8/2021-01-18/DO-40-2156,NV14-B7B8__2021-01-18__DO-40-2156,NV14-B7B8/2021-01-18/DO-40-2156
239,537,NV15-B7B8/2020-08-06/DO-40-2158,NV15-B7B8__2020-08-06__DO-40-2158,NV15-B7B8/2020-08-06/DO-40-2158
240,500,NV15-B7B8/2020-05-13/DO-40-2158,NV15-B7B8__2020-05-13__DO-40-2158,NV15-B7B8/2020-05-13/DO-40-2158
241,538,NV15-B7B8/2020-08-06/DO-40-2160,NV15-B7B8__2020-08-06__DO-40-2160,NV15-B7B8/2020-08-06/DO-40-2160
242,501,NV15-B7B8/2020-05-13/DO-40-2160,NV15-B7B8__2020-05-13__DO-40-2160,NV15-B7B8/2020-05-13/DO-40-2160
243,229,NV14-B7B8/2020-01-13/DO-AL-0161,NV14-B7B8__2020-01-13__DO-AL-0161,NV14-B7B8/2020-01-13/DO-AL-0161
244,230,NV14-B7B8/2020-01-13/DO-AL-0163,NV14-B7B8__2020-01-13__DO-AL-0163,NV14-B7B8/2020-01-13/DO-AL-0163
245,424,NV15-B7B8/2020-01-13/DO-AL-0162,NV15-B7B8__2020-01-13__DO-AL-0162,NV15-B7B8/2020-01-13/DO-AL-0162
246,263,NV14-B7B8/2020-02-11/DO-1D-3177,NV14-B7B8__2020-02-11__DO-1D-3177,NV14-B7B8/2020-02-11/DO-1D-3177
247,264,NV14-B7B8/2020-02-11/DO-1D-3180,NV14-B7B8__2020-02-11__DO-1D-3180,NV14-B7B8/2020-02-11/DO-1D-3180
248,298,NV14-B7B8/2020-05-05/DO-40-2115,NV14-B7B8__2020-05-05__DO-40-2115,NV14-B7B8/2020-05-05/DO-40-2115
249,369,NV14-B7B8/2020-10-14/DO-40-2115,NV14-B7B8__2020-10-14__DO-40-2115,NV14-B7B8/2020-10-14/DO-40-2115
250,540,NV15-B7B8/2020-08-13/DO-40-2115,NV15-B7B8__2020-08-13__DO-40-2115,NV15-B7B8/2020-08-13/DO-40-2115
251,246,NV14-B7B8/2020-01-29/DO-40-2115,NV14-B7B8__2020-01-29__DO-40-2115,NV14-B7B8/2020-01-29/DO-40-2115
252,387,NV14-B7B8/2021-01-25/DO-40-2115,NV14-B7B8__2021-01-25__DO-40-2115,NV14-B7B8/2021-01-25/DO-40-2115
253,299,NV14-B7B8/2020-05-05/DO-40-2117,NV14-B7B8__2020-05-05__DO-40-2117,NV14-B7B8/2020-05-05/DO-40-2117
254,541,NV15-B7B8/2020-08-13/DO-40-2117,NV15-B7B8__2020-08-13__DO-40-2117,NV15-B7B8/2020-08-13/DO-40-2117
255,550,NV15-B7B8/2020-10-14/DO-40-2117,NV15-B7B8__2020-10-14__DO-40-2117,NV15-B7B8/2020-10-14/DO-40-2117
256,247,NV14-B7B8/2020-01-29/DO-40-2117,NV14-B7B8__2020-01-29__DO-40-2117,NV14-B7B8/2020-01-29/DO-40-2117
257,566,NV15-B7B8/2021-01-25/DO-40-2117,NV15-B7B8__2021-01-25__DO-40-2117,NV15-B7B8/2021-01-25/DO-40-2117
258,300,NV14-B7B8/2020-05-05/DO-40-2123,NV14-B7B8__2020-05-05__DO-40-2123,NV14-B7B8/2020-05-05/DO-40-2123
259,248,NV14-B7B8/2020-01-29/DO-40-2123,NV14-B7B8__2020-01-29__DO-40-2123,NV14-B7B8/2020-01-29/DO-40-2123
260,301,NV14-B7B8/2020-05-05/DO-40-2126,NV14-B7B8__2020-05-05__DO-40-2126,NV14-B7B8/2020-05-05/DO-40-2126
261,542,NV15-B7B8/2020-08-13/DO-40-2126,NV15-B7B8__2020-08-13__DO-40-2126,NV15-B7B8/2020-08-13/DO-40-2126
262,551,NV15-B7B8/2020-10-14/DO-40-2126,NV15-B7B8__2020-10-14__DO-40-2126,NV15-B7B8/2020-10-14/DO-40-2126
263,439,NV15-B7B8/2020-01-29/DO-40-2126,NV15-B7B8__2020-01-29__DO-40-2126,NV15-B7B8/2020-01-29/DO-40-2126
264,567,NV15-B7B8/2021-01-25/DO-40-2126,NV15-B7B8__2021-01-25__DO-40-2126,NV15-B7B8/2021-01-25/DO-40-2126
265,453,NV15-B7B8/2020-02-11/DO-1D-3178,NV15-B7B8__2020-02-11__DO-1D-3178,NV15-B7B8/2020-02-11/DO-1D-3178
266,454,NV15-B7B8/2020-02-11/DO-1D-3182,NV15-B7B8__2020-02-11__DO-1D-3182,NV15-B7B8/2020-02-11/DO-1D-3182
267,456,NV15-B7B8/2020-02-11/DO-20-1188,NV15-B7B8__2020-02-11__DO-20-1188,NV15-B7B8/2020-02-11/DO-20-1188
268,553,NV15-B7B8/2020-10-26/DO-20-1188,NV15-B7B8__2020-10-26__DO-20-1188,NV15-B7B8/2020-10-26/DO-20-1188
269,568,NV15-B7B8/2021-02-03/DO-20-1188,NV15-B7B8__2021-02-03__DO-20-1188,NV15-B7B8/2021-02-03/DO-20-1188
270,485,NV15-B7B8/2020-05-05/DO-40-2116,NV15-B7B8__2020-05-05__DO-40-2116,NV15-B7B8/2020-05-05/DO-40-2116
271,359,NV14-B7B8/2020-08-13/DO-40-2116,NV14-B7B8__2020-08-13__DO-40-2116,NV14-B7B8/2020-08-13/DO-40-2116
272,436,NV15-B7B8/2020-01-29/DO-40-2116,NV15-B7B8__2020-01-29__DO-40-2116,NV15-B7B8/2020-01-29/DO-40-2116
273,486,NV15-B7B8/2020-05-05/DO-40-2118,NV15-B7B8__2020-05-05__DO-40-2118,NV15-B7B8/2020-05-05/DO-40-2118
274,360,NV14-B7B8/2020-08-13/DO-40-2118,NV14-B7B8__2020-08-13__DO-40-2118,NV14-B7B8/2020-08-13/DO-40-2118
275,370,NV14-B7B8/2020-10-14/DO-40-2118,NV14-B7B8__2020-10-14__DO-40-2118,NV14-B7B8/2020-10-14/DO-40-2118
276,388,NV14-B7B8/2021-01-25/DO-40-2118,NV14-B7B8__2021-01-25__DO-40-2118,NV14-B7B8/2021-01-25/DO-40-2118
277,437,NV15-B7B8/2020-01-29/DO-40-2118,NV15-B7B8__2020-01-29__DO-40-2118,NV15-B7B8/2020-01-29/DO-40-2118
278,487,NV15-B7B8/2020-05-05/DO-40-2124,NV15-B7B8__2020-05-05__DO-40-2124,NV15-B7B8/2020-05-05/DO-40-2124
279,438,NV15-B7B8/2020-01-29/DO-40-2124,NV15-B7B8__2020-01-29__DO-40-2124,NV15-B7B8/2020-01-29/DO-40-2124
280,488,NV15-B7B8/2020-05-05/DO-40-2125,NV15-B7B8__2020-05-05__DO-40-2125,NV15-B7B8/2020-05-05/DO-40-2125
281,249,NV14-B7B8/2020-01-29/DO-40-2125,NV14-B7B8__2020-01-29__DO-40-2125,NV14-B7B8/2020-01-29/DO-40-2125
282,267,NV14-B7B8/2020-02-12/DO-1D-3185,NV14-B7B8__2020-02-12__DO-1D-3185,NV14-B7B8/2020-02-12/DO-1D-3185
283,268,NV14-B7B8/2020-02-12/DO-1D-3189,NV14-B7B8__2020-02-12__DO-1D-3189,NV14-B7B8/2020-02-12/DO-1D-3189
284,269,NV14-B7B8/2020-02-12/DO-2D-4177,NV14-B7B8__2020-02-12__DO-2D-4177,NV14-B7B8/2020-02-12/DO-2D-4177
285,270,NV14-B7B8/2020-02-12/DO-2D-4180,NV14-B7B8__2020-02-12__DO-2D-4180,NV14-B7B8/2020-02-12/DO-2D-4180
286,272,NV14-B7B8/2020-02-12/DO-2D-4192,NV14-B7B8__2020-02-12__DO-2D-4192,NV14-B7B8/2020-02-12/DO-2D-4192
287,342,NV14-B7B8/2020-07-29/DO-2D-4192,NV14-B7B8__2020-07-29__DO-2D-4192,NV14-B7B8/2020-07-29/DO-2D-4192
288,458,NV15-B7B8/2020-02-12/DO-1D-3188,NV15-B7B8__2020-02-12__DO-1D-3188,NV15-B7B8/2020-02-12/DO-1D-3188
289,524,NV15-B7B8/2020-07-29/DO-1D-3188,NV15-B7B8__2020-07-29__DO-1D-3188,NV15-B7B8/2020-07-29/DO-1D-3188
290,459,NV15-B7B8/2020-02-12/DO-1D-3190,NV15-B7B8__2020-02-12__DO-1D-3190,NV15-B7B8/2020-02-12/DO-1D-3190
291,460,NV15-B7B8/2020-02-12/DO-20-1191,NV15-B7B8__2020-02-12__DO-20-1191,NV15-B7B8/2020-02-12/DO-20-1191
292,461,NV15-B7B8/2020-02-12/DO-2D-4178,NV15-B7B8__2020-02-12__DO-2D-4178,NV15-B7B8/2020-02-12/DO-2D-4178
293,208,NV14-B7B8/2020-01-03/DO-40-2101,NV14-B7B8__2020-01-03__DO-40-2101,NV14-B7B8/2020-01-03/DO-40-2101
294,362,NV14-B7B8/2020-09-21/DO-20-1101,NV14-B7B8__2020-09-21__DO-20-1101,NV14-B7B8/2020-09-21/DO-20-1101
295,468,NV15-B7B8/2020-03-30/DO-20-1101,NV15-B7B8__2020-03-30__DO-20-1101,NV15-B7B8/2020-03-30/DO-20-1101
296,205,NV14-B7B8/2020-01-02/DO-20-1101,NV14-B7B8__2020-01-02__DO-20-1101,NV14-B7B8/2020-01-02/DO-20-1101
297,513,NV15-B7B8/2020-07-09/DO-20-1101,NV15-B7B8__2020-07-09__DO-20-1101,NV15-B7B8/2020-07-09/DO-20-1101
298,431,NV15-B7B8/2020-01-28/DO-20-1116,NV15-B7B8__2020-01-28__DO-20-1116,NV15-B7B8/2020-01-28/DO-20-1116
299,278,NV14-B7B8/2020-03-30/DO-20-1099,NV14-B7B8__2020-03-30__DO-20-1099,NV14-B7B8/2020-03-30/DO-20-1099
300,202,NV14-B7B8/2019-12-30/DO-20-1109,NV14-B7B8__2019-12-30__DO-20-1109,NV14-B7B8/2019-12-30/DO-20-1109
301,328,NV14-B7B8/2020-07-09/DO-20-1109,NV14-B7B8__2020-07-09__DO-20-1109,NV14-B7B8/2020-07-09/DO-20-1109
302,203,NV14-B7B8/2019-12-30/DO-2D-4097,NV14-B7B8__2019-12-30__DO-2D-4097,NV14-B7B8/2019-12-30/DO-2D-4097
303,363,NV14-B7B8/2020-09-21/DO-40-2099,NV14-B7B8__2020-09-21__DO-40-2099,NV14-B7B8/2020-09-21/DO-40-2099
304,469,NV15-B7B8/2020-03-30/DO-40-2099,NV15-B7B8__2020-03-30__DO-40-2099,NV15-B7B8/2020-03-30/DO-40-2099
305,401,NV15-B7B8/2020-01-02/DO-40-2099,NV15-B7B8__2020-01-02__DO-40-2099,NV15-B7B8/2020-01-02/DO-40-2099
306,514,NV15-B7B8/2020-07-09/DO-40-2099,NV15-B7B8__2020-07-09__DO-40-2099,NV15-B7B8/2020-07-09/DO-40-2099
307,386,NV14-B7B8/2021-01-25/DO-40-2099,NV14-B7B8__2021-01-25__DO-40-2099,NV14-B7B8/2021-01-25/DO-40-2099
308,364,NV14-B7B8/2020-09-21/DO-40-2111,NV14-B7B8__2020-09-21__DO-40-2111,NV14-B7B8/2020-09-21/DO-40-2111
309,280,NV14-B7B8/2020-03-30/DO-40-2111,NV14-B7B8__2020-03-30__DO-40-2111,NV14-B7B8/2020-03-30/DO-40-2111
310,402,NV15-B7B8/2020-01-02/DO-40-2108,NV15-B7B8__2020-01-02__DO-40-2108,NV15-B7B8/2020-01-02/DO-40-2108
311,330,NV14-B7B8/2020-07-09/DO-40-2111,NV14-B7B8__2020-07-09__DO-40-2111,NV14-B7B8/2020-07-09/DO-40-2111
312,543,NV15-B7B8/2020-09-21/DO-40-2107,NV15-B7B8__2020-09-21__DO-40-2107,NV15-B7B8/2020-09-21/DO-40-2107
313,470,NV15-B7B8/2020-03-30/DO-40-2107,NV15-B7B8__2020-03-30__DO-40-2107,NV15-B7B8/2020-03-30/DO-40-2107
314,515,NV15-B7B8/2020-07-09/DO-40-2107,NV15-B7B8__2020-07-09__DO-40-2107,NV15-B7B8/2020-07-09/DO-40-2107
315,565,NV15-B7B8/2021-01-25/DO-40-2107,NV15-B7B8__2021-01-25__DO-40-2107,NV15-B7B8/2021-01-25/DO-40-2107
316,194,NV14-B7B8/2019-12-23/DO-20-1029,NV14-B7B8__2019-12-23__DO-20-1029,NV14-B7B8/2019-12-23/DO-20-1029
317,195,NV14-B7B8/2019-12-23/DO-40-2028,NV14-B7B8__2019-12-23__DO-40-2028,NV14-B7B8/2019-12-23/DO-40-2028
318,231,NV14-B7B8/2020-01-20/DO-20-1065,NV14-B7B8__2020-01-20__DO-20-1065,NV14-B7B8/2020-01-20/DO-20-1065
319,232,NV14-B7B8/2020-01-20/DO-20-1069,NV14-B7B8__2020-01-20__DO-20-1069,NV14-B7B8/2020-01-20/DO-20-1069
320,464,NV15-B7B8/2020-03-23/DO-20-1069,NV15-B7B8__2020-03-23__DO-20-1069,NV15-B7B8/2020-03-23/DO-20-1069
321,233,NV14-B7B8/2020-01-20/DO-20-1074,NV14-B7B8__2020-01-20__DO-20-1074,NV14-B7B8/2020-01-20/DO-20-1074
322,275,NV14-B7B8/2020-03-23/DO-20-1074,NV14-B7B8__2020-03-23__DO-20-1074,NV14-B7B8/2020-03-23/DO-20-1074
323,240,NV14-B7B8/2020-01-28/DO-20-1122,NV14-B7B8__2020-01-28__DO-20-1122,NV14-B7B8/2020-01-28/DO-20-1122
324,358,NV14-B7B8/2020-08-13/DO-20-1127,NV14-B7B8__2020-08-13__DO-20-1127,NV14-B7B8/2020-08-13/DO-20-1127
325,482,NV15-B7B8/2020-05-04/DO-20-1127,NV15-B7B8__2020-05-04__DO-20-1127,NV15-B7B8/2020-05-04/DO-20-1127
326,241,NV14-B7B8/2020-01-28/DO-20-1124,NV14-B7B8__2020-01-28__DO-20-1124,NV14-B7B8/2020-01-28/DO-20-1124
327,294,NV14-B7B8/2020-05-04/DO-20-1124,NV14-B7B8__2020-05-04__DO-20-1124,NV14-B7B8/2020-05-04/DO-20-1124
328,242,NV14-B7B8/2020-01-28/DO-AL-0017,NV14-B7B8__2020-01-28__DO-AL-0017,NV14-B7B8/2020-01-28/DO-AL-0017
329,243,NV14-B7B8/2020-01-28/DO-AL-0119,NV14-B7B8__2020-01-28__DO-AL-0119,NV14-B7B8/2020-01-28/DO-AL-0119
330,244,NV14-B7B8/2020-01-28/DO-AL-0128,NV14-B7B8__2020-01-28__DO-AL-0128,NV14-B7B8/2020-01-28/DO-AL-0128
331,274,NV14-B7B8/2020-03-23/DO-20-1066,NV14-B7B8__2020-03-23__DO-20-1066,NV14-B7B8/2020-03-23/DO-20-1066
332,425,NV15-B7B8/2020-01-20/DO-20-1066,NV15-B7B8__2020-01-20__DO-20-1066,NV15-B7B8/2020-01-20/DO-20-1066
333,276,NV14-B7B8/2020-03-23/DO-40-2073,NV14-B7B8__2020-03-23__DO-40-2073,NV14-B7B8/2020-03-23/DO-40-2073
334,427,NV15-B7B8/2020-01-21/DO-40-2073,NV15-B7B8__2020-01-21__DO-40-2073,NV15-B7B8/2020-01-21/DO-40-2073
335,277,NV14-B7B8/2020-03-30/DO-20-1097,NV14-B7B8__2020-03-30__DO-20-1097,NV14-B7B8/2020-03-30/DO-20-1097
336,327,NV14-B7B8/2020-07-09/DO-20-1097,NV14-B7B8__2020-07-09__DO-20-1097,NV14-B7B8/2020-07-09/DO-20-1097
337,279,NV14-B7B8/2020-03-30/DO-40-2102,NV14-B7B8__2020-03-30__DO-40-2102,NV14-B7B8/2020-03-30/DO-40-2102
338,403,NV15-B7B8/2020-01-03/DO-40-2102,NV15-B7B8__2020-01-03__DO-40-2102,NV15-B7B8/2020-01-03/DO-40-2102
339,329,NV14-B7B8/2020-07-09/DO-40-2101,NV14-B7B8__2020-07-09__DO-40-2101,NV14-B7B8/2020-07-09/DO-40-2101
340,283,NV14-B7B8/2020-04-07/DO-40-2050,NV14-B7B8__2020-04-07__DO-40-2050,NV14-B7B8/2020-04-07/DO-40-2050
341,198,NV14-B7B8/2019-12-24/DO-40-2050,NV14-B7B8__2019-12-24__DO-40-2050,NV14-B7B8/2019-12-24/DO-40-2050
342,284,NV14-B7B8/2020-04-07/DO-40-2059,NV14-B7B8__2020-04-07__DO-40-2059,NV14-B7B8/2020-04-07/DO-40-2059
343,199,NV14-B7B8/2019-12-24/DO-40-2059,NV14-B7B8__2019-12-24__DO-40-2059,NV14-B7B8/2019-12-24/DO-40-2059
344,393,NV15-B7B8/2019-12-23/DO-40-2024,NV15-B7B8__2019-12-23__DO-40-2024,NV15-B7B8/2019-12-23/DO-40-2024
345,426,NV15-B7B8/2020-01-20/DO-20-1071,NV15-B7B8__2020-01-20__DO-20-1071,NV15-B7B8/2020-01-20/DO-20-1071
346,432,NV15-B7B8/2020-01-28/DO-20-1123,NV15-B7B8__2020-01-28__DO-20-1123,NV15-B7B8/2020-01-28/DO-20-1123
347,539,NV15-B7B8/2020-08-13/DO-20-1123,NV15-B7B8__2020-08-13__DO-20-1123,NV15-B7B8/2020-08-13/DO-20-1123
348,481,NV15-B7B8/2020-05-04/DO-20-1123,NV15-B7B8__2020-05-04__DO-20-1123,NV15-B7B8/2020-05-04/DO-20-1123
349,433,NV15-B7B8/2020-01-28/DO-20-1127,NV15-B7B8__2020-01-28__DO-20-1127,NV15-B7B8/2020-01-28/DO-20-1127
350,293,NV14-B7B8/2020-05-04/DO-20-1122,NV14-B7B8__2020-05-04__DO-20-1122,NV14-B7B8/2020-05-04/DO-20-1122
351,434,NV15-B7B8/2020-01-28/DO-AL-0125,NV15-B7B8__2020-01-28__DO-AL-0125,NV15-B7B8/2020-01-28/DO-AL-0125
352,484,NV15-B7B8/2020-05-04/DO-AL-0125,NV15-B7B8__2020-05-04__DO-AL-0125,NV15-B7B8/2020-05-04/DO-AL-0125
353,465,NV15-B7B8/2020-03-23/DO-40-2070,NV15-B7B8__2020-03-23__DO-40-2070,NV15-B7B8/2020-03-23/DO-40-2070
354,335,NV14-B7B8/2020-07-21/DO-40-2070,NV14-B7B8__2020-07-21__DO-40-2070,NV14-B7B8/2020-07-21/DO-40-2070
355,234,NV14-B7B8/2020-01-21/DO-40-2070,NV14-B7B8__2020-01-21__DO-40-2070,NV14-B7B8/2020-01-21/DO-40-2070
356,466,NV15-B7B8/2020-03-23/DO-40-2077,NV15-B7B8__2020-03-23__DO-40-2077,NV15-B7B8/2020-03-23/DO-40-2077
357,235,NV14-B7B8/2020-01-21/DO-40-2077,NV14-B7B8__2020-01-21__DO-40-2077,NV14-B7B8/2020-01-21/DO-40-2077
358,467,NV15-B7B8/2020-03-30/DO-1D-3111,NV15-B7B8__2020-03-30__DO-1D-3111,NV15-B7B8/2020-03-30/DO-1D-3111
359,201,NV14-B7B8/2019-12-30/DO-1D-3111,NV14-B7B8__2019-12-30__DO-1D-3111,NV14-B7B8/2019-12-30/DO-1D-3111
360,472,NV15-B7B8/2020-04-07/DO-40-2056,NV15-B7B8__2020-04-07__DO-40-2056,NV15-B7B8/2020-04-07/DO-40-2056
361,395,NV15-B7B8/2019-12-24/DO-40-2056,NV15-B7B8__2019-12-24__DO-40-2056,NV15-B7B8/2019-12-24/DO-40-2056
362,473,NV15-B7B8/2020-04-07/DO-40-2061,NV15-B7B8__2020-04-07__DO-40-2061,NV15-B7B8/2020-04-07/DO-40-2061
363,396,NV15-B7B8/2019-12-24/DO-40-2061,NV15-B7B8__2019-12-24__DO-40-2061,NV15-B7B8/2019-12-24/DO-40-2061
364,493,NV15-B7B8/2020-05-11/DO-AL-0158,NV15-B7B8__2020-05-11__DO-AL-0158,NV15-B7B8/2020-05-11/DO-AL-0158
365,196,NV14-B7B8/2019-12-24/DO-20-1054,NV14-B7B8__2019-12-24__DO-20-1054,NV14-B7B8/2019-12-24/DO-20-1054
366,197,NV14-B7B8/2019-12-24/DO-2D-4062,NV14-B7B8__2019-12-24__DO-2D-4062,NV14-B7B8/2019-12-24/DO-2D-4062
367,206,NV14-B7B8/2020-01-02/DO-40-2097,NV14-B7B8__2020-01-02__DO-40-2097,NV14-B7B8/2020-01-02/DO-40-2097
368,207,NV14-B7B8/2020-01-02/DO-40-2111,NV14-B7B8__2020-01-02__DO-40-2111,NV14-B7B8/2020-01-02/DO-40-2111
369,281,NV14-B7B8/2020-04-01/DO-40-2081,NV14-B7B8__2020-04-01__DO-40-2081,NV14-B7B8/2020-04-01/DO-40-2081
370,529,NV15-B7B8/2020-07-30/DO-40-2081,NV15-B7B8__2020-07-30__DO-40-2081,NV15-B7B8/2020-07-30/DO-40-2081
371,238,NV14-B7B8/2020-01-27/DO-40-2081,NV14-B7B8__2020-01-27__DO-40-2081,NV14-B7B8/2020-01-27/DO-40-2081
372,282,NV14-B7B8/2020-04-01/DO-40-2088,NV14-B7B8__2020-04-01__DO-40-2088,NV14-B7B8/2020-04-01/DO-40-2088
373,346,NV14-B7B8/2020-07-30/DO-40-2088,NV14-B7B8__2020-07-30__DO-40-2088,NV14-B7B8/2020-07-30/DO-40-2088
374,239,NV14-B7B8/2020-01-27/DO-40-2088,NV14-B7B8__2020-01-27__DO-40-2088,NV14-B7B8/2020-01-27/DO-40-2088
375,394,NV15-B7B8/2019-12-24/DO-20-1056,NV15-B7B8__2019-12-24__DO-20-1056,NV15-B7B8/2019-12-24/DO-20-1056
376,471,NV15-B7B8/2020-04-01/DO-40-2087,NV15-B7B8__2020-04-01__DO-40-2087,NV15-B7B8/2020-04-01/DO-40-2087
377,430,NV15-B7B8/2020-01-27/DO-40-2087,NV15-B7B8__2020-01-27__DO-40-2087,NV15-B7B8/2020-01-27/DO-40-2087
378,200,NV14-B7B8/2019-12-30/DO-1D-3104,NV14-B7B8__2019-12-30__DO-1D-3104,NV14-B7B8/2019-12-30/DO-1D-3104
379,204,NV14-B7B8/2019-12-30/DO-AL-0097,NV14-B7B8__2019-12-30__DO-AL-0097,NV14-B7B8/2019-12-30/DO-AL-0097
380,331,NV14-B7B8/2020-07-10/DO-1D-3134,NV14-B7B8__2020-07-10__DO-1D-3134,NV14-B7B8/2020-07-10/DO-1D-3134
381,289,NV14-B7B8/2020-04-14/DO-1D-3134,NV14-B7B8__2020-04-14__DO-1D-3134,NV14-B7B8/2020-04-14/DO-1D-3134
382,332,NV14-B7B8/2020-07-10/DO-20-1136,NV14-B7B8__2020-07-10__DO-20-1136,NV14-B7B8/2020-07-10/DO-20-1136
383,286,NV14-B7B8/2020-04-13/DO-20-1136,NV14-B7B8__2020-04-13__DO-20-1136,NV14-B7B8/2020-04-13/DO-20-1136
384,372,NV14-B7B8/2020-10-26/DO-20-1136,NV14-B7B8__2020-10-26__DO-20-1136,NV14-B7B8/2020-10-26/DO-20-1136
385,381,NV14-B7B8/2020-12-28/DO-20-1136,NV14-B7B8__2020-12-28__DO-20-1136,NV14-B7B8/2020-12-28/DO-20-1136
386,333,NV14-B7B8/2020-07-10/DO-40-2137,NV14-B7B8__2020-07-10__DO-40-2137,NV14-B7B8/2020-07-10/DO-40-2137
387,292,NV14-B7B8/2020-04-14/DO-40-2137,NV14-B7B8__2020-04-14__DO-40-2137,NV14-B7B8/2020-04-14/DO-40-2137
388,334,NV14-B7B8/2020-07-10/DO-AL-0141,NV14-B7B8__2020-07-10__DO-AL-0141,NV14-B7B8/2020-07-10/DO-AL-0141
389,288,NV14-B7B8/2020-04-13/DO-AL-0141,NV14-B7B8__2020-04-13__DO-AL-0141,NV14-B7B8/2020-04-13/DO-AL-0141
390,361,NV14-B7B8/2020-08-13/DO-AL-0118,NV14-B7B8__2020-08-13__DO-AL-0118,NV14-B7B8/2020-08-13/DO-AL-0118
391,371,NV14-B7B8/2020-10-14/DO-AL-0118,NV14-B7B8__2020-10-14__DO-AL-0118,NV14-B7B8/2020-10-14/DO-AL-0118
392,297,NV14-B7B8/2020-05-04/DO-AL-0118,NV14-B7B8__2020-05-04__DO-AL-0118,NV14-B7B8/2020-05-04/DO-AL-0118
393,397,NV15-B7B8/2019-12-30/DO-1D-3110,NV15-B7B8__2019-12-30__DO-1D-3110,NV15-B7B8/2019-12-30/DO-1D-3110
394,398,NV15-B7B8/2019-12-30/DO-1D-3112,NV15-B7B8__2019-12-30__DO-1D-3112,NV15-B7B8/2019-12-30/DO-1D-3112
395,399,NV15-B7B8/2019-12-30/DO-2D-4099,NV15-B7B8__2019-12-30__DO-2D-4099,NV15-B7B8/2019-12-30/DO-2D-4099
396,400,NV15-B7B8/2019-12-30/DO-AL-0102,NV15-B7B8__2019-12-30__DO-AL-0102,NV15-B7B8/2019-12-30/DO-AL-0102
397,516,NV15-B7B8/2020-07-10/DO-20-1129,NV15-B7B8__2020-07-10__DO-20-1129,NV15-B7B8/2020-07-10/DO-20-1129
398,285,NV14-B7B8/2020-04-13/DO-20-1129,NV14-B7B8__2020-04-13__DO-20-1129,NV14-B7B8/2020-04-13/DO-20-1129
399,517,NV15-B7B8/2020-07-10/DO-40-2135,NV15-B7B8__2020-07-10__DO-40-2135,NV15-B7B8/2020-07-10/DO-40-2135
400,476,NV15-B7B8/2020-04-13/DO-40-2135,NV15-B7B8__2020-04-13__DO-40-2135,NV15-B7B8/2020-04-13/DO-40-2135
401,518,NV15-B7B8/2020-07-10/DO-40-2141,NV15-B7B8__2020-07-10__DO-40-2141,NV15-B7B8/2020-07-10/DO-40-2141
402,555,NV15-B7B8/2020-10-26/DO-40-2141,NV15-B7B8__2020-10-26__DO-40-2141,NV15-B7B8/2020-10-26/DO-40-2141
403,559,NV15-B7B8/2020-12-28/DO-40-2141,NV15-B7B8__2020-12-28__DO-40-2141,NV15-B7B8/2020-12-28/DO-40-2141
404,480,NV15-B7B8/2020-04-14/DO-40-2141,NV15-B7B8__2020-04-14__DO-40-2141,NV15-B7B8/2020-04-14/DO-40-2141
405,245,NV14-B7B8/2020-01-29/DO-40-2113,NV14-B7B8__2020-01-29__DO-40-2113,NV14-B7B8/2020-01-29/DO-40-2113
406,435,NV15-B7B8/2020-01-29/DO-40-2114,NV15-B7B8__2020-01-29__DO-40-2114,NV15-B7B8/2020-01-29/DO-40-2114
407,287,NV14-B7B8/2020-04-13/DO-40-2133,NV14-B7B8__2020-04-13__DO-40-2133,NV14-B7B8/2020-04-13/DO-40-2133
408,303,NV14-B7B8/2020-05-11/DO-20-1146,NV14-B7B8__2020-05-11__DO-20-1146,NV14-B7B8/2020-05-11/DO-20-1146
409,306,NV14-B7B8/2020-05-11/DO-AL-0157,NV14-B7B8__2020-05-11__DO-AL-0157,NV14-B7B8/2020-05-11/DO-AL-0157
410,474,NV15-B7B8/2020-04-13/DO-20-1135,NV15-B7B8__2020-04-13__DO-20-1135,NV15-B7B8/2020-04-13/DO-20-1135
411,475,NV15-B7B8/2020-04-13/DO-40-2130,NV15-B7B8__2020-04-13__DO-40-2130,NV15-B7B8/2020-04-13/DO-40-2130
412,477,NV15-B7B8/2020-04-13/DO-AL-0143,NV15-B7B8__2020-04-13__DO-AL-0143,NV15-B7B8/2020-04-13/DO-AL-0143
413,491,NV15-B7B8/2020-05-11/DO-20-1158,NV15-B7B8__2020-05-11__DO-20-1158,NV15-B7B8/2020-05-11/DO-20-1158
414,492,NV15-B7B8/2020-05-11/DO-2D-4158,NV15-B7B8__2020-05-11__DO-2D-4158,NV15-B7B8/2020-05-11/DO-2D-4158
415,236,NV14-B7B8/2020-01-27/DO-1D-3084,NV14-B7B8__2020-01-27__DO-1D-3084,NV14-B7B8/2020-01-27/DO-1D-3084
416,237,NV14-B7B8/2020-01-27/DO-2D-4083,NV14-B7B8__2020-01-27__DO-2D-4083,NV14-B7B8/2020-01-27/DO-2D-4083
417,250,NV14-B7B8/2020-02-03/DO-1D-3116,NV14-B7B8__2020-02-03__DO-1D-3116,NV14-B7B8/2020-02-03/DO-1D-3116
418,251,NV14-B7B8/2020-02-03/DO-1D-3124,NV14-B7B8__2020-02-03__DO-1D-3124,NV14-B7B8/2020-02-03/DO-1D-3124
419,252,NV14-B7B8/2020-02-03/DO-20-1128,NV14-B7B8__2020-02-03__DO-20-1128,NV14-B7B8/2020-02-03/DO-20-1128
420,253,NV14-B7B8/2020-02-03/DO-2D-4114,NV14-B7B8__2020-02-03__DO-2D-4114,NV14-B7B8/2020-02-03/DO-2D-4114
421,483,NV15-B7B8/2020-05-04/DO-2D-4114,NV15-B7B8__2020-05-04__DO-2D-4114,NV15-B7B8/2020-05-04/DO-2D-4114
422,254,NV14-B7B8/2020-02-03/DO-2D-4122,NV14-B7B8__2020-02-03__DO-2D-4122,NV14-B7B8/2020-02-03/DO-2D-4122
423,296,NV14-B7B8/2020-05-04/DO-2D-4122,NV14-B7B8__2020-05-04__DO-2D-4122,NV14-B7B8/2020-05-04/DO-2D-4122
424,273,NV14-B7B8/2020-03-23/DO-20-1040,NV14-B7B8__2020-03-23__DO-20-1040,NV14-B7B8/2020-03-23/DO-20-1040
425,290,NV14-B7B8/2020-04-14/DO-1D-3139,NV14-B7B8__2020-04-14__DO-1D-3139,NV14-B7B8/2020-04-14/DO-1D-3139
426,291,NV14-B7B8/2020-04-14/DO-2D-4143,NV14-B7B8__2020-04-14__DO-2D-4143,NV14-B7B8/2020-04-14/DO-2D-4143
427,295,NV14-B7B8/2020-05-04/DO-2D-4113,NV14-B7B8__2020-05-04__DO-2D-4113,NV14-B7B8/2020-05-04/DO-2D-4113
428,442,NV15-B7B8/2020-02-03/DO-2D-4113,NV15-B7B8__2020-02-03__DO-2D-4113,NV15-B7B8/2020-02-03/DO-2D-4113
429,307,NV14-B7B8/2020-05-12/DO-2D-4145,NV14-B7B8__2020-05-12__DO-2D-4145,NV14-B7B8/2020-05-12/DO-2D-4145
430,308,NV14-B7B8/2020-05-12/DO-2D-4149,NV14-B7B8__2020-05-12__DO-2D-4149,NV14-B7B8/2020-05-12/DO-2D-4149
431,428,NV15-B7B8/2020-01-27/DO-1D-3092,NV15-B7B8__2020-01-27__DO-1D-3092,NV15-B7B8/2020-01-27/DO-1D-3092
432,429,NV15-B7B8/2020-01-27/DO-2D-4084,NV15-B7B8__2020-01-27__DO-2D-4084,NV15-B7B8/2020-01-27/DO-2D-4084
433,440,NV15-B7B8/2020-02-03/DO-1D-3114,NV15-B7B8__2020-02-03__DO-1D-3114,NV15-B7B8/2020-02-03/DO-1D-3114
434,441,NV15-B7B8/2020-02-03/DO-1D-3123,NV15-B7B8__2020-02-03__DO-1D-3123,NV15-B7B8/2020-02-03/DO-1D-3123
435,443,NV15-B7B8/2020-02-03/DO-2D-4119,NV15-B7B8__2020-02-03__DO-2D-4119,NV15-B7B8/2020-02-03/DO-2D-4119
436,444,NV15-B7B8/2020-02-03/DO-2D-4128,NV15-B7B8__2020-02-03__DO-2D-4128,NV15-B7B8/2020-02-03/DO-2D-4128
437,478,NV15-B7B8/2020-04-14/DO-1D-3135,NV15-B7B8__2020-04-14__DO-1D-3135,NV15-B7B8/2020-04-14/DO-1D-3135
438,479,NV15-B7B8/2020-04-14/DO-2D-4132,NV15-B7B8__2020-04-14__DO-2D-4132,NV15-B7B8/2020-04-14/DO-2D-4132
439,494,NV15-B7B8/2020-05-12/DO-2D-4148,NV15-B7B8__2020-05-12__DO-2D-4148,NV15-B7B8/2020-05-12/DO-2D-4148
440,495,NV15-B7B8/2020-05-12/DO-2D-4151,NV15-B7B8__2020-05-12__DO-2D-4151,NV15-B7B8/2020-05-12/DO-2D-4151
441,171,LL5-B6/2022-04-29_MFS/DO2100_DO_F_8958,LL5-B6__2022-04-29_MFS__DO2100_DO_F_8958,LL5-B6/2022-04-29_MFS/DO2100_DO_F_8958
442,172,LL5-B6/2022-04-29_MFS/DO2102_DO_F_8959,LL5-B6__2022-04-29_MFS__DO2102_DO_F_8959,LL5-B6/2022-04-29_MFS/DO2102_DO_F_8959
443,186,LL6-B6/2022-04-29_MFS/DO2103_DO_F_8960,LL6-B6__2022-04-29_MFS__DO2103_DO_F_8960,LL6-B6/2022-04-29_MFS/DO2103_DO_F_8960
444,187,LL6-B6/2022-04-29_MFS/DO2104_DO_F_8961,LL6-B6__2022-04-29_MFS__DO2104_DO_F_8961,LL6-B6/2022-04-29_MFS/DO2104_DO_F_8961
445,188,LL6-B6/2022-04-29_MFS/DO2105_DO_F_8962,LL6-B6__2022-04-29_MFS__DO2105_DO_F_8962,LL6-B6/2022-04-29_MFS/DO2105_DO_F_8962
446,189,LL6-B6/2022-04-29_MFS/DO2106_DO_F_8963,LL6-B6__2022-04-29_MFS__DO2106_DO_F_8963,LL6-B6/2022-04-29_MFS/DO2106_DO_F_8963
447,158,LL3-B6/2022-05-06_MFS/DO2116_DO_F_8972,LL3-B6__2022-05-06_MFS__DO2116_DO_F_8972,LL3-B6/2022-05-06_MFS/DO2116_DO_F_8972
448,159,LL3-B6/2022-05-06_MFS/DO2117_DO_F_8973,LL3-B6__2022-05-06_MFS__DO2117_DO_F_8973,LL3-B6/2022-05-06_MFS/DO2117_DO_F_8973
449,160,LL3-B6/2022-05-06_MFS/DO2118_DO_F_8974,LL3-B6__2022-05-06_MFS__DO2118_DO_F_8974,LL3-B6/2022-05-06_MFS/DO2118_DO_F_8974
450,161,LL3-B6/2022-05-06_MFS/DO2119_DO_F_8975,LL3-B6__2022-05-06_MFS__DO2119_DO_F_8975,LL3-B6/2022-05-06_MFS/DO2119_DO_F_8975
451,165,LL4-B6/2022-05-06_MFS/DO2122_DO_F_8977,LL4-B6__2022-05-06_MFS__DO2122_DO_F_8977,LL4-B6/2022-05-06_MFS/DO2122_DO_F_8977
452,166,LL4-B6/2022-05-13_MFS/DO2139_DO_F_8989,LL4-B6__2022-05-13_MFS__DO2139_DO_F_8989,LL4-B6/2022-05-13_MFS/DO2139_DO_F_8989
453,175,LL5-B6/2022-05-13_MFS/DO2140_DO_F_8990,LL5-B6__2022-05-13_MFS__DO2140_DO_F_8990,LL5-B6/2022-05-13_MFS/DO2140_DO_F_8990
454,176,LL5-B6/2022-05-13_MFS/DO2141_DO_F_8991,LL5-B6__2022-05-13_MFS__DO2141_DO_F_8991,LL5-B6/2022-05-13_MFS/DO2141_DO_F_8991
455,177,LL5-B6/2022-05-13_MFS/DO2142_DO_F_8992,LL5-B6__2022-05-13_MFS__DO2142_DO_F_8992,LL5-B6/2022-05-13_MFS/DO2142_DO_F_8992
456,178,LL5-B6/2022-05-13_MFS/DO2143_DO_F_8993,LL5-B6__2022-05-13_MFS__DO2143_DO_F_8993,LL5-B6/2022-05-13_MFS/DO2143_DO_F_8993
457,190,LL6-B6/2022-05-13_MFS/DO2144_DO_F_8994,LL6-B6__2022-05-13_MFS__DO2144_DO_F_8994,LL6-B6/2022-05-13_MFS/DO2144_DO_F_8994
458,179,LL5-B6/2022-05-20_MFS/DO2134_DO_F_8986,LL5-B6__2022-05-20_MFS__DO2134_DO_F_8986,LL5-B6/2022-05-20_MFS/DO2134_DO_F_8986
459,180,LL5-B6/2022-05-20_MFS/DO2137_DO_F_8987,LL5-B6__2022-05-20_MFS__DO2137_DO_F_8987,LL5-B6/2022-05-20_MFS/DO2137_DO_F_8987
460,181,LL5-B6/2022-05-20_MFS/DO2138_DO_F_8988,LL5-B6__2022-05-20_MFS__DO2138_DO_F_8988,LL5-B6/2022-05-20_MFS/DO2138_DO_F_8988
461,182,LL5-B6/2022-06-22_MFS/DO2107_DO_F_8964,LL5-B6__2022-06-22_MFS__DO2107_DO_F_8964,LL5-B6/2022-06-22_MFS/DO2107_DO_F_8964
462,183,LL5-B6/2022-06-22_MFS/DO2108_DO_F_8965,LL5-B6__2022-06-22_MFS__DO2108_DO_F_8965,LL5-B6/2022-06-22_MFS/DO2108_DO_F_8965
463,184,LL5-B6/2022-06-22_MFS/DO2109_DO_F_8966,LL5-B6__2022-06-22_MFS__DO2109_DO_F_8966,LL5-B6/2022-06-22_MFS/DO2109_DO_F_8966
464,185,LL5-B6/2022-06-22_MFS/DO2110_DO_F_8967,LL5-B6__2022-06-22_MFS__DO2110_DO_F_8967,LL5-B6/2022-06-22_MFS/DO2110_DO_F_8967
465,191,LL6-B6/2022-06-22_MFS/DO2111_DO_F_8968,LL6-B6__2022-06-22_MFS__DO2111_DO_F_8968,LL6-B6/2022-06-22_MFS/DO2111_DO_F_8968
466,192,LL6-B6/2022-06-22_MFS/DO2112_DO_F_8969,LL6-B6__2022-06-22_MFS__DO2112_DO_F_8969,LL6-B6/2022-06-22_MFS/DO2112_DO_F_8969
467,193,LL6-B6/2022-06-22_MFS/DO2113_DO_F_8970,LL6-B6__2022-06-22_MFS__DO2113_DO_F_8970,LL6-B6/2022-06-22_MFS/DO2113_DO_F_8970
468,150,LL2-B6/2022-04-29_MFS/DO2026_DO_F_8937,LL2-B6__2022-04-29_MFS__DO2026_DO_F_8937,LL2-B6/2022-04-29_MFS/DO2026_DO_F_8937
469,151,LL2-B6/2022-04-29_MFS/DO2027_DO_F_8938,LL2-B6__2022-04-29_MFS__DO2027_DO_F_8938,LL2-B6/2022-04-29_MFS/DO2027_DO_F_8938
470,155,LL3-B6/2022-04-29_MFS/DO2028_DO_F_8939,LL3-B6__2022-04-29_MFS__DO2028_DO_F_8939,LL3-B6/2022-04-29_MFS/DO2028_DO_F_8939
471,156,LL3-B6/2022-04-29_MFS/DO2029_DO_F_8940,LL3-B6__2022-04-29_MFS__DO2029_DO_F_8940,LL3-B6/2022-04-29_MFS/DO2029_DO_F_8940
472,157,LL3-B6/2022-04-29_MFS/DO2030_DO_F_8941,LL3-B6__2022-04-29_MFS__DO2030_DO_F_8941,LL3-B6/2022-04-29_MFS/DO2030_DO_F_8941
473,162,LL4-B6/2022-05-06_MFS/DO2007_DO_F_8928,LL4-B6__2022-05-06_MFS__DO2007_DO_F_8928,LL4-B6/2022-05-06_MFS/DO2007_DO_F_8928
474,163,LL4-B6/2022-05-06_MFS/DO2008_DO_F_8929,LL4-B6__2022-05-06_MFS__DO2008_DO_F_8929,LL4-B6/2022-05-06_MFS/DO2008_DO_F_8929
475,164,LL4-B6/2022-05-06_MFS/DO2012_DO_F_8930,LL4-B6__2022-05-06_MFS__DO2012_DO_F_8930,LL4-B6/2022-05-06_MFS/DO2012_DO_F_8930
476,173,LL5-B6/2022-05-06_MFS/DO2013_DO_F_8931,LL5-B6__2022-05-06_MFS__DO2013_DO_F_8931,LL5-B6/2022-05-06_MFS/DO2013_DO_F_8931
477,174,LL5-B6/2022-05-06_MFS/DO2040_DO_F_8949,LL5-B6__2022-05-06_MFS__DO2040_DO_F_8949,LL5-B6/2022-05-06_MFS/DO2040_DO_F_8949
478,146,LL1-B6/2022-05-13_MFS/DO1975_DO_F_8906,LL1-B6__2022-05-13_MFS__DO1975_DO_F_8906,LL1-B6/2022-05-13_MFS/DO1975_DO_F_8906
479,152,LL2-B6/2022-05-13_MFS/DO1979_DO_F_8907,LL2-B6__2022-05-13_MFS__DO1979_DO_F_8907,LL2-B6/2022-05-13_MFS/DO1979_DO_F_8907
480,153,LL2-B6/2022-05-13_MFS/DO1980_DO_F_8908,LL2-B6__2022-05-13_MFS__DO1980_DO_F_8908,LL2-B6/2022-05-13_MFS/DO1980_DO_F_8908
481,154,LL2-B6/2022-05-13_MFS/DO1982_DO_F_8909,LL2-B6__2022-05-13_MFS__DO1982_DO_F_8909,LL2-B6/2022-05-13_MFS/DO1982_DO_F_8909
482,147,LL1-B6/2022-05-20_MFS/DO1953_DO_F_8892,LL1-B6__2022-05-20_MFS__DO1953_DO_F_8892,LL1-B6/2022-05-20_MFS/DO1953_DO_F_8892
483,148,LL1-B6/2022-05-20_MFS/DO1957_DO_F_8894,LL1-B6__2022-05-20_MFS__DO1957_DO_F_8894,LL1-B6/2022-05-20_MFS/DO1957_DO_F_8894
484,149,LL1-B6/2022-05-20_MFS/DO1958_DO_F_8895,LL1-B6__2022-05-20_MFS__DO1958_DO_F_8895,LL1-B6/2022-05-20_MFS/DO1958_DO_F_8895
485,167,LL4-B6/2022-06-22_MFS/DO2034_DO_F_8945,LL4-B6__2022-06-22_MFS__DO2034_DO_F_8945,LL4-B6/2022-06-22_MFS/DO2034_DO_F_8945
486,168,LL4-B6/2022-06-22_MFS/DO2035_DO_F_8946,LL4-B6__2022-06-22_MFS__DO2035_DO_F_8946,LL4-B6/2022-06-22_MFS/DO2035_DO_F_8946
487,169,LL4-B6/2022-06-22_MFS/DO2036_DO_F_8947,LL4-B6__2022-06-22_MFS__DO2036_DO_F_8947,LL4-B6/2022-06-22_MFS/DO2036_DO_F_8947
488,170,LL4-B6/2022-06-22_MFS/DO2037_DO_F_8948,LL4-B6__2022-06-22_MFS__DO2037_DO_F_8948,LL4-B6/2022-06-22_MFS/DO2037_DO_F_8948
489,556,NV15-B7B8/2020-10-27/DO-40-2181,NV15-B7B8__2020-10-27__DO-40-2181,NV15-B7B8/2020-10-27/DO-40-2181
490,523,NV15-B7B8/2020-07-28/DO-2D-4184,NV15-B7B8__2020-07-28__DO-2D-4184,NV15-B7B8/2020-07-28/DO-2D-4184
491,521,NV15-B7B8/2020-07-28/DO-20-1187,NV15-B7B8__2020-07-28__DO-20-1187,NV15-B7B8/2020-07-28/DO-20-1187
