name,name_processed,name_tail,n_master_matches
LL1-B6__2023-07-06_MFS__DO2271_DO_F_25075,LL1-B6/2023-07-06_MFS/DO2271_DO_F_25075,DO2271_DO_F_25075,1
LL1-B6__2023-07-06_MFS__DO2272_DO_F_25076,LL1-B6/2023-07-06_MFS/DO2272_DO_F_25076,DO2272_DO_F_25076,1
LL1-B6__2023-07-06_MFS__DO2273_DO_F_25077,LL1-B6/2023-07-06_MFS/DO2273_DO_F_25077,DO2273_DO_F_25077,1
LL1-B6__2023-07-06_MFS__DO2274_DO_F_25078,LL1-B6/2023-07-06_MFS/DO2274_DO_F_25078,DO2274_DO_F_25078,1
LL1-B6__2023-07-06_MFS__DO2331_DO_M_25047,LL1-B6/2023-07-06_MFS/DO2331_DO_M_25047,DO2331_DO_M_25047,1
LL1-B6__2023-07-06_MFS__DO2332_DO_M_25048,LL1-B6/2023-07-06_MFS/DO2332_DO_M_25048,DO2332_DO_M_25048,1
LL1-B6__2023-07-06_MFS__DO2333_DO_M_25049,LL1-B6/2023-07-06_MFS/DO2333_DO_M_25049,DO2333_DO_M_25049,1
LL1-B6__2023-07-06_MFS__DO2334_DO_M_25050,LL1-B6/2023-07-06_MFS/DO2334_DO_M_25050,DO2334_DO_M_25050,1
LL1-B6__2023-07-10_MFS__DO2291_DO_F_25095,LL1-B6/2023-07-10_MFS/DO2291_DO_F_25095,DO2291_DO_F_25095,1
LL1-B6__2023-07-10_MFS__DO2292_DO_F_25096,LL1-B6/2023-07-10_MFS/DO2292_DO_F_25096,DO2292_DO_F_25096,1
LL1-B6__2023-07-10_MFS__DO2293_DO_F_25097,LL1-B6/2023-07-10_MFS/DO2293_DO_F_25097,DO2293_DO_F_25097,1
LL1-B6__2023-07-10_MFS__DO2294_DO_F_25098,LL1-B6/2023-07-10_MFS/DO2294_DO_F_25098,DO2294_DO_F_25098,1
LL1-B6__2023-07-10_MFS__DO2315_DO_F_25119,LL1-B6/2023-07-10_MFS/DO2315_DO_F_25119,DO2315_DO_F_25119,1
LL1-B6__2023-07-10_MFS__DO2316_DO_F_25120,LL1-B6/2023-07-10_MFS/DO2316_DO_F_25120,DO2316_DO_F_25120,1
LL1-B6__2023-07-10_MFS__DO2317_DO_F_25121,LL1-B6/2023-07-10_MFS/DO2317_DO_F_25121,DO2317_DO_F_25121,1
LL1-B6__2023-07-10_MFS__DO2318_DO_F_25122,LL1-B6/2023-07-10_MFS/DO2318_DO_F_25122,DO2318_DO_F_25122,1
LL2-B6%202023-07-10_MFS%20DO2296_DO_F_25100,LL2-B6%202023-07-10_MFS%20DO2296_DO_F_25100,LL2-B6%202023-07-10_MFS%20DO2296_DO_F_25100,0
LL2-B6__2023-07-06_MFS__DO2275_DO_F_25079,LL2-B6/2023-07-06_MFS/DO2275_DO_F_25079,DO2275_DO_F_25079,1
LL2-B6__2023-07-06_MFS__DO2277_DO_F_25081,LL2-B6/2023-07-06_MFS/DO2277_DO_F_25081,DO2277_DO_F_25081,1
LL2-B6__2023-07-06_MFS__DO2278_DO_F_25082,LL2-B6/2023-07-06_MFS/DO2278_DO_F_25082,DO2278_DO_F_25082,1
LL2-B6__2023-07-06_MFS__DO2335_DO_M_25051,LL2-B6/2023-07-06_MFS/DO2335_DO_M_25051,DO2335_DO_M_25051,1
LL2-B6__2023-07-06_MFS__DO2338_DO_M_25054,LL2-B6/2023-07-06_MFS/DO2338_DO_M_25054,DO2338_DO_M_25054,1
LL2-B6__2023-07-10_MFS__DO2295_DO_F_25099,LL2-B6/2023-07-10_MFS/DO2295_DO_F_25099,DO2295_DO_F_25099,1
LL2-B6__2023-07-10_MFS__DO2297_DO_F_25101,LL2-B6/2023-07-10_MFS/DO2297_DO_F_25101,DO2297_DO_F_25101,1
LL2-B6__2023-07-10_MFS__DO2298_DO_F_25102,LL2-B6/2023-07-10_MFS/DO2298_DO_F_25102,DO2298_DO_F_25102,1
LL2-B6__2023-07-10_MFS__DO2319_DO_F_25123,LL2-B6/2023-07-10_MFS/DO2319_DO_F_25123,DO2319_DO_F_25123,1
LL2-B6__2023-07-10_MFS__DO2320_DO_F_25124,LL2-B6/2023-07-10_MFS/DO2320_DO_F_25124,DO2320_DO_F_25124,1
LL2-B6__2023-07-10_MFS__DO2321_DO_F_25125,LL2-B6/2023-07-10_MFS/DO2321_DO_F_25125,DO2321_DO_F_25125,1
LL2-B6__2023-07-10_MFS__DO2322_DO_F_25126,LL2-B6/2023-07-10_MFS/DO2322_DO_F_25126,DO2322_DO_F_25126,1
LL3-B6%202023-07-06_MFS%20DO2340_DO_M_25056,LL3-B6%202023-07-06_MFS%20DO2340_DO_M_25056,LL3-B6%202023-07-06_MFS%20DO2340_DO_M_25056,0
LL3-B6%202023-07-10_MFS%20DO2324_DO_F_25128,LL3-B6%202023-07-10_MFS%20DO2324_DO_F_25128,LL3-B6%202023-07-10_MFS%20DO2324_DO_F_25128,0
LL3-B6__2023-07-06_MFS__DO2279_DO_F_25083,LL3-B6/2023-07-06_MFS/DO2279_DO_F_25083,DO2279_DO_F_25083,1
LL3-B6__2023-07-06_MFS__DO2281_DO_F_25085,LL3-B6/2023-07-06_MFS/DO2281_DO_F_25085,DO2281_DO_F_25085,1
LL3-B6__2023-07-06_MFS__DO2282_DO_F_25086,LL3-B6/2023-07-06_MFS/DO2282_DO_F_25086,DO2282_DO_F_25086,1
LL3-B6__2023-07-06_MFS__DO2342_DO_M_25057,LL3-B6/2023-07-06_MFS/DO2342_DO_M_25057,DO2342_DO_M_25057,1
LL3-B6__2023-07-06_MFS__DO2343_DO_M_25058,LL3-B6/2023-07-06_MFS/DO2343_DO_M_25058,DO2343_DO_M_25058,1
LL3-B6__2023-07-10_MFS__DO2299_DO_F_25103,LL3-B6/2023-07-10_MFS/DO2299_DO_F_25103,DO2299_DO_F_25103,1
LL3-B6__2023-07-10_MFS__DO2300_DO_F_25104,LL3-B6/2023-07-10_MFS/DO2300_DO_F_25104,DO2300_DO_F_25104,1
LL3-B6__2023-07-10_MFS__DO2301_DO_F_25105,LL3-B6/2023-07-10_MFS/DO2301_DO_F_25105,DO2301_DO_F_25105,1
LL3-B6__2023-07-10_MFS__DO2302_DO_F_25106,LL3-B6/2023-07-10_MFS/DO2302_DO_F_25106,DO2302_DO_F_25106,1
LL3-B6__2023-07-10_MFS__DO2323_DO_F_25127,LL3-B6/2023-07-10_MFS/DO2323_DO_F_25127,DO2323_DO_F_25127,1
LL3-B6__2023-07-10_MFS__DO2325_DO_F_25129,LL3-B6/2023-07-10_MFS/DO2325_DO_F_25129,DO2325_DO_F_25129,1
LL3-B6__2023-07-10_MFS__DO2326_DO_F_25130,LL3-B6/2023-07-10_MFS/DO2326_DO_F_25130,DO2326_DO_F_25130,1
LL4-B6__2023-07-06_MFS__DO2279_DO_F_25083,LL4-B6/2023-07-06_MFS/DO2279_DO_F_25083,DO2279_DO_F_25083,1
LL4-B6__2023-07-06_MFS__DO2281_DO_F_25085,LL4-B6/2023-07-06_MFS/DO2281_DO_F_25085,DO2281_DO_F_25085,1
LL4-B6__2023-07-06_MFS__DO2282_DO_F_25086,LL4-B6/2023-07-06_MFS/DO2282_DO_F_25086,DO2282_DO_F_25086,1
LL4-B6__2023-07-06_MFS__DO2344_DO_M_25059,LL4-B6/2023-07-06_MFS/DO2344_DO_M_25059,DO2344_DO_M_25059,1
LL4-B6__2023-07-06_MFS__DO2345_DO_M_25060,LL4-B6/2023-07-06_MFS/DO2345_DO_M_25060,DO2345_DO_M_25060,1
LL4-B6__2023-07-06_MFS__DO2346_DO_M_25061,LL4-B6/2023-07-06_MFS/DO2346_DO_M_25061,DO2346_DO_M_25061,1
LL4-B6__2023-07-06_MFS__DO2347_DO_M_25062,LL4-B6/2023-07-06_MFS/DO2347_DO_M_25062,DO2347_DO_M_25062,1
LL4-B6__2023-07-10_MFS__DO2304_DO_F_25108,LL4-B6/2023-07-10_MFS/DO2304_DO_F_25108,DO2304_DO_F_25108,1
LL4-B6__2023-07-10_MFS__DO2305_DO_F_25109,LL4-B6/2023-07-10_MFS/DO2305_DO_F_25109,DO2305_DO_F_25109,1
LL4-B6__2023-07-10_MFS__DO2306_DO_F_25110,LL4-B6/2023-07-10_MFS/DO2306_DO_F_25110,DO2306_DO_F_25110,1
LL4-B6__2023-07-10_MFS__DO2327_DO_F_25131,LL4-B6/2023-07-10_MFS/DO2327_DO_F_25131,DO2327_DO_F_25131,1
LL4-B6__2023-07-10_MFS__DO2328_DO_F_25132,LL4-B6/2023-07-10_MFS/DO2328_DO_F_25132,DO2328_DO_F_25132,1
LL4-B6__2023-07-10_MFS__DO2329_DO_F_25133,LL4-B6/2023-07-10_MFS/DO2329_DO_F_25133,DO2329_DO_F_25133,1
LL4-B6__2023-07-10_MFS__DO2330_DO_F_25134,LL4-B6/2023-07-10_MFS/DO2330_DO_F_25134,DO2330_DO_F_25134,1
LL5-B6%202023-07-06_MFS%20DO2282_DO_F_25086,LL5-B6%202023-07-06_MFS%20DO2282_DO_F_25086,LL5-B6%202023-07-06_MFS%20DO2282_DO_F_25086,0
LL5-B6__2023-07-06_MFS__DO2279_DO_F_25083,LL5-B6/2023-07-06_MFS/DO2279_DO_F_25083,DO2279_DO_F_25083,1
LL5-B6__2023-07-06_MFS__DO2281_DO_F_25085,LL5-B6/2023-07-06_MFS/DO2281_DO_F_25085,DO2281_DO_F_25085,1
LL5-B6__2023-07-06_MFS__DO2348_DO_M_25063,LL5-B6/2023-07-06_MFS/DO2348_DO_M_25063,DO2348_DO_M_25063,1
LL5-B6__2023-07-06_MFS__DO2349_DO_M_25064,LL5-B6/2023-07-06_MFS/DO2349_DO_M_25064,DO2349_DO_M_25064,1
LL5-B6__2023-07-06_MFS__DO2350_DO_M_25065,LL5-B6/2023-07-06_MFS/DO2350_DO_M_25065,DO2350_DO_M_25065,1
LL5-B6__2023-07-06_MFS__DO2351_DO_M_25066,LL5-B6/2023-07-06_MFS/DO2351_DO_M_25066,DO2351_DO_M_25066,1
LL5-B6__2023-07-10_MFS__DO2274_DO_F_25078,LL5-B6/2023-07-10_MFS/DO2274_DO_F_25078,DO2274_DO_F_25078,1
LL5-B6__2023-07-10_MFS__DO2307_DO_F_25111,LL5-B6/2023-07-10_MFS/DO2307_DO_F_25111,DO2307_DO_F_25111,1
LL5-B6__2023-07-10_MFS__DO2308_DO_F_25112,LL5-B6/2023-07-10_MFS/DO2308_DO_F_25112,DO2308_DO_F_25112,1
LL5-B6__2023-07-10_MFS__DO2310_DO_F_25114,LL5-B6/2023-07-10_MFS/DO2310_DO_F_25114,DO2310_DO_F_25114,1
LL5-B6__2023-07-10_MFS__DO2311_DO_F_25115,LL5-B6/2023-07-10_MFS/DO2311_DO_F_25115,DO2311_DO_F_25115,1
LL6-B6%202023-07-10_MFS%20DO2312_DO_F_25116,LL6-B6%202023-07-10_MFS%20DO2312_DO_F_25116,LL6-B6%202023-07-10_MFS%20DO2312_DO_F_25116,0
LL6-B6__2023-07-06_MFS__DO2279_DO_F_25083,LL6-B6/2023-07-06_MFS/DO2279_DO_F_25083,DO2279_DO_F_25083,1
LL6-B6__2023-07-06_MFS__DO2281_DO_F_25085,LL6-B6/2023-07-06_MFS/DO2281_DO_F_25085,DO2281_DO_F_25085,1
LL6-B6__2023-07-06_MFS__DO2282_DO_F_25086,LL6-B6/2023-07-06_MFS/DO2282_DO_F_25086,DO2282_DO_F_25086,1
LL6-B6__2023-07-06_MFS__DO2352_DO_M_25067,LL6-B6/2023-07-06_MFS/DO2352_DO_M_25067,DO2352_DO_M_25067,1
LL6-B6__2023-07-06_MFS__DO2353_DO_M_25068,LL6-B6/2023-07-06_MFS/DO2353_DO_M_25068,DO2353_DO_M_25068,1
LL6-B6__2023-07-06_MFS__DO2354_DO_M_25069,LL6-B6/2023-07-06_MFS/DO2354_DO_M_25069,DO2354_DO_M_25069,1
LL6-B6__2023-07-06_MFS__DO2355_DO_M_25070,LL6-B6/2023-07-06_MFS/DO2355_DO_M_25070,DO2355_DO_M_25070,1
LL6-B6__2023-07-10_MFS__DO2313_DO_F_25117,LL6-B6/2023-07-10_MFS/DO2313_DO_F_25117,DO2313_DO_F_25117,1
Batch2__LL1-B6__2023-07-06_MFS__DO2271_DO_F_25075,Batch2/LL1-B6/2023-07-06_MFS/DO2271_DO_F_25075,DO2271_DO_F_25075,1
Batch2__LL1-B6__2023-07-06_MFS__DO2272_DO_F_25076,Batch2/LL1-B6/2023-07-06_MFS/DO2272_DO_F_25076,DO2272_DO_F_25076,1
Batch2__LL1-B6__2023-07-06_MFS__DO2273_DO_F_25077,Batch2/LL1-B6/2023-07-06_MFS/DO2273_DO_F_25077,DO2273_DO_F_25077,1
Batch2__LL1-B6__2023-07-06_MFS__DO2274_DO_F_25078,Batch2/LL1-B6/2023-07-06_MFS/DO2274_DO_F_25078,DO2274_DO_F_25078,1
Batch2__LL1-B6__2023-07-06_MFS__DO2331_DO_M_25047,Batch2/LL1-B6/2023-07-06_MFS/DO2331_DO_M_25047,DO2331_DO_M_25047,1
Batch2__LL1-B6__2023-07-06_MFS__DO2332_DO_M_25048,Batch2/LL1-B6/2023-07-06_MFS/DO2332_DO_M_25048,DO2332_DO_M_25048,1
Batch2__LL1-B6__2023-07-06_MFS__DO2333_DO_M_25049,Batch2/LL1-B6/2023-07-06_MFS/DO2333_DO_M_25049,DO2333_DO_M_25049,1
Batch2__LL1-B6__2023-07-06_MFS__DO2334_DO_M_25050,Batch2/LL1-B6/2023-07-06_MFS/DO2334_DO_M_25050,DO2334_DO_M_25050,1
Batch2__LL1-B6__2023-07-10_MFS__DO2291_DO_F_25095,Batch2/LL1-B6/2023-07-10_MFS/DO2291_DO_F_25095,DO2291_DO_F_25095,1
Batch2__LL1-B6__2023-07-10_MFS__DO2292_DO_F_25096,Batch2/LL1-B6/2023-07-10_MFS/DO2292_DO_F_25096,DO2292_DO_F_25096,1
Batch2__LL1-B6__2023-07-10_MFS__DO2293_DO_F_25097,Batch2/LL1-B6/2023-07-10_MFS/DO2293_DO_F_25097,DO2293_DO_F_25097,1
Batch2__LL1-B6__2023-07-10_MFS__DO2294_DO_F_25098,Batch2/LL1-B6/2023-07-10_MFS/DO2294_DO_F_25098,DO2294_DO_F_25098,1
Batch2__LL1-B6__2023-07-10_MFS__DO2315_DO_F_25119,Batch2/LL1-B6/2023-07-10_MFS/DO2315_DO_F_25119,DO2315_DO_F_25119,1
Batch2__LL1-B6__2023-07-10_MFS__DO2316_DO_F_25120,Batch2/LL1-B6/2023-07-10_MFS/DO2316_DO_F_25120,DO2316_DO_F_25120,1
Batch2__LL1-B6__2023-07-10_MFS__DO2317_DO_F_25121,Batch2/LL1-B6/2023-07-10_MFS/DO2317_DO_F_25121,DO2317_DO_F_25121,1
Batch2__LL1-B6__2023-07-10_MFS__DO2318_DO_F_25122,Batch2/LL1-B6/2023-07-10_MFS/DO2318_DO_F_25122,DO2318_DO_F_25122,1
Batch2__LL2-B6__2023-07-06_MFS__DO2275_DO_F_25079,Batch2/LL2-B6/2023-07-06_MFS/DO2275_DO_F_25079,DO2275_DO_F_25079,1
Batch2__LL2-B6__2023-07-06_MFS__DO2277_DO_F_25081,Batch2/LL2-B6/2023-07-06_MFS/DO2277_DO_F_25081,DO2277_DO_F_25081,1
Batch2__LL2-B6__2023-07-06_MFS__DO2278_DO_F_25082,Batch2/LL2-B6/2023-07-06_MFS/DO2278_DO_F_25082,DO2278_DO_F_25082,1
Batch2__LL2-B6__2023-07-06_MFS__DO2335_DO_M_25051,Batch2/LL2-B6/2023-07-06_MFS/DO2335_DO_M_25051,DO2335_DO_M_25051,1
Batch2__LL2-B6__2023-07-06_MFS__DO2338_DO_M_25054,Batch2/LL2-B6/2023-07-06_MFS/DO2338_DO_M_25054,DO2338_DO_M_25054,1
Batch2__LL2-B6__2023-07-10_MFS__DO2295_DO_F_25099,Batch2/LL2-B6/2023-07-10_MFS/DO2295_DO_F_25099,DO2295_DO_F_25099,1
Batch2__LL2-B6__2023-07-10_MFS__DO2296_DO_F_25100,Batch2/LL2-B6/2023-07-10_MFS/DO2296_DO_F_25100,DO2296_DO_F_25100,1
Batch2__LL2-B6__2023-07-10_MFS__DO2297_DO_F_25101,Batch2/LL2-B6/2023-07-10_MFS/DO2297_DO_F_25101,DO2297_DO_F_25101,1
Batch2__LL2-B6__2023-07-10_MFS__DO2298_DO_F_25102,Batch2/LL2-B6/2023-07-10_MFS/DO2298_DO_F_25102,DO2298_DO_F_25102,1
Batch2__LL2-B6__2023-07-10_MFS__DO2319_DO_F_25123,Batch2/LL2-B6/2023-07-10_MFS/DO2319_DO_F_25123,DO2319_DO_F_25123,1
Batch2__LL2-B6__2023-07-10_MFS__DO2320_DO_F_25124,Batch2/LL2-B6/2023-07-10_MFS/DO2320_DO_F_25124,DO2320_DO_F_25124,1
Batch2__LL2-B6__2023-07-10_MFS__DO2321_DO_F_25125,Batch2/LL2-B6/2023-07-10_MFS/DO2321_DO_F_25125,DO2321_DO_F_25125,1
Batch2__LL2-B6__2023-07-10_MFS__DO2322_DO_F_25126,Batch2/LL2-B6/2023-07-10_MFS/DO2322_DO_F_25126,DO2322_DO_F_25126,1
Batch2__LL3-B6__2023-07-06_MFS__DO2279_DO_F_25083,Batch2/LL3-B6/2023-07-06_MFS/DO2279_DO_F_25083,DO2279_DO_F_25083,1
Batch2__LL3-B6__2023-07-06_MFS__DO2281_DO_F_25085,Batch2/LL3-B6/2023-07-06_MFS/DO2281_DO_F_25085,DO2281_DO_F_25085,1
Batch2__LL3-B6__2023-07-06_MFS__DO2282_DO_F_25086,Batch2/LL3-B6/2023-07-06_MFS/DO2282_DO_F_25086,DO2282_DO_F_25086,1
Batch2__LL3-B6__2023-07-06_MFS__DO2340_DO_M_25056,Batch2/LL3-B6/2023-07-06_MFS/DO2340_DO_M_25056,DO2340_DO_M_25056,1
Batch2__LL3-B6__2023-07-06_MFS__DO2342_DO_M_25057,Batch2/LL3-B6/2023-07-06_MFS/DO2342_DO_M_25057,DO2342_DO_M_25057,1
Batch2__LL3-B6__2023-07-06_MFS__DO2343_DO_M_25058,Batch2/LL3-B6/2023-07-06_MFS/DO2343_DO_M_25058,DO2343_DO_M_25058,1
Batch2__LL3-B6__2023-07-10_MFS__DO2299_DO_F_25103,Batch2/LL3-B6/2023-07-10_MFS/DO2299_DO_F_25103,DO2299_DO_F_25103,1
Batch2__LL3-B6__2023-07-10_MFS__DO2300_DO_F_25104,Batch2/LL3-B6/2023-07-10_MFS/DO2300_DO_F_25104,DO2300_DO_F_25104,1
Batch2__LL3-B6__2023-07-10_MFS__DO2301_DO_F_25105,Batch2/LL3-B6/2023-07-10_MFS/DO2301_DO_F_25105,DO2301_DO_F_25105,1
Batch2__LL3-B6__2023-07-10_MFS__DO2302_DO_F_25106,Batch2/LL3-B6/2023-07-10_MFS/DO2302_DO_F_25106,DO2302_DO_F_25106,1
Batch2__LL3-B6__2023-07-10_MFS__DO2323_DO_F_25127,Batch2/LL3-B6/2023-07-10_MFS/DO2323_DO_F_25127,DO2323_DO_F_25127,1
Batch2__LL3-B6__2023-07-10_MFS__DO2324_DO_F_25128,Batch2/LL3-B6/2023-07-10_MFS/DO2324_DO_F_25128,DO2324_DO_F_25128,1
Batch2__LL3-B6__2023-07-10_MFS__DO2325_DO_F_25129,Batch2/LL3-B6/2023-07-10_MFS/DO2325_DO_F_25129,DO2325_DO_F_25129,1
Batch2__LL3-B6__2023-07-10_MFS__DO2326_DO_F_25130,Batch2/LL3-B6/2023-07-10_MFS/DO2326_DO_F_25130,DO2326_DO_F_25130,1
Batch2__LL4-B6__2023-07-06_MFS__DO2344_DO_M_25059,Batch2/LL4-B6/2023-07-06_MFS/DO2344_DO_M_25059,DO2344_DO_M_25059,1
Batch2__LL4-B6__2023-07-06_MFS__DO2345_DO_M_25060,Batch2/LL4-B6/2023-07-06_MFS/DO2345_DO_M_25060,DO2345_DO_M_25060,1
Batch2__LL4-B6__2023-07-06_MFS__DO2346_DO_M_25061,Batch2/LL4-B6/2023-07-06_MFS/DO2346_DO_M_25061,DO2346_DO_M_25061,1
Batch2__LL4-B6__2023-07-06_MFS__DO2347_DO_M_25062,Batch2/LL4-B6/2023-07-06_MFS/DO2347_DO_M_25062,DO2347_DO_M_25062,1
Batch2__LL4-B6__2023-07-10_MFS__DO2304_DO_F_25108,Batch2/LL4-B6/2023-07-10_MFS/DO2304_DO_F_25108,DO2304_DO_F_25108,1
Batch2__LL4-B6__2023-07-10_MFS__DO2305_DO_F_25109,Batch2/LL4-B6/2023-07-10_MFS/DO2305_DO_F_25109,DO2305_DO_F_25109,1
Batch2__LL4-B6__2023-07-10_MFS__DO2306_DO_F_25110,Batch2/LL4-B6/2023-07-10_MFS/DO2306_DO_F_25110,DO2306_DO_F_25110,1
Batch2__LL4-B6__2023-07-10_MFS__DO2327_DO_F_25131,Batch2/LL4-B6/2023-07-10_MFS/DO2327_DO_F_25131,DO2327_DO_F_25131,1
Batch2__LL4-B6__2023-07-10_MFS__DO2328_DO_F_25132,Batch2/LL4-B6/2023-07-10_MFS/DO2328_DO_F_25132,DO2328_DO_F_25132,1
Batch2__LL4-B6__2023-07-10_MFS__DO2329_DO_F_25133,Batch2/LL4-B6/2023-07-10_MFS/DO2329_DO_F_25133,DO2329_DO_F_25133,1
Batch2__LL4-B6__2023-07-10_MFS__DO2330_DO_F_25134,Batch2/LL4-B6/2023-07-10_MFS/DO2330_DO_F_25134,DO2330_DO_F_25134,1
Batch2__LL5-B6__2023-07-06_MFS__DO2348_DO_M_25063,Batch2/LL5-B6/2023-07-06_MFS/DO2348_DO_M_25063,DO2348_DO_M_25063,1
Batch2__LL5-B6__2023-07-06_MFS__DO2349_DO_M_25064,Batch2/LL5-B6/2023-07-06_MFS/DO2349_DO_M_25064,DO2349_DO_M_25064,1
Batch2__LL5-B6__2023-07-06_MFS__DO2350_DO_M_25065,Batch2/LL5-B6/2023-07-06_MFS/DO2350_DO_M_25065,DO2350_DO_M_25065,1
Batch2__LL5-B6__2023-07-06_MFS__DO2351_DO_M_25066,Batch2/LL5-B6/2023-07-06_MFS/DO2351_DO_M_25066,DO2351_DO_M_25066,1
Batch2__LL5-B6__2023-07-10_MFS__DO2307_DO_F_25111,Batch2/LL5-B6/2023-07-10_MFS/DO2307_DO_F_25111,DO2307_DO_F_25111,1
Batch2__LL5-B6__2023-07-10_MFS__DO2308_DO_F_25112,Batch2/LL5-B6/2023-07-10_MFS/DO2308_DO_F_25112,DO2308_DO_F_25112,1
Batch2__LL5-B6__2023-07-10_MFS__DO2310_DO_F_25114,Batch2/LL5-B6/2023-07-10_MFS/DO2310_DO_F_25114,DO2310_DO_F_25114,1
Batch2__LL5-B6__2023-07-10_MFS__DO2311_DO_F_25115,Batch2/LL5-B6/2023-07-10_MFS/DO2311_DO_F_25115,DO2311_DO_F_25115,1
Batch2__LL6-B6__2023-07-06_MFS__DO2352_DO_M_25067,Batch2/LL6-B6/2023-07-06_MFS/DO2352_DO_M_25067,DO2352_DO_M_25067,1
Batch2__LL6-B6__2023-07-06_MFS__DO2353_DO_M_25068,Batch2/LL6-B6/2023-07-06_MFS/DO2353_DO_M_25068,DO2353_DO_M_25068,1
Batch2__LL6-B6__2023-07-06_MFS__DO2354_DO_M_25069,Batch2/LL6-B6/2023-07-06_MFS/DO2354_DO_M_25069,DO2354_DO_M_25069,1
Batch2__LL6-B6__2023-07-06_MFS__DO2355_DO_M_25070,Batch2/LL6-B6/2023-07-06_MFS/DO2355_DO_M_25070,DO2355_DO_M_25070,1
Batch2__LL6-B6__2023-07-10_MFS__DO2312_DO_F_25116,Batch2/LL6-B6/2023-07-10_MFS/DO2312_DO_F_25116,DO2312_DO_F_25116,1
Batch2__LL6-B6__2023-07-10_MFS__DO2313_DO_F_25117,Batch2/LL6-B6/2023-07-10_MFS/DO2313_DO_F_25117,DO2313_DO_F_25117,1
LL1-B6__2022-05-13_MFS__DO1975_DO_F_8906,LL1-B6/2022-05-13_MFS/DO1975_DO_F_8906,DO1975_DO_F_8906,1
LL1-B6__2022-05-20_MFS__DO1953_DO_F_8892,LL1-B6/2022-05-20_MFS/DO1953_DO_F_8892,DO1953_DO_F_8892,1
LL1-B6__2022-05-20_MFS__DO1957_DO_F_8894,LL1-B6/2022-05-20_MFS/DO1957_DO_F_8894,DO1957_DO_F_8894,1
LL1-B6__2022-05-20_MFS__DO1958_DO_F_8895,LL1-B6/2022-05-20_MFS/DO1958_DO_F_8895,DO1958_DO_F_8895,1
LL2-B6__2022-04-29_MFS__DO2026_DO_F_8937,LL2-B6/2022-04-29_MFS/DO2026_DO_F_8937,DO2026_DO_F_8937,1
LL2-B6__2022-04-29_MFS__DO2027_DO_F_8938,LL2-B6/2022-04-29_MFS/DO2027_DO_F_8938,DO2027_DO_F_8938,1
LL2-B6__2022-05-13_MFS__DO1979_DO_F_8907,LL2-B6/2022-05-13_MFS/DO1979_DO_F_8907,DO1979_DO_F_8907,1
LL2-B6__2022-05-13_MFS__DO1980_DO_F_8908,LL2-B6/2022-05-13_MFS/DO1980_DO_F_8908,DO1980_DO_F_8908,1
LL2-B6__2022-05-13_MFS__DO1982_DO_F_8909,LL2-B6/2022-05-13_MFS/DO1982_DO_F_8909,DO1982_DO_F_8909,1
LL3-B6__2022-04-29_MFS__DO2028_DO_F_8939,LL3-B6/2022-04-29_MFS/DO2028_DO_F_8939,DO2028_DO_F_8939,1
LL3-B6__2022-04-29_MFS__DO2029_DO_F_8940,LL3-B6/2022-04-29_MFS/DO2029_DO_F_8940,DO2029_DO_F_8940,1
LL3-B6__2022-04-29_MFS__DO2030_DO_F_8941,LL3-B6/2022-04-29_MFS/DO2030_DO_F_8941,DO2030_DO_F_8941,1
LL3-B6__2022-05-06_MFS__DO2116_DO_F_8972,LL3-B6/2022-05-06_MFS/DO2116_DO_F_8972,DO2116_DO_F_8972,1
LL3-B6__2022-05-06_MFS__DO2117_DO_F_8973,LL3-B6/2022-05-06_MFS/DO2117_DO_F_8973,DO2117_DO_F_8973,1
LL3-B6__2022-05-06_MFS__DO2118_DO_F_8974,LL3-B6/2022-05-06_MFS/DO2118_DO_F_8974,DO2118_DO_F_8974,1
LL3-B6__2022-05-06_MFS__DO2119_DO_F_8975,LL3-B6/2022-05-06_MFS/DO2119_DO_F_8975,DO2119_DO_F_8975,1
LL4-B6__2022-05-06_MFS__DO2007_DO_F_8928,LL4-B6/2022-05-06_MFS/DO2007_DO_F_8928,DO2007_DO_F_8928,1
LL4-B6__2022-05-06_MFS__DO2008_DO_F_8929,LL4-B6/2022-05-06_MFS/DO2008_DO_F_8929,DO2008_DO_F_8929,1
LL4-B6__2022-05-06_MFS__DO2012_DO_F_8930,LL4-B6/2022-05-06_MFS/DO2012_DO_F_8930,DO2012_DO_F_8930,1
LL4-B6__2022-05-06_MFS__DO2122_DO_F_8977,LL4-B6/2022-05-06_MFS/DO2122_DO_F_8977,DO2122_DO_F_8977,1
LL4-B6__2022-05-13_MFS__DO2139_DO_F_8989,LL4-B6/2022-05-13_MFS/DO2139_DO_F_8989,DO2139_DO_F_8989,1
LL4-B6__2022-06-22_MFS__DO2034_DO_F_8945,LL4-B6/2022-06-22_MFS/DO2034_DO_F_8945,DO2034_DO_F_8945,1
LL4-B6__2022-06-22_MFS__DO2035_DO_F_8946,LL4-B6/2022-06-22_MFS/DO2035_DO_F_8946,DO2035_DO_F_8946,1
LL4-B6__2022-06-22_MFS__DO2036_DO_F_8947,LL4-B6/2022-06-22_MFS/DO2036_DO_F_8947,DO2036_DO_F_8947,1
LL4-B6__2022-06-22_MFS__DO2037_DO_F_8948,LL4-B6/2022-06-22_MFS/DO2037_DO_F_8948,DO2037_DO_F_8948,1
LL5-B6__2022-04-29_MFS__DO2100_DO_F_8958,LL5-B6/2022-04-29_MFS/DO2100_DO_F_8958,DO2100_DO_F_8958,1
LL5-B6__2022-04-29_MFS__DO2102_DO_F_8959,LL5-B6/2022-04-29_MFS/DO2102_DO_F_8959,DO2102_DO_F_8959,1
LL5-B6__2022-05-06_MFS__DO2013_DO_F_8931,LL5-B6/2022-05-06_MFS/DO2013_DO_F_8931,DO2013_DO_F_8931,1
LL5-B6__2022-05-06_MFS__DO2040_DO_F_8949,LL5-B6/2022-05-06_MFS/DO2040_DO_F_8949,DO2040_DO_F_8949,1
LL5-B6__2022-05-13_MFS__DO2140_DO_F_8990,LL5-B6/2022-05-13_MFS/DO2140_DO_F_8990,DO2140_DO_F_8990,1
LL5-B6__2022-05-13_MFS__DO2141_DO_F_8991,LL5-B6/2022-05-13_MFS/DO2141_DO_F_8991,DO2141_DO_F_8991,1
LL5-B6__2022-05-13_MFS__DO2142_DO_F_8992,LL5-B6/2022-05-13_MFS/DO2142_DO_F_8992,DO2142_DO_F_8992,1
LL5-B6__2022-05-13_MFS__DO2143_DO_F_8993,LL5-B6/2022-05-13_MFS/DO2143_DO_F_8993,DO2143_DO_F_8993,1
LL5-B6__2022-05-20_MFS__DO2134_DO_F_8986,LL5-B6/2022-05-20_MFS/DO2134_DO_F_8986,DO2134_DO_F_8986,1
LL5-B6__2022-05-20_MFS__DO2137_DO_F_8987,LL5-B6/2022-05-20_MFS/DO2137_DO_F_8987,DO2137_DO_F_8987,1
LL5-B6__2022-05-20_MFS__DO2138_DO_F_8988,LL5-B6/2022-05-20_MFS/DO2138_DO_F_8988,DO2138_DO_F_8988,1
LL5-B6__2022-06-22_MFS__DO2107_DO_F_8964,LL5-B6/2022-06-22_MFS/DO2107_DO_F_8964,DO2107_DO_F_8964,1
LL5-B6__2022-06-22_MFS__DO2108_DO_F_8965,LL5-B6/2022-06-22_MFS/DO2108_DO_F_8965,DO2108_DO_F_8965,1
LL5-B6__2022-06-22_MFS__DO2109_DO_F_8966,LL5-B6/2022-06-22_MFS/DO2109_DO_F_8966,DO2109_DO_F_8966,1
LL5-B6__2022-06-22_MFS__DO2110_DO_F_8967,LL5-B6/2022-06-22_MFS/DO2110_DO_F_8967,DO2110_DO_F_8967,1
LL6-B6__2022-04-29_MFS__DO2103_DO_F_8960,LL6-B6/2022-04-29_MFS/DO2103_DO_F_8960,DO2103_DO_F_8960,1
LL6-B6__2022-04-29_MFS__DO2104_DO_F_8961,LL6-B6/2022-04-29_MFS/DO2104_DO_F_8961,DO2104_DO_F_8961,1
LL6-B6__2022-04-29_MFS__DO2105_DO_F_8962,LL6-B6/2022-04-29_MFS/DO2105_DO_F_8962,DO2105_DO_F_8962,1
LL6-B6__2022-04-29_MFS__DO2106_DO_F_8963,LL6-B6/2022-04-29_MFS/DO2106_DO_F_8963,DO2106_DO_F_8963,1
LL6-B6__2022-05-13_MFS__DO2144_DO_F_8994,LL6-B6/2022-05-13_MFS/DO2144_DO_F_8994,DO2144_DO_F_8994,1
LL6-B6__2022-06-22_MFS__DO2111_DO_F_8968,LL6-B6/2022-06-22_MFS/DO2111_DO_F_8968,DO2111_DO_F_8968,1
LL6-B6__2022-06-22_MFS__DO2112_DO_F_8969,LL6-B6/2022-06-22_MFS/DO2112_DO_F_8969,DO2112_DO_F_8969,1
LL6-B6__2022-06-22_MFS__DO2113_DO_F_8970,LL6-B6/2022-06-22_MFS/DO2113_DO_F_8970,DO2113_DO_F_8970,1
NV14-B7B8__2019-12-23__DO-20-1029,NV14-B7B8/2019-12-23/DO-20-1029,DO-20-1029,1
NV14-B7B8__2019-12-23__DO-40-2028,NV14-B7B8/2019-12-23/DO-40-2028,DO-40-2028,1
NV14-B7B8__2019-12-24__DO-20-1054,NV14-B7B8/2019-12-24/DO-20-1054,DO-20-1054,1
NV14-B7B8__2019-12-24__DO-2D-4062,NV14-B7B8/2019-12-24/DO-2D-4062,DO-2D-4062,1
NV14-B7B8__2019-12-24__DO-40-2050,NV14-B7B8/2019-12-24/DO-40-2050,DO-40-2050,1
NV14-B7B8__2019-12-24__DO-40-2059,NV14-B7B8/2019-12-24/DO-40-2059,DO-40-2059,1
NV14-B7B8__2019-12-30__DO-1D-3104,NV14-B7B8/2019-12-30/DO-1D-3104,DO-1D-3104,1
NV14-B7B8__2019-12-30__DO-1D-3111,NV14-B7B8/2019-12-30/DO-1D-3111,DO-1D-3111,1
NV14-B7B8__2019-12-30__DO-20-1109,NV14-B7B8/2019-12-30/DO-20-1109,DO-20-1109,1
NV14-B7B8__2019-12-30__DO-2D-4097,NV14-B7B8/2019-12-30/DO-2D-4097,DO-2D-4097,1
NV14-B7B8__2019-12-30__DO-AL-0097,NV14-B7B8/2019-12-30/DO-AL-0097,DO-AL-0097,1
NV14-B7B8__2020-01-02__DO-20-1101,NV14-B7B8/2020-01-02/DO-20-1101,DO-20-1101,1
NV14-B7B8__2020-01-02__DO-40-2097,NV14-B7B8/2020-01-02/DO-40-2097,DO-40-2097,1
NV14-B7B8__2020-01-02__DO-40-2111,NV14-B7B8/2020-01-02/DO-40-2111,DO-40-2111,1
NV14-B7B8__2020-01-03__DO-40-2101,NV14-B7B8/2020-01-03/DO-40-2101,DO-40-2101,1
NV14-B7B8__2020-01-06__DO-1D-3161,NV14-B7B8/2020-01-06/DO-1D-3161,DO-1D-3161,1
NV14-B7B8__2020-01-06__DO-1D-3164,NV14-B7B8/2020-01-06/DO-1D-3164,DO-1D-3164,1
NV14-B7B8__2020-01-06__DO-2D-4162,NV14-B7B8/2020-01-06/DO-2D-4162,DO-2D-4162,1
NV14-B7B8__2020-01-06__DO-2D-4165,NV14-B7B8/2020-01-06/DO-2D-4165,DO-2D-4165,1
NV14-B7B8__2020-01-06__DO-2D-4168,NV14-B7B8/2020-01-06/DO-2D-4168,DO-2D-4168,1
NV14-B7B8__2020-01-06__DO-2D-4172,NV14-B7B8/2020-01-06/DO-2D-4172,DO-2D-4172,1
NV14-B7B8__2020-01-07__DO-1D-3169,NV14-B7B8/2020-01-07/DO-1D-3169,DO-1D-3169,1
NV14-B7B8__2020-01-07__DO-1D-3171,NV14-B7B8/2020-01-07/DO-1D-3171,DO-1D-3171,1
NV14-B7B8__2020-01-07__DO-1D-3175,NV14-B7B8/2020-01-07/DO-1D-3175,DO-1D-3175,1
NV14-B7B8__2020-01-07__DO-40-2162,NV14-B7B8/2020-01-07/DO-40-2162,DO-40-2162,1
NV14-B7B8__2020-01-07__DO-40-2167,NV14-B7B8/2020-01-07/DO-40-2167,DO-40-2167,1
NV14-B7B8__2020-01-07__DO-40-2172,NV14-B7B8/2020-01-07/DO-40-2172,DO-40-2172,1
NV14-B7B8__2020-01-07__DO-40-2175,NV14-B7B8/2020-01-07/DO-40-2175,DO-40-2175,1
NV14-B7B8__2020-01-08__DO-20-1161,NV14-B7B8/2020-01-08/DO-20-1161,DO-20-1161,1
NV14-B7B8__2020-01-08__DO-20-1165,NV14-B7B8/2020-01-08/DO-20-1165,DO-20-1165,1
NV14-B7B8__2020-01-08__DO-20-1170,NV14-B7B8/2020-01-08/DO-20-1170,DO-20-1170,1
NV14-B7B8__2020-01-08__DO-20-1173,NV14-B7B8/2020-01-08/DO-20-1173,DO-20-1173,1
NV14-B7B8__2020-01-08__DO-20-1175,NV14-B7B8/2020-01-08/DO-20-1175,DO-20-1175,1
NV14-B7B8__2020-01-08__DO-AL-0172,NV14-B7B8/2020-01-08/DO-AL-0172,DO-AL-0172,1
NV14-B7B8__2020-01-08__DO-AL-0175,NV14-B7B8/2020-01-08/DO-AL-0175,DO-AL-0175,1
NV14-B7B8__2020-01-13__DO-AL-0161,NV14-B7B8/2020-01-13/DO-AL-0161,DO-AL-0161,1
NV14-B7B8__2020-01-13__DO-AL-0163,NV14-B7B8/2020-01-13/DO-AL-0163,DO-AL-0163,1
NV14-B7B8__2020-01-20__DO-20-1065,NV14-B7B8/2020-01-20/DO-20-1065,DO-20-1065,1
NV14-B7B8__2020-01-20__DO-20-1069,NV14-B7B8/2020-01-20/DO-20-1069,DO-20-1069,1
NV14-B7B8__2020-01-20__DO-20-1074,NV14-B7B8/2020-01-20/DO-20-1074,DO-20-1074,1
NV14-B7B8__2020-01-21__DO-40-2070,NV14-B7B8/2020-01-21/DO-40-2070,DO-40-2070,1
NV14-B7B8__2020-01-21__DO-40-2077,NV14-B7B8/2020-01-21/DO-40-2077,DO-40-2077,1
NV14-B7B8__2020-01-27__DO-1D-3084,NV14-B7B8/2020-01-27/DO-1D-3084,DO-1D-3084,1
NV14-B7B8__2020-01-27__DO-2D-4083,NV14-B7B8/2020-01-27/DO-2D-4083,DO-2D-4083,1
NV14-B7B8__2020-01-27__DO-40-2081,NV14-B7B8/2020-01-27/DO-40-2081,DO-40-2081,1
NV14-B7B8__2020-01-27__DO-40-2088,NV14-B7B8/2020-01-27/DO-40-2088,DO-40-2088,1
NV14-B7B8__2020-01-28__DO-20-1122,NV14-B7B8/2020-01-28/DO-20-1122,DO-20-1122,1
NV14-B7B8__2020-01-28__DO-20-1124,NV14-B7B8/2020-01-28/DO-20-1124,DO-20-1124,1
NV14-B7B8__2020-01-28__DO-AL-0017,NV14-B7B8/2020-01-28/DO-AL-0017,DO-AL-0017,1
NV14-B7B8__2020-01-28__DO-AL-0119,NV14-B7B8/2020-01-28/DO-AL-0119,DO-AL-0119,1
NV14-B7B8__2020-01-28__DO-AL-0128,NV14-B7B8/2020-01-28/DO-AL-0128,DO-AL-0128,1
NV14-B7B8__2020-01-29__DO-40-2113,NV14-B7B8/2020-01-29/DO-40-2113,DO-40-2113,1
NV14-B7B8__2020-01-29__DO-40-2115,NV14-B7B8/2020-01-29/DO-40-2115,DO-40-2115,1
NV14-B7B8__2020-01-29__DO-40-2117,NV14-B7B8/2020-01-29/DO-40-2117,DO-40-2117,1
NV14-B7B8__2020-01-29__DO-40-2123,NV14-B7B8/2020-01-29/DO-40-2123,DO-40-2123,1
NV14-B7B8__2020-01-29__DO-40-2125,NV14-B7B8/2020-01-29/DO-40-2125,DO-40-2125,1
NV14-B7B8__2020-02-03__DO-1D-3116,NV14-B7B8/2020-02-03/DO-1D-3116,DO-1D-3116,1
NV14-B7B8__2020-02-03__DO-1D-3124,NV14-B7B8/2020-02-03/DO-1D-3124,DO-1D-3124,1
NV14-B7B8__2020-02-03__DO-20-1128,NV14-B7B8/2020-02-03/DO-20-1128,DO-20-1128,1
NV14-B7B8__2020-02-03__DO-2D-4114,NV14-B7B8/2020-02-03/DO-2D-4114,DO-2D-4114,1
NV14-B7B8__2020-02-03__DO-2D-4122,NV14-B7B8/2020-02-03/DO-2D-4122,DO-2D-4122,1
NV14-B7B8__2020-02-04__DO-20-1179,NV14-B7B8/2020-02-04/DO-20-1179,DO-20-1179,1
NV14-B7B8__2020-02-04__DO-AL-0179,NV14-B7B8/2020-02-04/DO-AL-0179,DO-AL-0179,1
NV14-B7B8__2020-02-04__DO-AL-0185,NV14-B7B8/2020-02-04/DO-AL-0185,DO-AL-0185,1
NV14-B7B8__2020-02-05__DO-40-2178,NV14-B7B8/2020-02-05/DO-40-2178,DO-40-2178,1
NV14-B7B8__2020-02-05__DO-40-2181,NV14-B7B8/2020-02-05/DO-40-2181,DO-40-2181,1
NV14-B7B8__2020-02-05__DO-40-2183,NV14-B7B8/2020-02-05/DO-40-2183,DO-40-2183,1
NV14-B7B8__2020-02-05__DO-40-2186,NV14-B7B8/2020-02-05/DO-40-2186,DO-40-2186,1
NV14-B7B8__2020-02-05__DO-40-2189,NV14-B7B8/2020-02-05/DO-40-2189,DO-40-2189,1
NV14-B7B8__2020-02-11__DO-1D-3177,NV14-B7B8/2020-02-11/DO-1D-3177,DO-1D-3177,1
NV14-B7B8__2020-02-11__DO-1D-3180,NV14-B7B8/2020-02-11/DO-1D-3180,DO-1D-3180,1
NV14-B7B8__2020-02-11__DO-20-1183,NV14-B7B8/2020-02-11/DO-20-1183,DO-20-1183,1
NV14-B7B8__2020-02-11__DO-20-1189,NV14-B7B8/2020-02-11/DO-20-1189,DO-20-1189,1
NV14-B7B8__2020-02-12__DO-1D-3185,NV14-B7B8/2020-02-12/DO-1D-3185,DO-1D-3185,1
NV14-B7B8__2020-02-12__DO-1D-3189,NV14-B7B8/2020-02-12/DO-1D-3189,DO-1D-3189,1
NV14-B7B8__2020-02-12__DO-2D-4177,NV14-B7B8/2020-02-12/DO-2D-4177,DO-2D-4177,1
NV14-B7B8__2020-02-12__DO-2D-4180,NV14-B7B8/2020-02-12/DO-2D-4180,DO-2D-4180,1
NV14-B7B8__2020-02-12__DO-2D-4186,NV14-B7B8/2020-02-12/DO-2D-4186,DO-2D-4186,1
NV14-B7B8__2020-02-12__DO-2D-4192,NV14-B7B8/2020-02-12/DO-2D-4192,DO-2D-4192,1
NV14-B7B8__2020-03-23__DO-20-1040,NV14-B7B8/2020-03-23/DO-20-1040,DO-20-1040,1
NV14-B7B8__2020-03-23__DO-20-1066,NV14-B7B8/2020-03-23/DO-20-1066,DO-20-1066,1
NV14-B7B8__2020-03-23__DO-20-1074,NV14-B7B8/2020-03-23/DO-20-1074,DO-20-1074,1
NV14-B7B8__2020-03-23__DO-40-2073,NV14-B7B8/2020-03-23/DO-40-2073,DO-40-2073,1
NV14-B7B8__2020-03-30__DO-20-1097,NV14-B7B8/2020-03-30/DO-20-1097,DO-20-1097,1
NV14-B7B8__2020-03-30__DO-20-1099,NV14-B7B8/2020-03-30/DO-20-1099,DO-20-1099,1
NV14-B7B8__2020-03-30__DO-40-2102,NV14-B7B8/2020-03-30/DO-40-2102,DO-40-2102,1
NV14-B7B8__2020-03-30__DO-40-2111,NV14-B7B8/2020-03-30/DO-40-2111,DO-40-2111,1
NV14-B7B8__2020-04-01__DO-40-2081,NV14-B7B8/2020-04-01/DO-40-2081,DO-40-2081,1
NV14-B7B8__2020-04-01__DO-40-2088,NV14-B7B8/2020-04-01/DO-40-2088,DO-40-2088,1
NV14-B7B8__2020-04-07__DO-40-2050,NV14-B7B8/2020-04-07/DO-40-2050,DO-40-2050,1
NV14-B7B8__2020-04-07__DO-40-2059,NV14-B7B8/2020-04-07/DO-40-2059,DO-40-2059,1
NV14-B7B8__2020-04-13__DO-20-1129,NV14-B7B8/2020-04-13/DO-20-1129,DO-20-1129,1
NV14-B7B8__2020-04-13__DO-20-1136,NV14-B7B8/2020-04-13/DO-20-1136,DO-20-1136,1
NV14-B7B8__2020-04-13__DO-40-2133,NV14-B7B8/2020-04-13/DO-40-2133,DO-40-2133,1
NV14-B7B8__2020-04-13__DO-AL-0141,NV14-B7B8/2020-04-13/DO-AL-0141,DO-AL-0141,1
NV14-B7B8__2020-04-14__DO-1D-3134,NV14-B7B8/2020-04-14/DO-1D-3134,DO-1D-3134,1
NV14-B7B8__2020-04-14__DO-1D-3139,NV14-B7B8/2020-04-14/DO-1D-3139,DO-1D-3139,1
NV14-B7B8__2020-04-14__DO-2D-4143,NV14-B7B8/2020-04-14/DO-2D-4143,DO-2D-4143,1
NV14-B7B8__2020-04-14__DO-40-2137,NV14-B7B8/2020-04-14/DO-40-2137,DO-40-2137,1
NV14-B7B8__2020-05-04__DO-20-1122,NV14-B7B8/2020-05-04/DO-20-1122,DO-20-1122,1
NV14-B7B8__2020-05-04__DO-20-1124,NV14-B7B8/2020-05-04/DO-20-1124,DO-20-1124,1
NV14-B7B8__2020-05-04__DO-2D-4113,NV14-B7B8/2020-05-04/DO-2D-4113,DO-2D-4113,1
NV14-B7B8__2020-05-04__DO-2D-4122,NV14-B7B8/2020-05-04/DO-2D-4122,DO-2D-4122,1
NV14-B7B8__2020-05-04__DO-AL-0118,NV14-B7B8/2020-05-04/DO-AL-0118,DO-AL-0118,1
NV14-B7B8__2020-05-05__DO-40-2115,NV14-B7B8/2020-05-05/DO-40-2115,DO-40-2115,1
NV14-B7B8__2020-05-05__DO-40-2117,NV14-B7B8/2020-05-05/DO-40-2117,DO-40-2117,1
NV14-B7B8__2020-05-05__DO-40-2123,NV14-B7B8/2020-05-05/DO-40-2123,DO-40-2123,1
NV14-B7B8__2020-05-05__DO-40-2126,NV14-B7B8/2020-05-05/DO-40-2126,DO-40-2126,1
NV14-B7B8__2020-05-11__DO-1D-3145,NV14-B7B8/2020-05-11/DO-1D-3145,DO-1D-3145,1
NV14-B7B8__2020-05-11__DO-20-1146,NV14-B7B8/2020-05-11/DO-20-1146,DO-20-1146,1
NV14-B7B8__2020-05-11__DO-20-1152,NV14-B7B8/2020-05-11/DO-20-1152,DO-20-1152,1
NV14-B7B8__2020-05-11__DO-20-1157,NV14-B7B8/2020-05-11/DO-20-1157,DO-20-1157,1
NV14-B7B8__2020-05-11__DO-AL-0157,NV14-B7B8/2020-05-11/DO-AL-0157,DO-AL-0157,1
NV14-B7B8__2020-05-12__DO-2D-4145,NV14-B7B8/2020-05-12/DO-2D-4145,DO-2D-4145,1
NV14-B7B8__2020-05-12__DO-2D-4149,NV14-B7B8/2020-05-12/DO-2D-4149,DO-2D-4149,1
NV14-B7B8__2020-05-12__DO-40-2145,NV14-B7B8/2020-05-12/DO-40-2145,DO-40-2145,1
NV14-B7B8__2020-05-12__DO-40-2149,NV14-B7B8/2020-05-12/DO-40-2149,DO-40-2149,1
NV14-B7B8__2020-05-12__DO-40-2151,NV14-B7B8/2020-05-12/DO-40-2151,DO-40-2151,1
NV14-B7B8__2020-05-13__DO-40-2153,NV14-B7B8/2020-05-13/DO-40-2153,DO-40-2153,1
NV14-B7B8__2020-05-13__DO-40-2157,NV14-B7B8/2020-05-13/DO-40-2157,DO-40-2157,1
NV14-B7B8__2020-05-13__DO-40-2159,NV14-B7B8/2020-05-13/DO-40-2159,DO-40-2159,1
NV14-B7B8__2020-07-06__DO-20-1168,NV14-B7B8/2020-07-06/DO-20-1168,DO-20-1168,1
NV14-B7B8__2020-07-06__DO-40-2162,NV14-B7B8/2020-07-06/DO-40-2162,DO-40-2162,1
NV14-B7B8__2020-07-06__DO-40-2167,NV14-B7B8/2020-07-06/DO-40-2167,DO-40-2167,1
NV14-B7B8__2020-07-06__DO-AL-0172,NV14-B7B8/2020-07-06/DO-AL-0172,DO-AL-0172,1
NV14-B7B8__2020-07-07__DO-1D-3163,NV14-B7B8/2020-07-07/DO-1D-3163,DO-1D-3163,1
NV14-B7B8__2020-07-07__DO-1D-3169,NV14-B7B8/2020-07-07/DO-1D-3169,DO-1D-3169,1
NV14-B7B8__2020-07-07__DO-40-2172,NV14-B7B8/2020-07-07/DO-40-2172,DO-40-2172,1
NV14-B7B8__2020-07-07__DO-40-2175,NV14-B7B8/2020-07-07/DO-40-2175,DO-40-2175,1
NV14-B7B8__2020-07-08__DO-2D-4162,NV14-B7B8/2020-07-08/DO-2D-4162,DO-2D-4162,1
NV14-B7B8__2020-07-08__DO-2D-4167,NV14-B7B8/2020-07-08/DO-2D-4167,DO-2D-4167,1
NV14-B7B8__2020-07-08__DO-2D-4171,NV14-B7B8/2020-07-08/DO-2D-4171,DO-2D-4171,1
NV14-B7B8__2020-07-08__DO-2D-4174,NV14-B7B8/2020-07-08/DO-2D-4174,DO-2D-4174,1
NV14-B7B8__2020-07-09__DO-20-1097,NV14-B7B8/2020-07-09/DO-20-1097,DO-20-1097,1
NV14-B7B8__2020-07-09__DO-20-1109,NV14-B7B8/2020-07-09/DO-20-1109,DO-20-1109,1
NV14-B7B8__2020-07-09__DO-40-2101,NV14-B7B8/2020-07-09/DO-40-2101,DO-40-2101,1
NV14-B7B8__2020-07-09__DO-40-2111,NV14-B7B8/2020-07-09/DO-40-2111,DO-40-2111,1
NV14-B7B8__2020-07-10__DO-1D-3134,NV14-B7B8/2020-07-10/DO-1D-3134,DO-1D-3134,1
NV14-B7B8__2020-07-10__DO-20-1136,NV14-B7B8/2020-07-10/DO-20-1136,DO-20-1136,1
NV14-B7B8__2020-07-10__DO-40-2137,NV14-B7B8/2020-07-10/DO-40-2137,DO-40-2137,1
NV14-B7B8__2020-07-10__DO-AL-0141,NV14-B7B8/2020-07-10/DO-AL-0141,DO-AL-0141,1
NV14-B7B8__2020-07-21__DO-40-2070,NV14-B7B8/2020-07-21/DO-40-2070,DO-40-2070,1
NV14-B7B8__2020-07-28__DO-20-1179,NV14-B7B8/2020-07-28/DO-20-1179,DO-20-1179,1
NV14-B7B8__2020-07-28__DO-20-1186,NV14-B7B8/2020-07-28/DO-20-1186,DO-20-1186,1
NV14-B7B8__2020-07-28__DO-20-1189,NV14-B7B8/2020-07-28/DO-20-1189,DO-20-1189,1
NV14-B7B8__2020-07-28__DO-2D-4180,NV14-B7B8/2020-07-28/DO-2D-4180,DO-2D-4180,1
NV14-B7B8__2020-07-28__DO-AL-0180,NV14-B7B8/2020-07-28/DO-AL-0180,DO-AL-0180,1
NV14-B7B8__2020-07-29__DO-2D-4186,NV14-B7B8/2020-07-29/DO-2D-4186,DO-2D-4186,1
NV14-B7B8__2020-07-29__DO-2D-4192,NV14-B7B8/2020-07-29/DO-2D-4192,DO-2D-4192,1
NV14-B7B8__2020-07-29__DO-40-2178,NV14-B7B8/2020-07-29/DO-40-2178,DO-40-2178,1
NV14-B7B8__2020-07-29__DO-40-2181,NV14-B7B8/2020-07-29/DO-40-2181,DO-40-2181,1
NV14-B7B8__2020-07-29__DO-40-2183,NV14-B7B8/2020-07-29/DO-40-2183,DO-40-2183,1
NV14-B7B8__2020-07-30__DO-40-2088,NV14-B7B8/2020-07-30/DO-40-2088,DO-40-2088,1
NV14-B7B8__2020-07-30__DO-40-2186,NV14-B7B8/2020-07-30/DO-40-2186,DO-40-2186,1
NV14-B7B8__2020-07-30__DO-40-2192,NV14-B7B8/2020-07-30/DO-40-2192,DO-40-2192,1
NV14-B7B8__2020-08-05__DO-20-1151,NV14-B7B8/2020-08-05/DO-20-1151,DO-20-1151,1
NV14-B7B8__2020-08-05__DO-20-1156,NV14-B7B8/2020-08-05/DO-20-1156,DO-20-1156,1
NV14-B7B8__2020-08-05__DO-40-2145,NV14-B7B8/2020-08-05/DO-40-2145,DO-40-2145,1
NV14-B7B8__2020-08-05__DO-40-2149,NV14-B7B8/2020-08-05/DO-40-2149,DO-40-2149,1
NV14-B7B8__2020-08-05__DO-40-2151,NV14-B7B8/2020-08-05/DO-40-2151,DO-40-2151,1
NV14-B7B8__2020-08-06__DO-1D-3145,NV14-B7B8/2020-08-06/DO-1D-3145,DO-1D-3145,1
NV14-B7B8__2020-08-06__DO-40-2153,NV14-B7B8/2020-08-06/DO-40-2153,DO-40-2153,1
NV14-B7B8__2020-08-06__DO-40-2157,NV14-B7B8/2020-08-06/DO-40-2157,DO-40-2157,1
NV14-B7B8__2020-08-06__DO-40-2159,NV14-B7B8/2020-08-06/DO-40-2159,DO-40-2159,1
NV14-B7B8__2020-08-13__DO-20-1127,NV14-B7B8/2020-08-13/DO-20-1127,DO-20-1127,1
NV14-B7B8__2020-08-13__DO-40-2116,NV14-B7B8/2020-08-13/DO-40-2116,DO-40-2116,1
NV14-B7B8__2020-08-13__DO-40-2118,NV14-B7B8/2020-08-13/DO-40-2118,DO-40-2118,1
NV14-B7B8__2020-08-13__DO-AL-0118,NV14-B7B8/2020-08-13/DO-AL-0118,DO-AL-0118,1
NV14-B7B8__2020-09-21__DO-20-1101,NV14-B7B8/2020-09-21/DO-20-1101,DO-20-1101,1
NV14-B7B8__2020-09-21__DO-40-2099,NV14-B7B8/2020-09-21/DO-40-2099,DO-40-2099,1
NV14-B7B8__2020-09-21__DO-40-2111,NV14-B7B8/2020-09-21/DO-40-2111,DO-40-2111,1
NV14-B7B8__2020-09-28__DO-20-1168,NV14-B7B8/2020-09-28/DO-20-1168,DO-20-1168,1
NV14-B7B8__2020-09-29__DO-2D-4165,NV14-B7B8/2020-09-29/DO-2D-4165,DO-2D-4165,1
NV14-B7B8__2020-09-29__DO-2D-4171,NV14-B7B8/2020-09-29/DO-2D-4171,DO-2D-4171,1
NV14-B7B8__2020-09-29__DO-40-2172,NV14-B7B8/2020-09-29/DO-40-2172,DO-40-2172,1
NV14-B7B8__2020-10-14__DO-40-2115,NV14-B7B8/2020-10-14/DO-40-2115,DO-40-2115,1
NV14-B7B8__2020-10-14__DO-40-2118,NV14-B7B8/2020-10-14/DO-40-2118,DO-40-2118,1
NV14-B7B8__2020-10-14__DO-AL-0118,NV14-B7B8/2020-10-14/DO-AL-0118,DO-AL-0118,1
NV14-B7B8__2020-10-26__DO-20-1136,NV14-B7B8/2020-10-26/DO-20-1136,DO-20-1136,1
NV14-B7B8__2020-10-26__DO-20-1178,NV14-B7B8/2020-10-26/DO-20-1178,DO-20-1178,1
NV14-B7B8__2020-10-26__DO-20-1186,NV14-B7B8/2020-10-26/DO-20-1186,DO-20-1186,1
NV14-B7B8__2020-10-26__DO-20-1190,NV14-B7B8/2020-10-26/DO-20-1190,DO-20-1190,1
NV14-B7B8__2020-10-27__DO-40-2181,NV14-B7B8/2020-10-27/DO-40-2181,DO-40-2181,1
NV14-B7B8__2020-10-27__DO-40-2182,NV14-B7B8/2020-10-27/DO-40-2182,DO-40-2182,1
NV14-B7B8__2020-10-27__DO-40-2184,NV14-B7B8/2020-10-27/DO-40-2184,DO-40-2184,1
NV14-B7B8__2020-10-28__DO-40-2186,NV14-B7B8/2020-10-28/DO-40-2186,DO-40-2186,1
NV14-B7B8__2020-10-28__DO-40-2192,NV14-B7B8/2020-10-28/DO-40-2192,DO-40-2192,1
NV14-B7B8__2020-12-28__DO-20-1136,NV14-B7B8/2020-12-28/DO-20-1136,DO-20-1136,1
NV14-B7B8__2021-01-11__DO-2D-4171,NV14-B7B8/2021-01-11/DO-2D-4171,DO-2D-4171,1
NV14-B7B8__2021-01-18__DO-20-1151,NV14-B7B8/2021-01-18/DO-20-1151,DO-20-1151,1
NV14-B7B8__2021-01-18__DO-40-2146,NV14-B7B8/2021-01-18/DO-40-2146,DO-40-2146,1
NV14-B7B8__2021-01-18__DO-40-2156,NV14-B7B8/2021-01-18/DO-40-2156,DO-40-2156,1
NV14-B7B8__2021-01-25__DO-40-2099,NV14-B7B8/2021-01-25/DO-40-2099,DO-40-2099,1
NV14-B7B8__2021-01-25__DO-40-2115,NV14-B7B8/2021-01-25/DO-40-2115,DO-40-2115,1
NV14-B7B8__2021-01-25__DO-40-2118,NV14-B7B8/2021-01-25/DO-40-2118,DO-40-2118,1
NV14-B7B8__2021-02-03__DO-20-1186,NV14-B7B8/2021-02-03/DO-20-1186,DO-20-1186,1
NV14-B7B8__2021-02-03__DO-40-2187,NV14-B7B8/2021-02-03/DO-40-2187,DO-40-2187,1
NV14-B7B8__2021-02-04__DO-40-2179,NV14-B7B8/2021-02-04/DO-40-2179,DO-40-2179,1
NV14-B7B8__2021-02-04__DO-40-2183,NV14-B7B8/2021-02-04/DO-40-2183,DO-40-2183,1
NV15-B7B8__2019-12-23__DO-40-2024,NV15-B7B8/2019-12-23/DO-40-2024,DO-40-2024,1
NV15-B7B8__2019-12-24__DO-20-1056,NV15-B7B8/2019-12-24/DO-20-1056,DO-20-1056,1
NV15-B7B8__2019-12-24__DO-40-2056,NV15-B7B8/2019-12-24/DO-40-2056,DO-40-2056,1
NV15-B7B8__2019-12-24__DO-40-2061,NV15-B7B8/2019-12-24/DO-40-2061,DO-40-2061,1
NV15-B7B8__2019-12-30__DO-1D-3110,NV15-B7B8/2019-12-30/DO-1D-3110,DO-1D-3110,1
NV15-B7B8__2019-12-30__DO-1D-3112,NV15-B7B8/2019-12-30/DO-1D-3112,DO-1D-3112,1
NV15-B7B8__2019-12-30__DO-2D-4099,NV15-B7B8/2019-12-30/DO-2D-4099,DO-2D-4099,1
NV15-B7B8__2019-12-30__DO-AL-0102,NV15-B7B8/2019-12-30/DO-AL-0102,DO-AL-0102,1
NV15-B7B8__2020-01-02__DO-40-2099,NV15-B7B8/2020-01-02/DO-40-2099,DO-40-2099,1
NV15-B7B8__2020-01-02__DO-40-2108,NV15-B7B8/2020-01-02/DO-40-2108,DO-40-2108,1
NV15-B7B8__2020-01-03__DO-40-2102,NV15-B7B8/2020-01-03/DO-40-2102,DO-40-2102,1
NV15-B7B8__2020-01-06__DO-1D-3163,NV15-B7B8/2020-01-06/DO-1D-3163,DO-1D-3163,1
NV15-B7B8__2020-01-06__DO-1D-3168,NV15-B7B8/2020-01-06/DO-1D-3168,DO-1D-3168,1
NV15-B7B8__2020-01-06__DO-2D-4164,NV15-B7B8/2020-01-06/DO-2D-4164,DO-2D-4164,1
NV15-B7B8__2020-01-06__DO-2D-4167,NV15-B7B8/2020-01-06/DO-2D-4167,DO-2D-4167,1
NV15-B7B8__2020-01-06__DO-2D-4171,NV15-B7B8/2020-01-06/DO-2D-4171,DO-2D-4171,1
NV15-B7B8__2020-01-06__DO-2D-4174,NV15-B7B8/2020-01-06/DO-2D-4174,DO-2D-4174,1
NV15-B7B8__2020-01-07__DO-1D-3170,NV15-B7B8/2020-01-07/DO-1D-3170,DO-1D-3170,1
NV15-B7B8__2020-01-07__DO-1D-3174,NV15-B7B8/2020-01-07/DO-1D-3174,DO-1D-3174,1
NV15-B7B8__2020-01-07__DO-40-2164,NV15-B7B8/2020-01-07/DO-40-2164,DO-40-2164,1
NV15-B7B8__2020-01-07__DO-40-2168,NV15-B7B8/2020-01-07/DO-40-2168,DO-40-2168,1
NV15-B7B8__2020-01-07__DO-40-2171,NV15-B7B8/2020-01-07/DO-40-2171,DO-40-2171,1
NV15-B7B8__2020-01-07__DO-40-2174,NV15-B7B8/2020-01-07/DO-40-2174,DO-40-2174,1
NV15-B7B8__2020-01-07__DO-40-2176,NV15-B7B8/2020-01-07/DO-40-2176,DO-40-2176,1
NV15-B7B8__2020-01-08__DO-20-1164,NV15-B7B8/2020-01-08/DO-20-1164,DO-20-1164,1
NV15-B7B8__2020-01-08__DO-20-1168,NV15-B7B8/2020-01-08/DO-20-1168,DO-20-1168,1
NV15-B7B8__2020-01-08__DO-20-1171,NV15-B7B8/2020-01-08/DO-20-1171,DO-20-1171,1
NV15-B7B8__2020-01-08__DO-20-1174,NV15-B7B8/2020-01-08/DO-20-1174,DO-20-1174,1
NV15-B7B8__2020-01-08__DO-20-1176,NV15-B7B8/2020-01-08/DO-20-1176,DO-20-1176,1
NV15-B7B8__2020-01-08__DO-AL-0173,NV15-B7B8/2020-01-08/DO-AL-0173,DO-AL-0173,1
NV15-B7B8__2020-01-08__DO-AL-0176,NV15-B7B8/2020-01-08/DO-AL-0176,DO-AL-0176,1
NV15-B7B8__2020-01-13__DO-AL-0162,NV15-B7B8/2020-01-13/DO-AL-0162,DO-AL-0162,1
NV15-B7B8__2020-01-20__DO-20-1066,NV15-B7B8/2020-01-20/DO-20-1066,DO-20-1066,1
NV15-B7B8__2020-01-20__DO-20-1071,NV15-B7B8/2020-01-20/DO-20-1071,DO-20-1071,1
NV15-B7B8__2020-01-21__DO-40-2073,NV15-B7B8/2020-01-21/DO-40-2073,DO-40-2073,1
NV15-B7B8__2020-01-27__DO-1D-3092,NV15-B7B8/2020-01-27/DO-1D-3092,DO-1D-3092,1
NV15-B7B8__2020-01-27__DO-2D-4084,NV15-B7B8/2020-01-27/DO-2D-4084,DO-2D-4084,1
NV15-B7B8__2020-01-27__DO-40-2087,NV15-B7B8/2020-01-27/DO-40-2087,DO-40-2087,1
NV15-B7B8__2020-01-28__DO-20-1116,NV15-B7B8/2020-01-28/DO-20-1116,DO-20-1116,1
NV15-B7B8__2020-01-28__DO-20-1123,NV15-B7B8/2020-01-28/DO-20-1123,DO-20-1123,1
NV15-B7B8__2020-01-28__DO-20-1127,NV15-B7B8/2020-01-28/DO-20-1127,DO-20-1127,1
NV15-B7B8__2020-01-28__DO-AL-0125,NV15-B7B8/2020-01-28/DO-AL-0125,DO-AL-0125,1
NV15-B7B8__2020-01-29__DO-40-2114,NV15-B7B8/2020-01-29/DO-40-2114,DO-40-2114,1
NV15-B7B8__2020-01-29__DO-40-2116,NV15-B7B8/2020-01-29/DO-40-2116,DO-40-2116,1
NV15-B7B8__2020-01-29__DO-40-2118,NV15-B7B8/2020-01-29/DO-40-2118,DO-40-2118,1
NV15-B7B8__2020-01-29__DO-40-2124,NV15-B7B8/2020-01-29/DO-40-2124,DO-40-2124,1
NV15-B7B8__2020-01-29__DO-40-2126,NV15-B7B8/2020-01-29/DO-40-2126,DO-40-2126,1
NV15-B7B8__2020-02-03__DO-1D-3114,NV15-B7B8/2020-02-03/DO-1D-3114,DO-1D-3114,1
NV15-B7B8__2020-02-03__DO-1D-3123,NV15-B7B8/2020-02-03/DO-1D-3123,DO-1D-3123,1
NV15-B7B8__2020-02-03__DO-2D-4113,NV15-B7B8/2020-02-03/DO-2D-4113,DO-2D-4113,1
NV15-B7B8__2020-02-03__DO-2D-4119,NV15-B7B8/2020-02-03/DO-2D-4119,DO-2D-4119,1
NV15-B7B8__2020-02-03__DO-2D-4128,NV15-B7B8/2020-02-03/DO-2D-4128,DO-2D-4128,1
NV15-B7B8__2020-02-04__DO-20-1178,NV15-B7B8/2020-02-04/DO-20-1178,DO-20-1178,1
NV15-B7B8__2020-02-04__DO-AL-0180,NV15-B7B8/2020-02-04/DO-AL-0180,DO-AL-0180,1
NV15-B7B8__2020-02-04__DO-AL-0184,NV15-B7B8/2020-02-04/DO-AL-0184,DO-AL-0184,1
NV15-B7B8__2020-02-05__DO-40-2179,NV15-B7B8/2020-02-05/DO-40-2179,DO-40-2179,1
NV15-B7B8__2020-02-05__DO-40-2182,NV15-B7B8/2020-02-05/DO-40-2182,DO-40-2182,1
NV15-B7B8__2020-02-05__DO-40-2184,NV15-B7B8/2020-02-05/DO-40-2184,DO-40-2184,1
NV15-B7B8__2020-02-05__DO-40-2187,NV15-B7B8/2020-02-05/DO-40-2187,DO-40-2187,1
NV15-B7B8__2020-02-05__DO-40-2192,NV15-B7B8/2020-02-05/DO-40-2192,DO-40-2192,1
NV15-B7B8__2020-02-11__DO-1D-3178,NV15-B7B8/2020-02-11/DO-1D-3178,DO-1D-3178,1
NV15-B7B8__2020-02-11__DO-1D-3182,NV15-B7B8/2020-02-11/DO-1D-3182,DO-1D-3182,1
NV15-B7B8__2020-02-11__DO-20-1186,NV15-B7B8/2020-02-11/DO-20-1186,DO-20-1186,1
NV15-B7B8__2020-02-11__DO-20-1188,NV15-B7B8/2020-02-11/DO-20-1188,DO-20-1188,1
NV15-B7B8__2020-02-11__DO-20-1190,NV15-B7B8/2020-02-11/DO-20-1190,DO-20-1190,1
NV15-B7B8__2020-02-12__DO-1D-3188,NV15-B7B8/2020-02-12/DO-1D-3188,DO-1D-3188,1
NV15-B7B8__2020-02-12__DO-1D-3190,NV15-B7B8/2020-02-12/DO-1D-3190,DO-1D-3190,1
NV15-B7B8__2020-02-12__DO-20-1191,NV15-B7B8/2020-02-12/DO-20-1191,DO-20-1191,1
NV15-B7B8__2020-02-12__DO-2D-4178,NV15-B7B8/2020-02-12/DO-2D-4178,DO-2D-4178,1
NV15-B7B8__2020-02-12__DO-2D-4184,NV15-B7B8/2020-02-12/DO-2D-4184,DO-2D-4184,1
NV15-B7B8__2020-02-12__DO-2D-4190,NV15-B7B8/2020-02-12/DO-2D-4190,DO-2D-4190,1
NV15-B7B8__2020-03-23__DO-20-1069,NV15-B7B8/2020-03-23/DO-20-1069,DO-20-1069,1
NV15-B7B8__2020-03-23__DO-40-2070,NV15-B7B8/2020-03-23/DO-40-2070,DO-40-2070,1
NV15-B7B8__2020-03-23__DO-40-2077,NV15-B7B8/2020-03-23/DO-40-2077,DO-40-2077,1
NV15-B7B8__2020-03-30__DO-1D-3111,NV15-B7B8/2020-03-30/DO-1D-3111,DO-1D-3111,1
NV15-B7B8__2020-03-30__DO-20-1101,NV15-B7B8/2020-03-30/DO-20-1101,DO-20-1101,1
NV15-B7B8__2020-03-30__DO-40-2099,NV15-B7B8/2020-03-30/DO-40-2099,DO-40-2099,1
NV15-B7B8__2020-03-30__DO-40-2107,NV15-B7B8/2020-03-30/DO-40-2107,DO-40-2107,1
NV15-B7B8__2020-04-01__DO-40-2087,NV15-B7B8/2020-04-01/DO-40-2087,DO-40-2087,1
NV15-B7B8__2020-04-07__DO-40-2056,NV15-B7B8/2020-04-07/DO-40-2056,DO-40-2056,1
NV15-B7B8__2020-04-07__DO-40-2061,NV15-B7B8/2020-04-07/DO-40-2061,DO-40-2061,1
NV15-B7B8__2020-04-13__DO-20-1135,NV15-B7B8/2020-04-13/DO-20-1135,DO-20-1135,1
NV15-B7B8__2020-04-13__DO-40-2130,NV15-B7B8/2020-04-13/DO-40-2130,DO-40-2130,1
NV15-B7B8__2020-04-13__DO-40-2135,NV15-B7B8/2020-04-13/DO-40-2135,DO-40-2135,1
NV15-B7B8__2020-04-13__DO-AL-0143,NV15-B7B8/2020-04-13/DO-AL-0143,DO-AL-0143,1
NV15-B7B8__2020-04-14__DO-1D-3135,NV15-B7B8/2020-04-14/DO-1D-3135,DO-1D-3135,1
NV15-B7B8__2020-04-14__DO-2D-4132,NV15-B7B8/2020-04-14/DO-2D-4132,DO-2D-4132,1
NV15-B7B8__2020-04-14__DO-40-2141,NV15-B7B8/2020-04-14/DO-40-2141,DO-40-2141,1
NV15-B7B8__2020-05-04__DO-20-1123,NV15-B7B8/2020-05-04/DO-20-1123,DO-20-1123,1
NV15-B7B8__2020-05-04__DO-20-1127,NV15-B7B8/2020-05-04/DO-20-1127,DO-20-1127,1
NV15-B7B8__2020-05-04__DO-2D-4114,NV15-B7B8/2020-05-04/DO-2D-4114,DO-2D-4114,1
NV15-B7B8__2020-05-04__DO-AL-0125,NV15-B7B8/2020-05-04/DO-AL-0125,DO-AL-0125,1
NV15-B7B8__2020-05-05__DO-40-2116,NV15-B7B8/2020-05-05/DO-40-2116,DO-40-2116,1
NV15-B7B8__2020-05-05__DO-40-2118,NV15-B7B8/2020-05-05/DO-40-2118,DO-40-2118,1
NV15-B7B8__2020-05-05__DO-40-2124,NV15-B7B8/2020-05-05/DO-40-2124,DO-40-2124,1
NV15-B7B8__2020-05-05__DO-40-2125,NV15-B7B8/2020-05-05/DO-40-2125,DO-40-2125,1
NV15-B7B8__2020-05-11__DO-20-1151,NV15-B7B8/2020-05-11/DO-20-1151,DO-20-1151,1
NV15-B7B8__2020-05-11__DO-20-1156,NV15-B7B8/2020-05-11/DO-20-1156,DO-20-1156,1
NV15-B7B8__2020-05-11__DO-20-1158,NV15-B7B8/2020-05-11/DO-20-1158,DO-20-1158,1
NV15-B7B8__2020-05-11__DO-2D-4158,NV15-B7B8/2020-05-11/DO-2D-4158,DO-2D-4158,1
NV15-B7B8__2020-05-11__DO-AL-0158,NV15-B7B8/2020-05-11/DO-AL-0158,DO-AL-0158,1
NV15-B7B8__2020-05-12__DO-2D-4148,NV15-B7B8/2020-05-12/DO-2D-4148,DO-2D-4148,1
NV15-B7B8__2020-05-12__DO-2D-4151,NV15-B7B8/2020-05-12/DO-2D-4151,DO-2D-4151,1
NV15-B7B8__2020-05-12__DO-40-2146,NV15-B7B8/2020-05-12/DO-40-2146,DO-40-2146,1
NV15-B7B8__2020-05-12__DO-40-2150,NV15-B7B8/2020-05-12/DO-40-2150,DO-40-2150,1
NV15-B7B8__2020-05-12__DO-40-2152,NV15-B7B8/2020-05-12/DO-40-2152,DO-40-2152,1
NV15-B7B8__2020-05-13__DO-40-2156,NV15-B7B8/2020-05-13/DO-40-2156,DO-40-2156,1
NV15-B7B8__2020-05-13__DO-40-2158,NV15-B7B8/2020-05-13/DO-40-2158,DO-40-2158,1
NV15-B7B8__2020-05-13__DO-40-2160,NV15-B7B8/2020-05-13/DO-40-2160,DO-40-2160,1
NV15-B7B8__2020-07-06__DO-20-1170,NV15-B7B8/2020-07-06/DO-20-1170,DO-20-1170,1
NV15-B7B8__2020-07-06__DO-40-2164,NV15-B7B8/2020-07-06/DO-40-2164,DO-40-2164,1
NV15-B7B8__2020-07-06__DO-40-2168,NV15-B7B8/2020-07-06/DO-40-2168,DO-40-2168,1
NV15-B7B8__2020-07-06__DO-AL-0176,NV15-B7B8/2020-07-06/DO-AL-0176,DO-AL-0176,1
NV15-B7B8__2020-07-07__DO-1D-3168,NV15-B7B8/2020-07-07/DO-1D-3168,DO-1D-3168,1
NV15-B7B8__2020-07-07__DO-1D-3170,NV15-B7B8/2020-07-07/DO-1D-3170,DO-1D-3170,1
NV15-B7B8__2020-07-07__DO-40-2174,NV15-B7B8/2020-07-07/DO-40-2174,DO-40-2174,1
NV15-B7B8__2020-07-07__DO-40-2176,NV15-B7B8/2020-07-07/DO-40-2176,DO-40-2176,1
NV15-B7B8__2020-07-08__DO-2D-4165,NV15-B7B8/2020-07-08/DO-2D-4165,DO-2D-4165,1
NV15-B7B8__2020-07-08__DO-2D-4168,NV15-B7B8/2020-07-08/DO-2D-4168,DO-2D-4168,1
NV15-B7B8__2020-07-08__DO-2D-4172,NV15-B7B8/2020-07-08/DO-2D-4172,DO-2D-4172,1
NV15-B7B8__2020-07-09__DO-20-1101,NV15-B7B8/2020-07-09/DO-20-1101,DO-20-1101,1
NV15-B7B8__2020-07-09__DO-40-2099,NV15-B7B8/2020-07-09/DO-40-2099,DO-40-2099,1
NV15-B7B8__2020-07-09__DO-40-2107,NV15-B7B8/2020-07-09/DO-40-2107,DO-40-2107,1
NV15-B7B8__2020-07-10__DO-20-1129,NV15-B7B8/2020-07-10/DO-20-1129,DO-20-1129,1
NV15-B7B8__2020-07-10__DO-40-2135,NV15-B7B8/2020-07-10/DO-40-2135,DO-40-2135,1
NV15-B7B8__2020-07-10__DO-40-2141,NV15-B7B8/2020-07-10/DO-40-2141,DO-40-2141,1
NV15-B7B8__2020-07-28__DO-20-1178,NV15-B7B8/2020-07-28/DO-20-1178,DO-20-1178,1
NV15-B7B8__2020-07-28__DO-20-1183,NV15-B7B8/2020-07-28/DO-20-1183,DO-20-1183,1
NV15-B7B8__2020-07-28__DO-20-1187,NV15-B7B8/2020-07-28/DO-20-1187,DO-20-1187,1
NV15-B7B8__2020-07-28__DO-20-1190,NV15-B7B8/2020-07-28/DO-20-1190,DO-20-1190,1
NV15-B7B8__2020-07-28__DO-2D-4184,NV15-B7B8/2020-07-28/DO-2D-4184,DO-2D-4184,1
NV15-B7B8__2020-07-29__DO-1D-3188,NV15-B7B8/2020-07-29/DO-1D-3188,DO-1D-3188,1
NV15-B7B8__2020-07-29__DO-2D-4190,NV15-B7B8/2020-07-29/DO-2D-4190,DO-2D-4190,1
NV15-B7B8__2020-07-29__DO-40-2179,NV15-B7B8/2020-07-29/DO-40-2179,DO-40-2179,1
NV15-B7B8__2020-07-29__DO-40-2182,NV15-B7B8/2020-07-29/DO-40-2182,DO-40-2182,1
NV15-B7B8__2020-07-29__DO-40-2184,NV15-B7B8/2020-07-29/DO-40-2184,DO-40-2184,1
NV15-B7B8__2020-07-30__DO-40-2081,NV15-B7B8/2020-07-30/DO-40-2081,DO-40-2081,1
NV15-B7B8__2020-07-30__DO-40-2187,NV15-B7B8/2020-07-30/DO-40-2187,DO-40-2187,1
NV15-B7B8__2020-08-05__DO-20-1152,NV15-B7B8/2020-08-05/DO-20-1152,DO-20-1152,1
NV15-B7B8__2020-08-05__DO-20-1157,NV15-B7B8/2020-08-05/DO-20-1157,DO-20-1157,1
NV15-B7B8__2020-08-05__DO-40-2146,NV15-B7B8/2020-08-05/DO-40-2146,DO-40-2146,1
NV15-B7B8__2020-08-05__DO-40-2150,NV15-B7B8/2020-08-05/DO-40-2150,DO-40-2150,1
NV15-B7B8__2020-08-05__DO-40-2152,NV15-B7B8/2020-08-05/DO-40-2152,DO-40-2152,1
NV15-B7B8__2020-08-06__DO-40-2156,NV15-B7B8/2020-08-06/DO-40-2156,DO-40-2156,1
NV15-B7B8__2020-08-06__DO-40-2158,NV15-B7B8/2020-08-06/DO-40-2158,DO-40-2158,1
NV15-B7B8__2020-08-06__DO-40-2160,NV15-B7B8/2020-08-06/DO-40-2160,DO-40-2160,1
NV15-B7B8__2020-08-13__DO-20-1123,NV15-B7B8/2020-08-13/DO-20-1123,DO-20-1123,1
NV15-B7B8__2020-08-13__DO-40-2115,NV15-B7B8/2020-08-13/DO-40-2115,DO-40-2115,1
NV15-B7B8__2020-08-13__DO-40-2117,NV15-B7B8/2020-08-13/DO-40-2117,DO-40-2117,1
NV15-B7B8__2020-08-13__DO-40-2126,NV15-B7B8/2020-08-13/DO-40-2126,DO-40-2126,1
NV15-B7B8__2020-09-21__DO-40-2107,NV15-B7B8/2020-09-21/DO-40-2107,DO-40-2107,1
NV15-B7B8__2020-09-28__DO-20-1170,NV15-B7B8/2020-09-28/DO-20-1170,DO-20-1170,1
NV15-B7B8__2020-09-28__DO-40-2164,NV15-B7B8/2020-09-28/DO-40-2164,DO-40-2164,1
NV15-B7B8__2020-09-28__DO-40-2168,NV15-B7B8/2020-09-28/DO-40-2168,DO-40-2168,1
NV15-B7B8__2020-09-29__DO-2D-4167,NV15-B7B8/2020-09-29/DO-2D-4167,DO-2D-4167,1
NV15-B7B8__2020-09-29__DO-2D-4172,NV15-B7B8/2020-09-29/DO-2D-4172,DO-2D-4172,1
NV15-B7B8__2020-09-29__DO-40-2176,NV15-B7B8/2020-09-29/DO-40-2176,DO-40-2176,1
NV15-B7B8__2020-10-14__DO-40-2117,NV15-B7B8/2020-10-14/DO-40-2117,DO-40-2117,1
NV15-B7B8__2020-10-14__DO-40-2126,NV15-B7B8/2020-10-14/DO-40-2126,DO-40-2126,1
NV15-B7B8__2020-10-26__DO-20-1179,NV15-B7B8/2020-10-26/DO-20-1179,DO-20-1179,1
NV15-B7B8__2020-10-26__DO-20-1188,NV15-B7B8/2020-10-26/DO-20-1188,DO-20-1188,1
NV15-B7B8__2020-10-26__DO-2D-4186,NV15-B7B8/2020-10-26/DO-2D-4186,DO-2D-4186,1
NV15-B7B8__2020-10-26__DO-40-2141,NV15-B7B8/2020-10-26/DO-40-2141,DO-40-2141,1
NV15-B7B8__2020-10-27__DO-40-2181,NV15-B7B8/2020-10-27/DO-40-2181,DO-40-2181,1
NV15-B7B8__2020-10-27__DO-40-2183,NV15-B7B8/2020-10-27/DO-40-2183,DO-40-2183,1
NV15-B7B8__2020-10-28__DO-40-2187,NV15-B7B8/2020-10-28/DO-40-2187,DO-40-2187,1
NV15-B7B8__2020-12-28__DO-40-2141,NV15-B7B8/2020-12-28/DO-40-2141,DO-40-2141,1
NV15-B7B8__2021-01-11__DO-40-2164,NV15-B7B8/2021-01-11/DO-40-2164,DO-40-2164,1
NV15-B7B8__2021-01-11__DO-40-2168,NV15-B7B8/2021-01-11/DO-40-2168,DO-40-2168,1
NV15-B7B8__2021-01-18__DO-20-1152,NV15-B7B8/2021-01-18/DO-20-1152,DO-20-1152,1
NV15-B7B8__2021-01-18__DO-40-2153,NV15-B7B8/2021-01-18/DO-40-2153,DO-40-2153,1
NV15-B7B8__2021-01-18__DO-40-2159,NV15-B7B8/2021-01-18/DO-40-2159,DO-40-2159,1
NV15-B7B8__2021-01-25__DO-40-2107,NV15-B7B8/2021-01-25/DO-40-2107,DO-40-2107,1
NV15-B7B8__2021-01-25__DO-40-2117,NV15-B7B8/2021-01-25/DO-40-2117,DO-40-2117,1
NV15-B7B8__2021-01-25__DO-40-2126,NV15-B7B8/2021-01-25/DO-40-2126,DO-40-2126,1
NV15-B7B8__2021-02-03__DO-20-1188,NV15-B7B8/2021-02-03/DO-20-1188,DO-20-1188,1
NV15-B7B8__2021-02-03__DO-40-2192,NV15-B7B8/2021-02-03/DO-40-2192,DO-40-2192,1
