name,mouse_id,sex,batch,tester,age,fi,weight,diet,strain,fll,raw_fi,median_angular_velocity,median_base_tail_lateral_displacement,median_limb_duty_factor,median_nose_lateral_displacement,median_speed_cm_per_sec,median_step_length1,median_step_width,median_stride_length,median_tip_tail_lateral_displacement,stride_count,angular_velocity_iqr,base_tail_lateral_displacement_iqr,limb_duty_factor_iqr,nose_lateral_displacement_iqr,speed_cm_per_sec_iqr,step_length1_iqr,step_width_iqr,stride_length_iqr,tip_tail_lateral_displacement_iqr,median_length,median_width,dAC_mean,dAC_stdev,dAC_min,dAC_median,dB_mean,dB_stdev,dB_max,dB_median,aABC_mean,aABC_stdev,aABC_min,aABC_median,dAC_nongait_mean,dAC_nongait_stdev,dAC_nongait_median,dB_nongait_max,dB_nongait_median,aABC_nongait_mean,aABC_nongait_stdev,aABC_nongait_median,distance_cm,center_time_secs,periphery_time_secs,corner_time_secs,center_distance_cm,periphery_distance_cm,corner_distance_cm,grooming_number_bouts,grooming_duration_secs,Rearing_supported_T5,Rearing_supported_T20,Rearing_supported_T55,Rearing_unsupported_T5,Rearing_unsupported_T20,Rearing_unsupported_T55,Grooming_T5,Grooming_T20,Grooming_T55
LL3-B6__2023-07-06_MFS__DO2279_DO_F_25083,DO-2279,Female,New,Sean Deats,25.2857142857143,,22.94,AL,DO,,1.0,-16.0625853219126,0.0934012587936756,0.45,0.0739088175172011,12.0605687930903,3.23373079299927,3.49202116695456,6.08491562399248,0.151875419685576,3,16.5138676514983,0.0106524081486169,0.0833333333333332,0.0313724849431996,4.38450796411522,0.423876400963138,0.318974927277818,0.497751827593511,0.0337403380131767,59.011547088623,31.9988708496094,0.675786121621352,0.140583047171087,0.05643326479831,0.688624586880291,3.12569093580843,1.85593666509939,23.032585612562,2.82842712474619,164.588573793177,14.790908769832,0.0,168.899429978495,0.590755638775864,0.117400940277977,0.553091912124588,24.6272207120495,11.0679718105893,154.163731975282,18.9937579576798,155.725558865561,16598.8681,389.43321,3210.5999,1987.13337,3422.01245,13176.8551,5033.4511,15.0,226.6,0.0321111111111111,0.0641666666666666,0.0798080808080808,0.0045555555555555,0.0025,0.0102121212121212,0.0025555555555555,0.0106666666666666,0.0336060606060606
LL3-B6__2023-07-06_MFS__DO2343_DO_M_25058,DO-2343,Male,New,Sean Deats,25.2857142857143,,29.67,AL,DO,,3.5,0.0106970556081067,0.129680604397159,0.5625,0.13037367340643,15.7965812526229,3.20279901940161,2.56753989224248,5.97068542322685,0.244204021477802,44,14.2922941777737,0.0646512739008709,0.0472222222222221,0.0539708945525997,6.27092781119855,1.11058780885288,0.36196702354332,0.675079121347963,0.162699003433468,56.9309253692627,33.2312107086182,0.560740625572303,0.138532400461914,0.0,0.548529813002185,3.63846561081922,2.88089136094681,24.0260275534679,3.04138126514911,158.797777931141,23.1894095475973,0.0,164.983954911178,0.708355924999329,0.107971688535029,0.698217510742671,30.2200264725232,14.2126704035519,145.272682426099,22.9238066637331,147.890480629751,23733.48,361.925662,3238.0745,1790.2591,3106.25172,20627.232,8483.3426,0.0,0.0,0.148444444444444,0.162388888888889,0.112212121212121,0.0216666666666666,0.0265833333333333,0.0217171717171717,0.0,0.0039722222222222,0.134424242424242
LL3-B6__2023-07-06_MFS__DO2342_DO_M_25057,DO-2342,Male,New,Sean Deats,25.2857142857143,,44.61,AL,DO,,2.0,-2.38642856691237,0.105197624798407,0.5625,0.0975451502310482,12.9372172867872,3.55771029184458,3.1044008731842,5.93602523639278,0.343513668520563,7,19.7481793951526,0.0341011024555119,0.199305555555556,0.0301480670767447,6.3503603670071,1.24258250589047,0.153625170516665,0.906940091079838,0.171442506340452,68.7176666259766,34.0998096466064,0.664916075420667,0.135295772797471,0.1076164102703,0.686490704780885,4.0875043417831,3.30013721138913,26.0,3.20156211871642,160.120483509587,21.437433303079,0.213789229876531,166.429565614839,0.0960897597390945,0.0293462816204027,0.0971644070339264,29.0903764155777,11.2361025271221,150.540011982651,27.2405842856106,158.157781560782,15241.8329,793.366774,2806.6332,1013.533436,3712.36566,11529.4676,3571.76387,18.0,512.03333,0.0288888888888888,0.073,0.0907575757575757,0.0045555555555555,0.0108611111111111,0.0262828282828282,0.0305555555555555,0.0505833333333333,0.0475454545454545
LL3-B6__2023-07-06_MFS__DO2281_DO_F_25085,DO-2281,Female,New,Sean Deats,25.2857142857143,,33.24,AL,DO,,2.5,1.69135906477143,0.123253209532309,0.55,0.0567877188551721,18.2844075078368,2.78070894801199,2.82394716981906,6.09961106732057,0.213042463806395,77,10.9274285712173,0.0402969572454711,0.111111111111111,0.0372817593881854,7.82484113598227,1.42939776857826,0.304192863910538,0.892865413554958,0.123625392399113,64.9031372070312,32.5681915283203,0.658935261392658,0.139386526294236,0.130036415295138,0.673761244329207,3.91244730704919,2.59255047309122,22.1020361053003,3.35410196624968,160.448646789498,17.5286548279777,12.4259428654275,164.744881296942,0.146808726691395,0.0401060741705295,0.146974541242004,27.1016604657353,10.9658560997307,152.306134629261,28.335978787188,159.866594249366,31647.527,744.096631,2856.0,1120.1932,9144.2622,22503.263,6417.30455,8.0,132.48385,0.0544444444444444,0.0673888888888888,0.0712828282828282,0.0143333333333333,0.0459166666666666,0.0497676767676767,0.0135555555555555,0.0155555555555555,0.045040404040404
LL3-B6__2023-07-06_MFS__DO2282_DO_F_25086,DO-2282,Female,New,Sean Deats,25.2857142857143,,29.58,AL,DO,,1.0,0.335691624175972,0.124338674889362,0.5,0.0804947660167557,16.5832771339148,2.88233363371481,2.91461169719696,6.29291161894798,0.221146693626803,14,10.9558719994459,0.0300904579017416,0.0593749999999999,0.0576793316015388,8.97387614559132,2.14590349961689,0.387093817472702,1.71049149205168,0.143003481807854,66.060302734375,32.3081588745117,0.710316855068367,0.138507915011293,0.115880699560178,0.730834411269054,4.25936665343698,2.77486206167835,21.6448608219134,3.64005494464026,158.227314945107,19.710470486019,20.8612846545244,163.203480821888,0.692688732441594,0.131120158212549,0.701542674392504,31.7647603485372,11.5433963806152,155.984770745016,22.6843284698452,161.774924888646,23151.921,302.551768,3297.4482,1979.58632,2407.30965,20744.609,10342.7693,1.0,5.2069,0.0323333333333333,0.0231111111111111,0.0254545454545454,0.0012222222222222,0.0011666666666666,0.0015757575757575,0.0127777777777777,0.0949444444444444,0.0614242424242424
LL3-B6__2023-07-10_MFS__DO2299_DO_F_25103,DO-2299,Female,New,Sean Deats,25.8571428571429,,24.14,AL,DO,,1.5,-0.613637933576789,0.142793711012814,0.5625,0.0769133907770526,19.972568875789,2.69861532267118,3.1149102343444,5.46156018622275,0.265649624591681,80,16.1783732531567,0.0433133864414907,0.111111111111111,0.0390572598911278,10.7685877374764,1.37717828291156,0.311992120228406,0.9966332626563,0.199470449162042,52.8833465576172,32.8805770874023,0.523975088615005,0.131597323009436,0.0223578852139952,0.46281362435356,3.57858666672241,1.77433109667561,21.5232432500309,3.35410196624968,158.995627063535,15.5975350565763,0.720663622517801,160.140582903516,0.684829936181293,0.132719671516982,0.692507607903054,33.2453004197586,11.6619037896906,151.740755364297,24.7441860917459,156.829468142049,1895.535,31.5667,148.4333,51.9666,537.255,1358.28,457.559,0.0,0.0,0.0352222222222222,0.0591111111111111,0.0446262626262626,0.001,0.0020833333333333,0.0024545454545454,0.027,0.0566666666666666,0.0532828282828282
LL3-B6__2023-07-10_MFS__DO2301_DO_F_25105,DO-2301,Female,New,Sean Deats,25.8571428571429,,24.669,AL,DO,,4.5,-1.67627140414388,0.100275835816315,0.454545454545454,0.054023368083522,15.0435169031394,2.79970825429809,2.98643301409703,5.14215052127838,0.218980316379141,89,11.1176690295425,0.050535834412677,0.196428571428571,0.035201378972628,6.32006243094075,2.32859859265461,0.480966516562404,4.39221650158854,0.189233245394167,55.2895393371582,32.7332572937012,0.109553602175889,0.0262889623179633,0.0070744289640867,0.108125420467269,3.55783670785825,2.74379852660084,165.807870742013,2.91547594742265,159.465962212856,21.9224045678104,1.00508600525414,165.963756532074,0.671524103124587,0.112543795361364,0.674538652331879,30.1039864469807,11.5,155.151514806442,20.7705528544774,160.0168934781,23990.2147,103.90326,3496.0968,2887.3873,1145.4224,22844.7937,17052.5172,2.0,23.7419,0.119,0.107916666666667,0.0754747474747474,0.0071111111111111,0.0075555555555555,0.0075050505050505,0.0133333333333333,0.0041944444444444,0.106010101010101
LL3-B6__2023-07-10_MFS__DO2300_DO_F_25104,DO-2300,Female,New,Sean Deats,25.8571428571429,,38.26,AL,DO,,2.0,0.672243729767251,0.123164880831623,0.555555555555556,0.0839116243012945,16.8386617093569,2.5870007276535,3.09916154849619,5.98514792833217,0.238546642823886,43,17.92411701216,0.0450509665265596,0.0703282828282828,0.0687715719900274,7.22279841920126,1.21029535608387,0.236043972036515,0.870899875481149,0.170180532554496,223.151947021484,36.7250881195068,0.573144135823171,0.107619392481144,0.19351799378818,0.570888911648809,3.71857255085973,2.36194410969781,20.1246117974981,3.20156211871642,162.832500784679,15.8182424065364,41.8201698801358,167.245941995044,0.633254674131111,0.153581781609162,0.652658341039466,34.0771184227775,11.2361025271221,148.217824810224,30.2785018651775,155.740915546917,15948.8043,332.866597,3267.1667,1976.40019,1897.047181,14051.7563,5995.6134,12.0,178.70011,0.0158888888888888,0.0340277777777777,0.0371111111111111,0.0047777777777777,0.0085277777777777,0.020080808080808,0.0,0.0061388888888888,0.0176666666666666
LL3-B6__2023-07-10_MFS__DO2323_DO_F_25127,DO-2323,Female,New,Sean Deats,25.8571428571429,,22.33,AL,DO,,2.5,1.7718707201892,0.162262805016335,0.6,0.0720349019484352,18.9112916787423,2.55762584924698,2.95586618026738,5.6552074849297,0.370775014176977,65,19.8447994117963,0.0534403527265374,0.0694444444444444,0.0572663194189162,9.68210570735775,1.28238254629348,0.330378631267605,1.13124876696804,0.175934396318819,57.2956466674805,32.37646484375,0.631828140271515,0.144209361646774,0.0,0.64048339408777,4.09283815313539,2.96311857701175,22.9836898691224,3.35410196624968,157.123970005685,23.9170025739135,0.0,164.585873991427,0.179606123310846,0.0283361481422474,0.1765137603982,24.0520269416114,11.629703349613,160.708971199539,14.4754809762531,163.100156130995,1860.14946,30.8,3569.2333,3495.6999,188.311,1671.83946,1182.82346,0.0,0.0,0.0185555555555555,0.0441388888888888,0.0537171717171717,0.0006666666666666,0.0058888888888888,0.006010101010101,0.0088888888888888,0.0236111111111111,0.118808080808081
LL3-B6__2023-07-10_MFS__DO2325_DO_F_25129,DO-2325,Female,New,Sean Deats,25.8571428571429,,21.24,AL,DO,,2.0,-0.724494402725867,0.105730737580156,0.5,0.0690319922990555,14.0984382653441,2.23491507391371,3.1264204324966,5.14939400103041,0.223405967208397,70,18.655156640725,0.0379076532231111,0.110763888888889,0.0442134784127096,5.95637186908307,1.43318787795009,0.335454867284402,3.04678176578847,0.163329162734099,61.2763786315918,30.4811611175537,0.594976051730277,0.0952037065679208,0.109231691185743,0.586889633315269,2.88810097423844,2.04559077548158,20.591260281974,2.5,165.4242021831,13.0714657187769,62.6410627334466,168.483437583772,0.643993919044769,0.139059325309028,0.657784453152267,31.5634282041733,12.2065556157337,151.236550331949,26.4109880188587,158.223419293177,16713.9276,211.099866,3388.9335,2125.733,1892.743899,14821.1866,5879.22,11.0,203.06666,0.044,0.0520833333333333,0.0497676767676767,0.0026666666666666,0.0108333333333333,0.0138989898989898,0.0001111111111111,0.0105555555555555,0.0269696969696969
LL3-B6__2023-07-10_MFS__DO2326_DO_F_25130,DO-2326,Female,New,Sean Deats,25.8571428571429,,34.03,AL,DO,,2.0,-0.115710637339035,0.160931164171544,0.5625,0.0784244811011805,17.8769747275444,3.3260677481823,2.93700513201236,6.52468748452839,0.286574539430219,52,14.7394664304735,0.0375440775728366,0.0499999999999999,0.0387874267414814,8.25953658081758,0.686237756008322,0.312684240672869,0.984360395061699,0.179860837057443,64.1413269042969,32.4730682373047,0.23719402244548,0.0584773045715901,0.0243957934946265,0.246598480958036,3.51954496987441,2.98962003214624,184.039397955981,2.82842712474619,160.896620564554,20.593681326699,3.75172907052594,167.660912721674,0.173438740013329,0.0342757516576103,0.176398487444069,30.0166620396073,10.3077640640442,157.439242290962,20.216926166212,162.624257610434,19940.6108,288.806313,3311.1934,2362.6125,2762.466899,17178.1428,9548.6631,0.0,0.0,0.0476666666666666,0.107083333333333,0.0389393939393939,0.0847777777777777,0.178083333333333,0.0647575757575757,0.199888888888889,0.0775277777777777,0.0281919191919191
LL3-B6__2023-07-10_MFS__DO2302_DO_F_25106,DO-2302,Female,New,Sean Deats,25.8571428571429,,25.51,AL,DO,,4.0,-1.49940834917403,0.140798312530715,0.559027777777778,0.0867798764465462,16.7662427010604,3.02385725631777,2.94402757010819,5.68599608228426,0.391369761703178,74,24.7319369322379,0.0565960008425308,0.111111111111111,0.0554211400042657,7.63963124638136,0.94334844149682,0.321670925708015,0.909666435426449,0.23763120375109,55.1682472229004,32.0827560424805,0.58888383131334,0.11190068829038,0.143682971781943,0.589548872701125,3.27484885618782,1.94611238088906,20.1556443707464,2.91547594742265,161.415380375535,14.8319566184142,15.9453959009229,164.744881296942,0.651897447742885,0.152846802329707,0.644003173028856,36.1005540123694,12.2576506721313,144.449641527737,28.1637618682072,150.708637829016,3077.975,0.566666,422.9,389.4,19.9312,3058.044,2619.488,0.0,0.0,0.124222222222222,0.0918333333333333,0.0629494949494949,0.0192222222222222,0.0115833333333333,0.0115757575757575,0.0126666666666666,0.0071666666666666,0.0685252525252525
LL6-B6__2023-07-06_MFS__DO2279_DO_F_25083,DO-2279,Female,New,Sean Deats,25.2857142857143,,22.94,AL,DO,,1.0,-16.0625853219126,0.0934012587936756,0.45,0.0739088175172011,12.0605687930903,3.23373079299927,3.49202116695456,6.08491562399248,0.151875419685576,3,16.5138676514983,0.0106524081486169,0.0833333333333332,0.0313724849431996,4.38450796411522,0.423876400963138,0.318974927277818,0.497751827593511,0.0337403380131767,59.011547088623,31.9988708496094,0.675786121621352,0.140583047171087,0.05643326479831,0.688624586880291,3.12569093580843,1.85593666509939,23.032585612562,2.82842712474619,164.588573793177,14.790908769832,0.0,168.899429978495,0.590755638775864,0.117400940277977,0.553091912124588,24.6272207120495,11.0679718105893,154.163731975282,18.9937579576798,155.725558865561,16598.8681,389.43321,3210.5999,1987.13337,3422.01245,13176.8551,5033.4511,15.0,226.6,0.0321111111111111,0.0641666666666666,0.0798080808080808,0.0045555555555555,0.0025,0.0102121212121212,0.0025555555555555,0.0106666666666666,0.0336060606060606
LL6-B6__2023-07-06_MFS__DO2352_DO_M_25067,DO-2352,Male,New,Sean Deats,25.2857142857143,,32.65,AL,DO,,3.5,-6.21766603337668,0.125133833686873,0.576923076923077,0.0824790860265874,14.3000158451383,3.68666648162877,3.27703687255891,6.58946607245952,0.260811872231435,11,9.9202135221301,0.0549337820489168,0.151515151515152,0.0441792148142165,5.48100977038165,2.52741355616891,0.373400562485368,2.13386045035847,0.114086181308343,60.0651397705078,32.0052299499512,0.628665838630435,0.117065880559294,0.115500858174564,0.637037232375181,3.40314931114342,2.3819585662998,25.4950975679639,2.91547594742265,163.032354541317,17.1391150375988,3.9451862290377,167.644640134917,0.623476886708601,0.120101694584519,0.603435077985623,29.6184064392398,11.8848643240047,148.498132160857,21.7287050906886,148.025101375107,22258.043,612.099959,2987.9,1219.23352,5002.349578,17255.694,4819.1655,27.0,176.79996,0.137444444444444,0.157305555555556,0.239484848484848,0.0067777777777777,0.0449722222222222,0.0577070707070707,0.0,0.0093611111111111,0.0195555555555555
LL6-B6__2023-07-06_MFS__DO2355_DO_M_25070,DO-2355,Male,New,Sean Deats,25.2857142857143,,48.16,AL,DO,,3.5,-1.8910370413788,0.100308189686353,0.388888888888889,0.0669223995245321,14.4054380682997,2.3890900693723,3.21640384197235,5.36485887355541,0.166891440093471,36,13.5805920642095,0.0379106835904625,0.2,0.0414583355863901,5.76295390544288,1.63451720422523,0.515358963575035,1.5369490032577,0.166714504083009,65.8532257080078,36.938102722168,0.664930874735861,0.103359561717516,0.251390186805899,0.648300103557686,6.87005476962464,3.06095179879185,21.3190056053278,7.10633520177595,146.663816707627,17.0904094317525,44.3598503304765,144.806972190443,0.154155021754825,0.0204941940685911,0.153618091558312,29.567718883945,10.295630140987,155.430799908521,18.5051949787521,159.080596347853,7058.05573,53.7666,3546.2668,2799.3667,217.36217,6840.69473,3139.55223,15.0,147.33334,0.0305555555555555,0.0325555555555555,0.0171515151515151,0.0042222222222222,0.0059444444444444,0.0025959595959595,0.0547777777777777,0.0387777777777777,0.0428080808080808
LL6-B6__2023-07-06_MFS__DO2353_DO_M_25068,DO-2353,Male,New,Sean Deats,25.2857142857143,,29.06,AL,DO,,4.5,-3.71989068609326,0.121253103055929,0.590909090909091,0.0736619854257831,15.4689958299251,3.06309820689787,2.93571037976782,6.48047787253859,0.390222702173896,31,14.617931542768,0.0274061305424331,0.165909090909091,0.0541869307695499,7.2917788359658,0.991628680717589,0.451248665900829,0.773054916218426,0.222961454293736,59.0549468994141,32.4991455078125,0.57552703251855,0.142238929968975,0.0,0.578836372727002,3.70049120552508,2.69371189651411,23.5053185470863,3.04138126514911,158.17548297717,22.7711896147463,0.0,164.87220504183,0.218040613030667,0.0471291578196893,0.219076876502075,33.0151480384384,11.2361025271221,152.684248947549,26.1200822703061,159.389681658277,8903.13923,198.19997,3401.8666,2718.6001,1539.282633,7363.85933,2932.37463,9.0,195.86667,0.0987777777777777,0.14675,0.118727272727273,0.0026666666666666,0.0117222222222222,0.0297070707070707,0.0093333333333333,0.0162777777777777,0.0641212121212121
LL6-B6__2023-07-06_MFS__DO2354_DO_M_25069,DO-2354,Male,New,Sean Deats,25.2857142857143,,43.52,AL,DO,,2.5,2.87661026861736,0.113024088108166,0.625,0.102982777493558,22.8540737573112,2.46716662373707,3.285889507023,4.79886594499251,0.323285708466007,28,18.0540127413084,0.0446162011486759,0.0952380952380953,0.0852890607947639,8.96785563776402,1.19904026650757,0.493461507359086,1.29471073216759,0.251927790853318,66.2090454101562,36.9128494262695,0.631884470323683,0.125582117553352,0.0297712677705622,0.640082257067088,3.95024376486459,2.75212103308843,24.8243831746128,3.35410196624968,161.487104302454,18.3099310613787,1.21887523513103,166.452061012,0.109502578142611,0.0250888896868444,0.103674833118896,28.8877136513086,11.4017542509914,155.552673319349,18.0673480532188,159.996389203831,12446.5539,63.793117,3536.2758,2083.6552,526.59453,11919.9579,5104.7383,16.0,306.44818,0.113666666666667,0.124361111111111,0.157151515151515,0.0118888888888888,0.0293055555555555,0.0538787878787878,0.017,0.02275,0.051060606060606
LL6-B6__2023-07-06_MFS__DO2281_DO_F_25085,DO-2281,Female,New,Sean Deats,25.2857142857143,,33.24,AL,DO,,2.5,1.69135906477143,0.123253209532309,0.55,0.0567877188551721,18.2844075078368,2.78070894801199,2.82394716981906,6.09961106732057,0.213042463806395,77,10.9274285712173,0.0402969572454711,0.111111111111111,0.0372817593881854,7.82484113598227,1.42939776857826,0.304192863910538,0.892865413554958,0.123625392399113,64.9031372070312,32.5681915283203,0.658935261392658,0.139386526294236,0.130036415295138,0.673761244329207,3.91244730704919,2.59255047309122,22.1020361053003,3.35410196624968,160.448646789498,17.5286548279777,12.4259428654275,164.744881296942,0.146808726691395,0.0401060741705295,0.146974541242004,27.1016604657353,10.9658560997307,152.306134629261,28.335978787188,159.866594249366,31647.527,744.096631,2856.0,1120.1932,9144.2622,22503.263,6417.30455,8.0,132.48385,0.0544444444444444,0.0673888888888888,0.0712828282828282,0.0143333333333333,0.0459166666666666,0.0497676767676767,0.0135555555555555,0.0155555555555555,0.045040404040404
LL6-B6__2023-07-06_MFS__DO2282_DO_F_25086,DO-2282,Female,New,Sean Deats,25.2857142857143,,29.58,AL,DO,,1.0,0.335691624175972,0.124338674889362,0.5,0.0804947660167557,16.5832771339148,2.88233363371481,2.91461169719696,6.29291161894798,0.221146693626803,14,10.9558719994459,0.0300904579017416,0.0593749999999999,0.0576793316015388,8.97387614559132,2.14590349961689,0.387093817472702,1.71049149205168,0.143003481807854,66.060302734375,32.3081588745117,0.710316855068367,0.138507915011293,0.115880699560178,0.730834411269054,4.25936665343698,2.77486206167835,21.6448608219134,3.64005494464026,158.227314945107,19.710470486019,20.8612846545244,163.203480821888,0.692688732441594,0.131120158212549,0.701542674392504,31.7647603485372,11.5433963806152,155.984770745016,22.6843284698452,161.774924888646,23151.921,302.551768,3297.4482,1979.58632,2407.30965,20744.609,10342.7693,1.0,5.2069,0.0323333333333333,0.0231111111111111,0.0254545454545454,0.0012222222222222,0.0011666666666666,0.0015757575757575,0.0127777777777777,0.0949444444444444,0.0614242424242424
LL6-B6__2023-07-10_MFS__DO2313_DO_F_25117,DO-2313,Female,New,Sean Deats,25.8571428571429,,31.21,AL,DO,,1.5,-3.51831798187118,0.107315629852903,0.566964285714286,0.0665503767483819,18.6099560620466,2.93413138605102,2.66057318668695,5.47739727411109,0.237099324859385,12,13.1584545035409,0.042407055909538,0.0746527777777779,0.0281052542088529,12.2187280601355,0.704716662213792,0.255963231671106,0.844063848411568,0.147785123080711,55.9386215209961,35.5335922241211,0.0836563356391295,0.0181114716084046,0.0076409379490812,0.0810443855763144,3.33283327062172,3.17634952553224,212.037732491177,2.91547594742265,160.558090797632,17.4806039353316,0.0,164.931511840508,0.117749078612285,0.0209054018863975,0.113881969684747,33.1436268383531,12.0415945787923,153.098549068645,20.6300968358118,156.651252414703,20012.8375,162.666673,3437.3997,2794.3332,1036.09916,18976.737,12110.409,1.0,4.06667,0.0637777777777777,0.0620833333333333,0.0508383838383838,0.0258888888888888,0.0368888888888888,0.0286565656565656,0.0324444444444444,0.0480555555555555,0.0358787878787878
LL1-B6__2023-07-06_MFS__DO2272_DO_F_25076,DO-2272,Female,New,Sean Deats,25.2857142857143,,40.17,AL,DO,,1.0,-2.72174669729473,0.103621230786004,0.5625,0.0754149002880122,24.1805973828605,2.31095918940295,2.67901673970985,5.18246998749214,0.290078772080083,99,16.8477375414186,0.0384354279046673,0.0999999999999999,0.0511356930480573,11.5594376313035,1.46214167230625,0.339919995264003,1.73984779002849,0.183272096737349,57.1137542724609,36.5886917114258,0.575686678892711,0.120968805030647,0.0209587883823146,0.550143243531401,4.13700788211394,2.43121103157261,24.0260275534679,4.0,156.818416589555,16.9936274347035,3.17983011986416,158.254109662467,0.646781340124183,0.13974958128609,0.663537490771119,34.4093010681705,10.5475115548645,153.246847226238,26.3174049072433,159.966603455092,16480.65,314.966616,3285.0335,2245.69988,2385.06263,14095.5845,7480.8231,16.0,210.40009,0.0178888888888888,0.0308611111111111,0.0315656565656565,0.0026666666666666,0.0009444444444444,0.0006262626262626,0.0176666666666666,0.0697222222222222,0.0581919191919191
LL1-B6__2023-07-06_MFS__DO2271_DO_F_25075,DO-2271,Female,New,Sean Deats,25.2857142857143,,26.77,AL,DO,,2.0,-0.704428014315235,0.0821718257296084,0.583333333333333,0.0739974650612831,22.9901494465726,2.68084595908937,2.6657924672926,5.25817439533204,0.175156980448886,139,15.1715019259299,0.0373069887742796,0.0625,0.0427012231655015,11.2177405573449,1.39617615513124,0.379150138238147,0.78440745290622,0.172319463104949,308.685150146484,37.8793869018555,0.183315661642059,0.0444371974465271,0.0378777009539285,0.180704821254656,4.30840151832929,2.42859983558722,64.6258462226995,4.0,157.445553809828,20.37937769139,22.0724696971627,162.897271030948,0.640536982298174,0.122879827854917,0.648874458030008,37.4065502285362,10.9201648339208,151.609208890472,23.4822560622766,156.393726699137,23480.83,296.733323,3303.3335,2392.3002,1938.465678,21542.362,13350.5892,0.0,0.0,0.0261111111111111,0.0524166666666666,0.0431010101010101,0.0074444444444444,0.0055833333333333,0.0042626262626262,0.019,0.0928055555555555,0.122767676767677
LL1-B6__2023-07-06_MFS__DO2273_DO_F_25077,DO-2273,Female,New,Sean Deats,25.2857142857143,,39.22,AL,DO,,2.0,2.53653318746433,0.152172023029036,0.541666666666667,0.0793096134256307,19.5114634372948,2.77615342655144,2.79689478874206,6.35975627506263,0.31593512792121,88,14.8617692921481,0.0378362594490466,0.0989583333333334,0.0538553659372875,9.43280109516936,2.16123688220978,0.390833088047355,1.27131581306458,0.234242242961298,65.4023590087891,35.7594909667969,0.602705690706499,0.139319173854706,0.0,0.617310487197347,5.22316185422612,4.19579760576932,30.3726850969749,4.03112887414927,151.921964665085,30.7347603350118,0.0,162.597295868644,0.652211336118464,0.138366167509168,0.676360980235392,28.4604989415154,10.5118980208143,146.963370788065,29.9964990228034,154.607077443857,11620.5274,463.033253,3136.9668,1784.199913,2543.6312,9076.8947,3469.81311,22.0,544.66663,0.0924444444444444,0.0616111111111111,0.0455656565656565,0.0146666666666666,0.0514444444444444,0.0565252525252525,0.0163333333333333,0.159166666666667,0.177242424242424
LL1-B6__2023-07-06_MFS__DO2331_DO_M_25047,DO-2331,Male,New,Sean Deats,25.2857142857143,,35.33,AL,DO,,4.5,-2.43778067424714,0.136452315242227,0.5,0.0934614046095413,19.9782809339462,2.82422244531277,2.84408089790109,6.31094813346863,0.283730158487046,91,15.6294899221095,0.0449455018794685,0.155555555555556,0.0708096959284435,10.9970153925376,1.73955626716516,0.43274130858966,1.64975665573115,0.142992053632279,294.294311523438,46.5125617980957,0.102360994983974,0.022071170466268,0.0060748363947092,0.100666472975337,4.90421539371899,4.53194171528612,182.214159713234,3.53553390593274,152.439784886916,30.232828089868,0.098277398494885,162.181111085477,0.661730271325899,0.11694240822269,0.668276566290189,29.43637205907,11.5974135047432,149.566200345233,23.1971435189038,154.223677853576,12037.7706,124.233403,3475.8333,2285.93323,930.32315,11107.4456,4006.005,3.0,58.2001,0.0098888888888888,0.0079722222222222,0.0043737373737373,0.0037777777777777,0.00475,0.0047777777777777,0.028,0.274055555555555,0.171828282828283
LL1-B6__2023-07-06_MFS__DO2332_DO_M_25048,DO-2332,Male,New,Sean Deats,25.2857142857143,,32.34,AL,DO,,3.0,-1.53975106855954,0.124977324468029,0.5,0.0774643143442716,19.0628393863634,3.07665616550427,2.73211830858339,5.33792751305079,0.204124214917042,71,17.0950569243743,0.0455661824449935,0.0714285714285714,0.0275301151068255,9.23086747011887,0.997705548452038,0.317960804046406,0.957720887986412,0.191406506773696,64.3465347290039,32.8656578063965,0.52713980237039,0.0906605444576648,0.113696557194044,0.533134471916071,3.31680248254548,2.38650505112962,24.4233494836396,2.69258240356725,163.481135223697,15.923651146829,22.7509763427876,167.977723313816,0.133572912826653,0.038963547469057,0.13709541994484,32.9013677527242,11.0113577727726,142.010616954162,38.7059689494282,153.985541400188,13007.4343,151.53329,3448.5334,2243.73326,824.528046,12182.9073,6987.626,2.0,14.99997,0.0795555555555555,0.106666666666667,0.102555555555555,0.0007777777777777,0.0046666666666666,0.006040404040404,0.0012222222222222,0.00725,0.0325151515151515
LL1-B6__2023-07-06_MFS__DO2333_DO_M_25049,DO-2333,Male,New,Sean Deats,25.2857142857143,,40.03,AL,DO,,2.5,-11.6116326600266,0.126280544881982,0.55,0.0611756770082359,12.9998164765249,3.89999404549599,3.40519497646445,6.65923903961577,0.209741971756891,3,5.75317614048756,0.0105170497299615,0.0909090909090909,0.02849286482266,7.4766196372982,0.416983689443305,0.589725633558187,0.632025154337183,0.164926544470991,64.5400276184082,34.7835960388184,0.659573784735967,0.111109599449082,0.0795847934109621,0.664022364356358,3.85391709304487,2.67034323187489,27.0185121722126,3.16227766016838,161.211997191059,17.9373833232635,0.726373501367833,166.726149210438,0.714431480043791,0.111897370617858,0.707622200897694,24.3823706804732,12.1757956618859,162.775642622228,14.6036327782029,166.311746826362,11811.1361,663.200029,2936.83313,1068.400243,2169.776504,9641.359,2853.60701,12.0,132.63323,0.0137777777777777,0.0294722222222222,0.0341212121212121,0.0025555555555555,0.00375,0.0024545454545454,0.0431111111111111,0.0399444444444444,0.0556868686868686
LL1-B6__2023-07-06_MFS__DO2334_DO_M_25050,DO-2334,Male,New,Sean Deats,25.2857142857143,,43.94,AL,DO,,2.5,-2.26902305098639,0.150809751672321,0.5625,0.0942704562834216,21.1304663239146,3.07384514808655,2.817691385746,5.33021451099361,0.260464528007527,141,19.2514381497147,0.0542689648211476,0.0714285714285714,0.0470433607292326,9.71038868901457,1.28076881170273,0.437308634765954,1.05928643432258,0.196698993478998,63.8400859832764,38.8356857299805,0.559207600851629,0.109662104555901,0.111863097860297,0.51942284466619,3.33527968017297,2.40230844509968,31.4841229828623,2.54950975679639,166.395246684956,13.0092020361487,56.6623969380469,170.108641676921,0.646914075759971,0.144065874783049,0.672683902914921,30.7001628660175,11.4017542509914,150.672999030305,28.0249423263952,158.198590513648,7367.4578,25.566664,3574.5334,2465.26703,240.027221,7127.4296,3500.6801,15.0,116.33336,0.0063333333333333,0.0065277777777777,0.0046666666666666,0.0063333333333333,0.0062222222222222,0.0045555555555555,0.0081111111111111,0.0206666666666666,0.0133030303030303
LL1-B6__2023-07-06_MFS__DO2274_DO_F_25078,DO-2274,Female,New,Sean Deats,25.2857142857143,,26.87,AL,DO,,3.0,4.16930864243477,0.123511557211948,0.555555555555556,0.076628773338498,17.3857146392663,2.7262266931249,3.04477724504998,5.11024812514337,0.267916284051922,97,18.4760365156134,0.0378349150470238,0.0833333333333333,0.0487846441289873,9.40741079441299,1.07800786799044,0.29760354156557,1.03740000724792,0.2074341376736,589.722534179688,11.5061120986938,0.648989415889692,0.149943108695086,0.0502201960951825,0.668607934433469,2.85689765907992,1.8132751204228,21.0237960416286,2.5,163.363515237193,17.1110371076065,0.0,168.039396269712,0.72188644843883,0.16201045701205,0.758558967489013,31.7568890164008,10.6066017177982,156.940529490302,24.4293896640424,162.931053915897,9549.0829,118.5,3361.5,1788.62505,685.56238,8863.5189,3411.0793,7.0,126.71875,0.0,0.0,0.0,0.0,0.0,0.0,0.0,0.0,0.0
LL1-B6__2023-07-10_MFS__DO2316_DO_F_25120,DO-2316,Female,New,Sean Deats,25.8571428571429,,36.96,AL,DO,,2.0,-0.866174313444212,0.11115492292685,0.5625,0.0789726013960955,16.9111634930608,2.99671434128057,2.43559136904763,5.51724701045888,0.243790383354313,44,11.1327304230367,0.0431257333970286,0.111111111111111,0.0556736312746638,9.15520333850146,0.866645003559703,0.253026010296769,1.0101722752831,0.236913495468124,62.9365615844727,33.1916122436523,0.592992558449563,0.147309854622248,0.094245153969813,0.605076731459082,4.04663436233192,2.98948556377424,26.2488094968134,3.35410196624968,157.490681466099,23.1341808776973,13.541971506473,164.328908547991,0.615918440100188,0.139063282085717,0.619768859800463,29.9541316015003,11.5974135047432,154.283052470205,27.6873444141199,162.142665487156,16114.0239,353.033268,3247.0335,1747.53323,1756.07424,14357.9472,5141.16418,8.0,101.03337,0.0133333333333333,0.0495833333333333,0.0699090909090909,0.0067777777777777,0.0198055555555555,0.0391616161616161,0.0,0.0269166666666666,0.0608585858585858
LL1-B6__2023-07-10_MFS__DO2318_DO_F_25122,DO-2318,Female,New,Sean Deats,25.8571428571429,,32.07,AL,DO,,2.0,3.87842805717714,0.104299435763531,0.555555555555556,0.0897156377729384,23.7017635349786,2.77592954054665,2.71343300706116,6.08302922811566,0.263612542926918,49,17.5869166209751,0.0703756054658101,0.111111111111111,0.0680479718545547,11.6430104981092,1.0181301853468,0.300091330955461,1.21421521558277,0.232418471854081,61.8030986785889,33.4081287384033,0.54238979172882,0.103552324919892,0.229809055733745,0.537267031118052,3.81168762740187,2.42450404395722,17.6776695296637,3.35410196624968,159.248726186433,16.7728557834246,53.2594379798788,162.328949638008,0.522009939353509,0.0637142113774561,0.519619787600092,27.7218325512582,12.6491106406735,149.98016699093,16.1834015454258,153.103763034507,24586.513,537.900084,2402.1334,1044.86677,6712.29424,17874.214,5550.8791,2.0,7.86667,0.0113333333333333,0.0163888888888888,0.0179595959595959,0.001,0.0004166666666666,0.001060606060606,0.014,0.0311944444444444,0.0417676767676767
LL1-B6__2023-07-10_MFS__DO2317_DO_F_25121,DO-2317,Female,New,Sean Deats,25.8571428571429,,48.79,AL,DO,,3.0,-2.2465064540191,0.113870542772616,0.520833333333333,0.0734746096877498,16.7227071317976,2.27226497323048,2.83696636498418,5.2780644917534,0.18733830873208,42,18.68576990791,0.0488129984833418,0.0958333333333333,0.0491204405909865,8.18714076650295,1.1116174099226,0.427411084080924,1.06096831973014,0.126628933205571,65.0149612426758,38.152961730957,0.124756915052365,0.0392427900732569,0.0206435499236201,0.120235302530883,3.24052021341302,7.87775565230159,319.152784728569,2.5,167.340699136005,11.9020391190282,0.505750365603069,170.284260234747,0.664956181076549,0.14660458692411,0.671443928994084,31.2169825575759,12.1757956618859,150.589036616972,27.9577978069224,158.411710088851,11752.0737,18.266668,3581.7334,3251.9332,287.180507,11464.8937,8896.5768,0.0,0.0,0.0031111111111111,0.01325,0.0084242424242424,0.0006666666666666,0.0002222222222222,0.0002121212121212,0.0032222222222222,0.0083333333333333,0.004070707070707
LL1-B6__2023-07-10_MFS__DO2291_DO_F_25095,DO-2291,Female,New,Sean Deats,25.8571428571429,,23.22,AL,DO,,3.0,5.21530383605472,0.0747133056822172,0.621527777777778,0.164772017685484,19.9057092298804,2.73537696075585,2.91344806268198,5.48537906201578,0.253116997589239,2,8.41198331370395,0.0299038961080149,0.0659722222222221,0.0901622078949527,10.528567354589,0.56024883015058,0.125118916533747,0.357385331365375,0.0543767166558002,683.869689941406,46.0677185058594,0.542414065467629,0.105115241468298,0.205929300467007,0.514823251167518,3.9997690903233,2.30659291580063,18.0069431053691,3.53553390593274,155.427768306879,17.1224289938135,51.3700644123966,158.984183702626,0.700290971953507,0.128457717302127,0.712542493811777,33.2415402771893,10.9658560997307,155.779674605069,20.1074589147777,160.10941787004,8793.45624,535.580825,3064.4191,2165.806541,2416.07514,6377.38064,2760.73879,14.0,111.93551,0.0108888888888888,0.02075,0.013040404040404,0.0014444444444444,0.0015555555555555,0.0018989898989898,0.04,0.106555555555556,0.110949494949495
LL1-B6__2023-07-10_MFS__DO2294_DO_F_25098,DO-2294,Female,New,Sean Deats,25.8571428571429,,34.48,AL,DO,,3.0,3.53559286366946,0.141583118640519,0.454545454545454,0.0823710361162694,14.5652202402889,1.88894916460032,3.1552369594574,5.39660574514899,0.168781447871822,21,16.8883747055972,0.0341821606640231,0.166666666666667,0.045247061918571,8.26787442352984,1.55476919545432,0.310224720554008,1.5958928833151,0.150093130232323,61.3096504211426,33.2461013793945,0.611936164669554,0.132586217703439,0.0212309918432827,0.617161232887209,4.05372137912645,2.8521528730386,25.5440795488896,3.5,158.387660856296,20.4442604450043,0.0,163.141601232262,0.538077534512563,0.0959183777272253,0.540135164743218,27.1661554144122,10.6301458127346,151.727873717983,20.668718700724,154.790808799029,15612.7912,167.699948,3432.3002,2184.3335,1412.073179,14200.7172,5571.8027,21.0,416.06656,0.120111111111111,0.105305555555555,0.0704141414141414,0.0096666666666666,0.0253888888888888,0.0268888888888888,0.0,0.0153333333333333,0.0476969696969696
LL1-B6__2023-07-10_MFS__DO2293_DO_F_25097,DO-2293,Female,New,Sean Deats,25.8571428571429,,35.81,AL,DO,,4.0,-0.631611220009916,0.108544069965648,0.5625,0.0860333673029758,21.4300837264452,2.37120462761626,2.65791837270746,5.09730580614441,0.267310052027186,177,19.7091976515038,0.0401637724881062,0.111111111111111,0.0587421798119362,10.7577244128344,1.1057608821686,0.306729567229663,1.12517169643305,0.189265802657438,65.8598937988281,35.1079483032227,0.608387776741461,0.13388358693087,0.0163736530665978,0.604052445213464,4.55274503447679,3.43395357139285,27.3541587331799,3.64005494464026,154.793374481046,24.9673950913586,0.184230167376673,161.987890581749,0.392468404728645,0.0743684614787161,0.380808274059216,24.45914961727,11.5108644332213,155.573837106964,19.6985501175989,159.533824031491,11291.82124,156.3665,3443.6669,2557.83343,1580.60283,9711.21924,3315.5667,9.0,176.30034,0.0737777777777777,0.0594722222222222,0.0575656565656565,0.0074444444444444,0.0255555555555555,0.0236464646464646,0.0181111111111111,0.12825,0.154858585858586
LL1-B6__2023-07-10_MFS__DO2315_DO_F_25119,DO-2315,Female,New,Sean Deats,25.8571428571429,,41.04,AL,DO,,1.0,2.14381310271634,0.112718703232679,0.5625,0.0869271338673466,20.8219915537273,3.09237405578389,2.82428137550128,6.01512910812592,0.389285164794275,46,12.6725674570948,0.0475881225425736,0.073611111111111,0.0373915887360203,12.4763884331264,0.852742215896922,0.332233352489005,0.804130223717833,0.186641411292642,323.748596191406,43.2828674316406,0.650527312637792,0.134572556931273,0.0160664598034026,0.635590449433801,4.30070635375231,3.17096588156788,26.2154534578367,3.60555127546399,159.9500100973,21.8645070046097,0.403484735058946,166.607502246249,0.69184734570754,0.119700934185336,0.705568336543867,32.8823660949148,10.6066017177982,154.341104223535,23.0736812629694,160.222328216995,11502.4543,389.900047,3210.1668,1250.066393,2115.767429,9386.6848,2961.426949,15.0,303.50004,0.0392222222222222,0.0730833333333333,0.0766666666666666,0.0016666666666666,0.0035,0.0037878787878787,0.0193333333333333,0.0685,0.11
LL1-B6__2023-07-10_MFS__DO2292_DO_F_25096,DO-2292,Female,New,Sean Deats,25.8571428571429,,36.06,AL,DO,,3.5,-10.4888959569571,0.137658930012047,0.618055555555556,0.0605689574461586,18.7754419967264,3.8432224249266,2.77231861443773,6.6459782839625,0.362103128185442,8,10.6972600330622,0.0220410521053261,0.0413752913752913,0.076079254068315,9.42060992933878,2.28139060633416,0.273130186865894,0.936516910286407,0.20925746186207,56.9949226379395,38.9431228637695,0.444659167534227,0.0624562977532492,0.145671408145846,0.437014224437538,3.85633128497157,1.75334498937533,20.7002415444844,3.53553390593274,156.280041715894,12.9321749764809,3.01278750418316,158.629377730657,0.659918254572512,0.124589753584499,0.664615289581926,32.5,9.9247166206396,157.04304926845,22.3534767428862,162.931301385002,15872.63435,161.066714,3438.9999,2504.3668,1831.590862,14041.04655,5926.12495,18.0,293.33326,0.0056666666666666,0.0014166666666666,0.0005151515151515,0.003,0.0009722222222222,0.0003535353535353,0.032,0.0127222222222222,0.0079595959595958
LL4-B6__2023-07-06_MFS__DO2279_DO_F_25083,DO-2279,Female,New,Sean Deats,25.2857142857143,,22.94,AL,DO,,1.0,-16.0625853219126,0.0934012587936756,0.45,0.0739088175172011,12.0605687930903,3.23373079299927,3.49202116695456,6.08491562399248,0.151875419685576,3,16.5138676514983,0.0106524081486169,0.0833333333333332,0.0313724849431996,4.38450796411522,0.423876400963138,0.318974927277818,0.497751827593511,0.0337403380131767,59.011547088623,31.9988708496094,0.675786121621352,0.140583047171087,0.05643326479831,0.688624586880291,3.12569093580843,1.85593666509939,23.032585612562,2.82842712474619,164.588573793177,14.790908769832,0.0,168.899429978495,0.590755638775864,0.117400940277977,0.553091912124588,24.6272207120495,11.0679718105893,154.163731975282,18.9937579576798,155.725558865561,16598.8681,389.43321,3210.5999,1987.13337,3422.01245,13176.8551,5033.4511,15.0,226.6,0.0321111111111111,0.0641666666666666,0.0798080808080808,0.0045555555555555,0.0025,0.0102121212121212,0.0025555555555555,0.0106666666666666,0.0336060606060606
LL4-B6__2023-07-06_MFS__DO2344_DO_M_25059,DO-2344,Male,New,Sean Deats,25.2857142857143,,34.88,AL,DO,,2.0,7.22241227657999,0.15052892060671,0.5625,0.0799819549637641,15.7915297737273,2.16384632885456,2.87337430156577,5.61354613738882,0.328586657857435,31,12.1544753152281,0.042563506343817,0.133928571428571,0.0530228268696344,8.10984937716858,0.967353625675986,0.217754156283966,1.07459062548559,0.260600577323737,62.2711372375488,32.5389194488525,0.705653264571869,0.130980808018464,0.104886129254592,0.726861632488109,3.17171972035826,2.03984347976086,25.9326049597799,2.82842712474619,166.321745514063,13.806064701587,8.53773646251594e-07,169.944519148661,0.667343435254434,0.149891408810954,0.696005681142789,31.7804971641414,10.9201648339208,153.677844503578,26.6233334357478,161.452593698295,17409.806,499.034377,3101.0346,1608.41379,3505.25843,13904.5518,4525.56578,14.0,364.58652,0.0002222222222222,5.55555555555556e-05,2.02020202020202e-05,0.0046666666666666,0.0013055555555555,0.0004747474747474,0.0041111111111111,0.0015,0.0005454545454545
LL4-B6__2023-07-06_MFS__DO2345_DO_M_25060,DO-2345,Male,New,Sean Deats,25.2857142857143,,43.52,AL,DO,,2.0,-1.95554831034428,0.112729502987766,0.5625,0.0742147780413968,25.5087080718423,2.51039585025181,2.7943527314404,4.87703543163915,0.184877144062867,123,16.9040603900416,0.0438327059470483,0.0833333333333333,0.0503807502779456,12.3758069063569,1.08099390570876,0.296291107783523,1.10678552808434,0.204328257308806,68.4767990112305,37.0785026550293,0.662187624634491,0.10794517638377,0.34392460912153,0.641854395633705,5.70913659948689,3.23797540309112,19.6022957839127,5.40832691319598,152.921820259278,17.7878104148172,72.8340539405508,154.146661028958,0.212218479121732,0.0647660128620754,0.226279600755283,39.8246155034798,10.9201648339208,143.972709642981,38.0538982438197,156.783543637379,11149.3357,117.074041,3483.037,2851.4816,1373.46324,9775.8737,4656.4786,7.0,57.70369,0.0163333333333333,0.0216111111111111,0.0208282828282828,0.0034444444444444,0.0032222222222222,0.0025050505050505,0.0,0.0028055555555555,0.0041010101010101
LL4-B6__2023-07-06_MFS__DO2347_DO_M_25062,DO-2347,Male,New,Sean Deats,25.2857142857143,,31.65,AL,DO,,2.5,-5.50428347160347,0.124026626177718,0.5,0.0798994727708679,16.4178554252884,3.47708951334084,3.32673571054684,6.14994732422127,0.365615072797411,44,19.9058622392644,0.0463573886669434,0.0909090909090908,0.0589041939552891,8.33102507900688,1.17450834765127,0.281996122618904,2.33746694865974,0.196768883617627,65.3445739746094,33.5962066650391,0.640566626854528,0.114818689110372,0.0300251566074029,0.646238749281407,4.4643731008151,2.6687272340282,26.2154534578367,4.03112887414927,158.446049498453,17.2662895487426,8.53773646251594e-07,162.34987578007,0.234840333898863,0.0413110956207057,0.237948930007032,29.43637205907,13.8293166859393,139.645359753188,22.2171078234576,140.59305253875,25788.849,21.099994,3578.9334,3036.2002,277.66487,25511.182,20499.7904,0.0,0.0,0.0376666666666666,0.0629444444444444,0.0748888888888889,0.0007777777777777,0.0096666666666666,0.0107070707070707,0.0143333333333333,0.0154444444444444,0.0245050505050505
LL4-B6__2023-07-06_MFS__DO2281_DO_F_25085,DO-2281,Female,New,Sean Deats,25.2857142857143,,33.24,AL,DO,,2.5,1.69135906477143,0.123253209532309,0.55,0.0567877188551721,18.2844075078368,2.78070894801199,2.82394716981906,6.09961106732057,0.213042463806395,77,10.9274285712173,0.0402969572454711,0.111111111111111,0.0372817593881854,7.82484113598227,1.42939776857826,0.304192863910538,0.892865413554958,0.123625392399113,64.9031372070312,32.5681915283203,0.658935261392658,0.139386526294236,0.130036415295138,0.673761244329207,3.91244730704919,2.59255047309122,22.1020361053003,3.35410196624968,160.448646789498,17.5286548279777,12.4259428654275,164.744881296942,0.146808726691395,0.0401060741705295,0.146974541242004,27.1016604657353,10.9658560997307,152.306134629261,28.335978787188,159.866594249366,31647.527,744.096631,2856.0,1120.1932,9144.2622,22503.263,6417.30455,8.0,132.48385,0.0544444444444444,0.0673888888888888,0.0712828282828282,0.0143333333333333,0.0459166666666666,0.0497676767676767,0.0135555555555555,0.0155555555555555,0.045040404040404
LL4-B6__2023-07-06_MFS__DO2346_DO_M_25061,DO-2346,Male,New,Sean Deats,25.2857142857143,,33.67,AL,DO,,1.5,-1.61484609313379,0.109658628912208,0.5,0.102063050675579,15.6803620606801,2.99068207895769,2.77795693814541,5.34445964110032,0.339809079504171,7,16.0523042531627,0.0248855054629534,0.0669642857142857,0.0586092097868351,9.50006433820167,0.904780107662731,0.353350890374132,1.23586987455842,0.20519888252845,443.50910949707,40.3596210479736,0.60189896993185,0.147128535771904,0.0760285921269705,0.584747592174627,5.15144117936218,3.15941756417968,27.6812210713328,4.60977222864644,152.692374312314,21.8395981265714,0.1519778385637,156.801409486352,0.133041264473447,0.0278736920894468,0.130933031706695,33.5261092284804,10.9772492000501,155.525832014385,22.7988220698004,161.836685107138,11857.2744,455.033326,3145.0666,1748.69982,2782.25982,9075.015,2948.69401,20.0,316.83332,0.075,0.0833611111111111,0.0736464646464646,0.0058888888888888,0.0159166666666666,0.0082626262626262,0.0132222222222222,0.0390277777777777,0.0706161616161616
LL4-B6__2023-07-06_MFS__DO2282_DO_F_25086,DO-2282,Female,New,Sean Deats,25.2857142857143,,29.58,AL,DO,,1.0,0.335691624175972,0.124338674889362,0.5,0.0804947660167557,16.5832771339148,2.88233363371481,2.91461169719696,6.29291161894798,0.221146693626803,14,10.9558719994459,0.0300904579017416,0.0593749999999999,0.0576793316015388,8.97387614559132,2.14590349961689,0.387093817472702,1.71049149205168,0.143003481807854,66.060302734375,32.3081588745117,0.710316855068367,0.138507915011293,0.115880699560178,0.730834411269054,4.25936665343698,2.77486206167835,21.6448608219134,3.64005494464026,158.227314945107,19.710470486019,20.8612846545244,163.203480821888,0.692688732441594,0.131120158212549,0.701542674392504,31.7647603485372,11.5433963806152,155.984770745016,22.6843284698452,161.774924888646,23151.921,302.551768,3297.4482,1979.58632,2407.30965,20744.609,10342.7693,1.0,5.2069,0.0323333333333333,0.0231111111111111,0.0254545454545454,0.0012222222222222,0.0011666666666666,0.0015757575757575,0.0127777777777777,0.0949444444444444,0.0614242424242424
LL4-B6__2023-07-10_MFS__DO2329_DO_F_25133,DO-2329,Female,New,Sean Deats,25.8571428571429,,29.83,AL,DO,,1.5,-2.24515052484994,0.113871590802464,0.5625,0.0801214814898662,21.7855243391713,3.22419275520544,2.96201816107089,5.52973168817837,0.250691846937364,73,20.3809269805658,0.0415893498195256,0.111111111111111,0.0727743167299482,12.69861273333,0.986576339395386,0.229005589164064,0.881454208408734,0.195661350595814,54.2071533203125,32.9882125854492,0.607011383832983,0.11234516712296,0.0719815750748694,0.597668945354692,3.30558465065484,1.92143966333814,21.9829479369806,3.0,160.534720232177,15.2835513398473,5.54729958742178,163.020289155414,0.70552284343271,0.137366319709725,0.72084233375526,29.1547594742265,11.4127122105133,155.13878331379,22.0969147215438,160.559965171824,10696.31933,95.354817,3504.6453,2489.67755,744.058571,9952.25813,4287.18862,14.0,118.12901,0.0835555555555555,0.116861111111111,0.0696060606060606,0.0074444444444444,0.00625,0.0039595959595959,0.0131111111111111,0.014,0.0556666666666666
LL4-B6__2023-07-10_MFS__DO2306_DO_F_25110,DO-2306,Female,New,Sean Deats,25.8571428571429,,29.04,AL,DO,,3.5,0.895000443772498,0.140067386003537,0.55,0.0778349237796203,20.4300373835109,2.95592035188677,2.83034071593769,6.34138807654381,0.312887517734043,88,17.478653672493,0.0439556606740923,0.0999999999999999,0.0406025166193958,7.67873729642955,1.13884642283045,0.309704485989239,0.839495047208671,0.216275838301424,430.405960083008,37.4145355224609,0.62372918908965,0.12664654891504,0.306794798959342,0.595745553070833,3.785693387014,2.37239443667309,16.3783393541592,3.35410196624968,160.442317507998,15.0069197975715,91.507435758775,163.739795291688,0.307869113121577,0.0675038056397972,0.322615796035222,32.897568299192,11.5108644332213,157.216450487032,25.4379286184901,165.655481528536,20527.611,457.290394,3142.8059,1536.77394,4042.451669,16485.1571,5359.9857,13.0,225.16121,0.0582222222222222,0.0479444444444444,0.039,0.0015555555555555,0.0018055555555555,0.0018080808080808,0.0,0.0168333333333333,0.0369090909090909
LL4-B6__2023-07-10_MFS__DO2330_DO_F_25134,DO-2330,Female,New,Sean Deats,25.8571428571429,,36.83,AL,DO,,1.0,3.31762943570918,0.098233104852884,0.555555555555556,0.102480053867244,18.0677946937732,3.66374268029265,2.85975053681506,6.39522992404659,0.21826027145303,22,19.0263298708322,0.0520397996571561,0.096969696969697,0.0537892898772474,10.8593356513378,0.963060034240035,0.291272630480036,1.09102460511398,0.12401675689448,65.3259201049805,35.9881763458252,0.574813292884746,0.124845086579165,0.0996527604361489,0.57115079305335,4.27512557801188,3.26286972452271,23.9008368054342,3.5,157.969086797595,22.13432750304,0.753848333070392,164.350831254615,0.562074852169989,0.0890852325139016,0.53984947453366,30.1496268633627,10.9201648339208,157.873053097055,18.5735357114587,163.463207922542,10009.1129,891.466724,2708.566673,1498.233194,2375.28229,7633.82708,2860.9607,16.0,218.06656,0.006,0.0142222222222222,0.014050505050505,0.0021111111111111,0.0076666666666666,0.0132121212121212,0.031,0.0436666666666666,0.0877171717171717
LL4-B6__2023-07-10_MFS__DO2328_DO_F_25132,DO-2328,Female,New,Sean Deats,25.8571428571429,,29.42,AL,DO,,1.0,-0.296616934087309,0.131138899033736,0.545454545454545,0.0788835925843701,21.3262623497808,3.04836374094778,3.08845892027897,6.43705324298034,0.295426074802569,48,19.0265235252069,0.0427555376482997,0.136363636363636,0.0555703532142924,12.2096399120815,0.913376952695301,0.340080606904539,1.20713303942634,0.205209494727825,62.3571891784668,31.2575283050537,0.0748336617117155,0.0176064506808183,0.0019212304733731,0.0756145157875478,3.77977289627652,3.09646889992779,251.872983862899,3.16227766016838,159.04711920744,20.7738610626326,0.237740459294511,165.013471362809,0.104932396545937,0.0266922979334905,0.107715864393407,39.0288354937731,11.1018016555873,149.735547031586,29.9350703826231,158.254585728192,22020.653,474.633364,3125.36673,1953.13326,2930.343217,19090.3115,11680.98547,18.0,325.20007,0.0873333333333333,0.0696111111111111,0.0444343434343434,0.0061111111111111,0.0193611111111111,0.0176868686868686,0.039,0.06925,0.0672424242424242
LL4-B6__2023-07-10_MFS__DO2304_DO_F_25108,DO-2304,Female,New,Sean Deats,25.8571428571429,,34.72,AL,DO,,2.0,-0.22223819466822,0.151923442537081,0.555555555555556,0.0826048328699068,18.0659963106841,3.22533348870406,2.52801354246307,6.15241564165057,0.323173487223325,42,21.4950871338065,0.0485856330352235,0.111111111111111,0.0413415323872777,8.05987806053037,0.72039837944969,0.367946329212775,0.628193349136457,0.214034087366693,342.882873535156,42.2236404418945,0.074359627799774,0.0188494733996983,0.0175905849426193,0.0682698284146559,3.71786817729881,3.14410109995259,363.5,3.35410196624968,159.343763726938,15.7605330803214,0.0,162.149681697783,0.723299975700462,0.116601701637395,0.739946390731805,31.5158690186388,10.6301458127346,161.493731103255,17.4402009636644,165.858910534593,13391.9425,313.862141,3286.2756,1779.827634,1951.30905,11440.6342,3961.725915,12.0,480.96596,0.099,0.0374444444444444,0.0203939393939393,0.0024444444444444,0.0014166666666666,0.0007070707070707,0.0162222222222222,0.0077222222222222,0.0147070707070707
LL4-B6__2023-07-10_MFS__DO2305_DO_F_25109,DO-2305,Female,New,Sean Deats,25.8571428571429,,45.21,AL,DO,,3.0,-3.05162856478341,0.120370076654512,0.603896103896104,0.0789277220821643,14.4221209353439,3.54736456773648,3.10737120880109,6.82120400666675,0.18663933053902,12,12.9954639732572,0.0707172367941783,0.102272727272727,0.0438241382532973,4.99659053060417,1.038799903509,0.18307807111482,0.950272340488971,0.21484409236415,66.0400848388672,37.9463958740234,0.68389246597706,0.0959423867124256,0.0,0.682949304916858,3.22971104286042,2.09888460235784,24.5203996704785,3.0,166.41661971975,14.5058682070633,0.0,170.039466179361,0.216741116076653,0.0360448696815348,0.215352711777974,33.7379608156747,11.4017542509914,154.764451464073,19.424413385521,158.214076810435,12507.99552,474.033343,3125.9999,2090.83314,4022.71644,8485.28192,3479.35692,9.0,65.20002,0.0245555555555555,0.0203055555555555,0.0163434343434343,0.0005555555555555,0.0004166666666666,0.0001515151515151,0.0,0.0146388888888888,0.0169393939393939
LL4-B6__2023-07-10_MFS__DO2327_DO_F_25131,DO-2327,Female,New,Sean Deats,25.8571428571429,,26.56,AL,DO,,2.0,-1.82683200683275,0.149017650032511,0.545454545454545,0.0737731106598106,16.5545041972358,2.80023369193077,3.44617952541309,5.72067506589742,0.352832988372968,27,18.5441171179183,0.0776062909283987,0.0625,0.0664266577825231,7.54310083348797,1.6425559767333,0.394190450072836,0.929166090119407,0.186001137324506,62.7712745666504,32.5383453369141,0.673230752796102,0.144182465250202,0.0172005229038445,0.701646415445623,3.3387497700346,2.35923289109503,22.6384628453435,2.91547594742265,162.908274480119,19.1082085782734,0.314808807388654,167.977723313816,0.641673439998958,0.168129499114628,0.663011896640253,35.2880999771878,11.1803398874989,150.73576773194,29.3939349909007,159.19758170952,13436.6792,111.5,3368.5,2093.0002,1634.90813,11801.7677,4562.07206,15.0,123.1249,0.0748888888888889,0.0330277777777777,0.0191919191919191,0.0047777777777777,0.0016666666666666,0.0009898989898989,0.0485555555555555,0.0591666666666666,0.0908686868686868
LL5-B6__2023-07-06_MFS__DO2279_DO_F_25083,DO-2279,Female,New,Sean Deats,25.2857142857143,,22.94,AL,DO,,1.0,-16.0625853219126,0.0934012587936756,0.45,0.0739088175172011,12.0605687930903,3.23373079299927,3.49202116695456,6.08491562399248,0.151875419685576,3,16.5138676514983,0.0106524081486169,0.0833333333333332,0.0313724849431996,4.38450796411522,0.423876400963138,0.318974927277818,0.497751827593511,0.0337403380131767,59.011547088623,31.9988708496094,0.675786121621352,0.140583047171087,0.05643326479831,0.688624586880291,3.12569093580843,1.85593666509939,23.032585612562,2.82842712474619,164.588573793177,14.790908769832,0.0,168.899429978495,0.590755638775864,0.117400940277977,0.553091912124588,24.6272207120495,11.0679718105893,154.163731975282,18.9937579576798,155.725558865561,16598.8681,389.43321,3210.5999,1987.13337,3422.01245,13176.8551,5033.4511,15.0,226.6,0.0321111111111111,0.0641666666666666,0.0798080808080808,0.0045555555555555,0.0025,0.0102121212121212,0.0025555555555555,0.0106666666666666,0.0336060606060606
LL5-B6__2023-07-06_MFS__DO2349_DO_M_25064,DO-2349,Male,New,Sean Deats,25.2857142857143,,49.69,AL,DO,,3.0,2.36720019886061,0.0879603837595514,0.416666666666667,0.0647998178537423,15.2752201583399,2.79230763432201,3.21933373344006,5.19896030426025,0.235182601329748,85,17.9156590468778,0.0407309408032926,0.1875,0.0374270458619196,6.98192421752748,1.79448359399356,0.329784555860368,1.68907572797854,0.173091855476548,237.616119384766,42.852897644043,0.686122585619099,0.096174096384509,0.120206650227976,0.688068429769815,4.10900084082623,2.43148364734879,28.0044639298809,3.53553390593274,161.794268672129,13.7196481550903,2.19493112320406,164.811543023132,0.584365402172386,0.109360904469139,0.576210835931428,25.0049995001,10.6066017177982,150.695298673118,20.9130283585946,155.106234798359,11591.8893,308.068963,3292.0346,2419.75881,1780.09728,9811.7906,4192.5067,11.0,142.75864,0.0361111111111111,0.0393333333333333,0.0369494949494949,0.0036666666666666,0.0053888888888888,0.0035151515151515,0.0026666666666666,0.0296111111111111,0.0214242424242424
LL5-B6__2023-07-06_MFS__DO2348_DO_M_25063,DO-2348,Male,New,Sean Deats,25.2857142857143,,37.13,AL,DO,,2.0,2.13304755956686,0.162070904174166,0.555555555555556,0.0923672838047702,21.3281945678221,2.72394133758659,3.10060179233551,6.13898710057682,0.381407696860728,27,11.1650187704153,0.0269266044528048,0.111111111111111,0.0523582546370911,10.4240300131385,1.56103711033208,0.19549777131844,1.09564269803801,0.167655156153282,75.2632751464844,35.30810546875,0.648290074950565,0.126149848187378,0.0471981740323638,0.658241106602983,4.07065669742953,2.91886789815577,29.2617497767991,3.35410196624968,160.721291311184,18.3861837174755,0.364936335730528,165.680977835823,0.751082667927869,0.0972151696362157,0.76108799136912,29.129023327259,10.3077640640442,160.657367782787,18.0831580424679,165.256437163529,18000.4087,850.300318,2749.6998,1199.06674,4167.01229,13833.393,5074.77957,7.0,125.46667,0.0263333333333333,0.0328611111111111,0.0705757575757575,0.0,0.0,0.0019797979797979,0.0107777777777777,0.0279166666666666,0.0473232323232323
LL5-B6__2023-07-06_MFS__DO2350_DO_M_25065,DO-2350,Male,New,Sean Deats,25.2857142857143,,39.54,AL,DO,,2.5,2.28126838955394,0.121210495527698,0.5,0.0818715069459274,15.7390019947989,2.74588483585697,2.58761646765438,5.30433654805371,0.411752084534256,30,16.5304240069366,0.0467974956557334,0.0555555555555555,0.0335495219357568,8.70831041748534,0.910883559186916,0.409177069353503,0.893371076263532,0.286832528906583,60.6038551330566,33.9539432525635,0.526359202997932,0.109074901767002,0.0905357460425185,0.523918127113801,3.1599324930159,2.15694732592582,26.5047165613971,2.54950975679639,163.694588215793,15.1839571407189,0.0,168.309535679879,0.726533450051527,0.147070469059404,0.753027096742952,28.0401497856199,11.5433963806152,150.451739887397,24.9683973459193,156.200156832593,14408.785,700.827608,2899.2414,1452.58602,3597.48621,10811.299,3499.53475,6.0,61.62067,0.0872222222222222,0.0616666666666666,0.0998080808080808,0.0118888888888888,0.0044722222222222,0.0048282828282828,0.0,0.0380277777777777,0.0348787878787878
LL5-B6__2023-07-06_MFS__DO2351_DO_M_25066,DO-2351,Male,New,Sean Deats,25.2857142857143,,39.61,AL,DO,,1.5,0.361672109666832,0.153991105276546,0.555555555555556,0.0789122579982692,12.6611106047268,1.81085002422333,3.10431432723999,5.82704951510174,0.304633865924396,20,5.19082343581208,0.0270442740588894,0.123611111111111,0.0324006038825471,5.7149740298641,1.09258282439977,0.258692860603333,0.808415189385414,0.103897947649217,51.2869720458984,28.2685642242432,0.585465816542527,0.131389657615189,0.0423096873566292,0.539344803613655,3.84475617606614,2.28357437172369,25.30316185776,3.53553390593274,162.713031555783,15.4985259413186,2.0825652797308,166.726149210438,0.627969686399992,0.103088281253682,0.625023133439858,29.5169442862909,10.295630140987,153.959082836409,19.4442577881184,154.218580832206,9237.17595,25.064515,3574.9679,2872.3544,196.723527,9040.44995,3889.36155,4.0,24.22579,0.103,0.113861111111111,0.0768383838383838,0.0018888888888888,0.0061944444444444,0.0055757575757575,0.0191111111111111,0.0294722222222222,0.103010101010101
LL5-B6__2023-07-06_MFS__DO2281_DO_F_25085,DO-2281,Female,New,Sean Deats,25.2857142857143,,33.24,AL,DO,,2.5,1.69135906477143,0.123253209532309,0.55,0.0567877188551721,18.2844075078368,2.78070894801199,2.82394716981906,6.09961106732057,0.213042463806395,77,10.9274285712173,0.0402969572454711,0.111111111111111,0.0372817593881854,7.82484113598227,1.42939776857826,0.304192863910538,0.892865413554958,0.123625392399113,64.9031372070312,32.5681915283203,0.658935261392658,0.139386526294236,0.130036415295138,0.673761244329207,3.91244730704919,2.59255047309122,22.1020361053003,3.35410196624968,160.448646789498,17.5286548279777,12.4259428654275,164.744881296942,0.146808726691395,0.0401060741705295,0.146974541242004,27.1016604657353,10.9658560997307,152.306134629261,28.335978787188,159.866594249366,31647.527,744.096631,2856.0,1120.1932,9144.2622,22503.263,6417.30455,8.0,132.48385,0.0544444444444444,0.0673888888888888,0.0712828282828282,0.0143333333333333,0.0459166666666666,0.0497676767676767,0.0135555555555555,0.0155555555555555,0.045040404040404
LL5-B6__2023-07-10_MFS__DO2311_DO_F_25115,DO-2311,Female,New,Sean Deats,25.8571428571429,,25.77,AL,DO,,1.5,1.75481973620725,0.0741764477754433,0.5625,0.0945018197448833,23.6197018273727,2.47194723246201,3.06306567341635,4.89911613348382,0.233367112554602,47,14.7248092463311,0.0429086516662559,0.154761904761905,0.0794748772471392,12.0776606259955,1.29985303697491,0.38723743737282,1.4681530088362,0.210902865916078,46.5607109069824,21.891637802124,0.567078421967663,0.120955622486702,0.141839145496814,0.528702777767372,4.22055112819888,2.032599086905,23.0488611432322,4.12310562561766,155.799942198593,14.3697710666265,13.5704343851615,155.729726740691,0.707841527781354,0.128432117419774,0.659155803407372,27.189152248645,10.0498756211209,161.603727623534,17.9356152404136,167.347443499442,1647.247,0.066667,120.3666,54.6333,1.38644,1645.861,583.623,0.0,0.0,0.0047777777777777,0.02125,0.0136363636363636,0.0006666666666666,0.0001944444444444,0.0008787878787878,0.0148888888888888,0.0144166666666666,0.0196666666666666
LL5-B6__2023-07-10_MFS__DO2308_DO_F_25112,DO-2308,Female,New,Sean Deats,25.8571428571429,,29.93,AL,DO,,2.5,-10.5957762826149,0.173354891479041,0.5625,0.0661096204399557,17.1509209160239,3.36823425871455,2.71741041225008,4.6300780715611,0.260966934467305,3,13.2791446030352,0.0469002989630037,0.0793650793650794,0.0050357464591899,9.02020187276525,0.778368497369312,0.46185673586258,0.915924974814807,0.157691458411912,380.734130859375,45.9414539337158,0.475886253461733,0.100121714570816,0.0799661391571353,0.441627438070597,2.76949321006889,1.81785269727174,34.0771184227775,2.5,164.858824149914,12.9625861468832,0.578725565607346,168.154608540415,0.672167116347985,0.0994681412181213,0.674438475056968,24.5814971065637,11.1803398874989,159.354834514959,18.6314960982908,164.022589325255,18102.1274,718.599877,2881.46667,1412.633334,4707.13208,13394.9951,4112.93019,13.0,175.20004,0.0105555555555555,0.0213055555555555,0.0174444444444444,0.0012222222222222,0.0004444444444444,0.0003535353535353,0.0318888888888888,0.0090833333333333,0.0332828282828282
LL5-B6__2023-07-10_MFS__DO2307_DO_F_25111,DO-2307,Female,New,Sean Deats,25.8571428571429,,40.38,AL,DO,,1.5,-11.2422110944313,0.141575065870602,0.583333333333333,0.128945936704182,16.5625245614535,1.25309890226738,2.96871652750693,5.32440342404375,0.485926483609319,5,27.2983744973455,0.0637570271298301,0.0285714285714285,0.0764886080028357,8.75820273394306,0.387586763627015,0.11008929599191,2.2533797161674,0.198910895918761,327.931762695312,41.1964645385742,0.593114447984053,0.125961996281049,0.0148988450118089,0.606476331368788,4.09852248627357,2.99866367568104,28.0713376952364,3.35410196624968,158.184537795633,22.9690664914788,0.0,165.053590369653,0.675068386937446,0.144652279357463,0.693291853962847,38.2393776099978,11.8004237212059,150.748481025812,25.2666226455412,157.011283197919,20581.285,198.30013,3401.6999,2532.6001,1474.00488,19107.279,12101.004,0.0,0.0,0.091,0.0790833333333333,0.0643131313131313,0.0,0.0049166666666666,0.004070707070707,0.0237777777777777,0.0078055555555555,0.108727272727273
LL5-B6__2023-07-10_MFS__DO2310_DO_F_25114,DO-2310,Female,New,Sean Deats,25.8571428571429,,22.5,AL,DO,,1.5,-4.08229425199993,0.104119969848051,0.5,0.0625224019200836,15.4670143917809,3.02664617012216,2.65302658081055,5.30605316162109,0.258203765805053,33,14.3713587411617,0.0290408955950657,0.105555555555555,0.0538820059464699,6.31568457165771,1.42424260366981,0.475162873208385,1.58929548389541,0.140626160214048,55.5668697357178,31.5791063308716,0.621187432659927,0.133631465405776,0.0885962389922917,0.620173672946042,3.20708141634132,2.31930973641837,22.9836898691224,2.69258240356725,161.549344662458,17.6591409140004,12.96585385281,165.963756532074,0.596010096705373,0.140303366122411,0.59804373884906,27.2809457314075,10.9658560997307,152.066349914875,27.0150647095501,158.404689551032,18331.3376,191.555515,3408.5186,2310.14805,2317.859222,16013.4789,6032.1847,21.0,314.03696,0.0592222222222222,0.0515555555555555,0.0483434343434343,0.0003333333333333,0.0066111111111111,0.0074747474747474,0.0225555555555555,0.0301666666666666,0.104525252525252
LL5-B6__2023-07-10_MFS__DO2274_DO_F_25078,DO-2274,Female,New,Sean Deats,25.2857142857143,,26.87,AL,DO,,3.0,4.16930864243477,0.123511557211948,0.555555555555556,0.076628773338498,17.3857146392663,2.7262266931249,3.04477724504998,5.11024812514337,0.267916284051922,97,18.4760365156134,0.0378349150470238,0.0833333333333333,0.0487846441289873,9.40741079441299,1.07800786799044,0.29760354156557,1.03740000724792,0.2074341376736,589.722534179688,11.5061120986938,0.648989415889692,0.149943108695086,0.0502201960951825,0.668607934433469,2.85689765907992,1.8132751204228,21.0237960416286,2.5,163.363515237193,17.1110371076065,0.0,168.039396269712,0.72188644843883,0.16201045701205,0.758558967489013,31.7568890164008,10.6066017177982,156.940529490302,24.4293896640424,162.931053915897,9549.0829,118.5,3361.5,1788.62505,685.56238,8863.5189,3411.0793,7.0,126.71875,0.0,0.0,0.0,0.0,0.0,0.0,0.0,0.0,0.0
LL2-B6__2023-07-06_MFS__DO2277_DO_F_25081,DO-2277,Female,New,Sean Deats,25.2857142857143,,28.85,AL,DO,,1.5,-1.15951349788533,0.156605684640198,0.5,0.0974869040891186,17.332680585281,2.64672002882949,2.84799548044121,5.45935161440557,0.343529767897086,47,18.8941005974133,0.0584998809130894,0.144345238095238,0.046709884618478,9.58900171448329,1.24579078808572,0.478774264379116,2.09519238257743,0.116098862195986,66.1537933349609,33.3738975524902,0.687550865853237,0.105871645755642,0.0506824730528172,0.688237379821684,3.48259120150661,2.23756555167356,23.7065391822594,3.04138126514911,163.529320372817,13.8073470705703,5.1944289077348,166.544157021076,0.639236639334474,0.160530164613769,0.647396308272331,37.5765884561119,10.5475115548645,152.709491362762,26.44650841743,159.818368485914,11973.5572,178.699863,3421.4001,1617.93345,874.48255,11099.0755,3744.21854,5.0,81.96657,0.009,0.0194722222222222,0.0312222222222222,0.0008888888888888,0.0025833333333333,0.0107070707070707,0.0001111111111111,0.0109722222222222,0.0302424242424242
LL2-B6__2023-07-06_MFS__DO2338_DO_M_25054,DO-2338,Male,New,Sean Deats,25.2857142857143,,37.35,AL,DO,,2.5,-1.27299268730029,0.106596453262803,0.5625,0.0784166396531473,19.7229439367797,2.97676309676222,2.71391677481577,5.46050163204381,0.261610029992272,126,15.5735428936595,0.036151759172797,0.0803571428571428,0.0456853952473697,9.57802856664404,0.848197952337521,0.242250108036369,0.949998475152779,0.150147803147852,68.3568572998047,34.1500434875488,0.66565450973839,0.12168751780704,0.0586651544288433,0.673053226201364,4.0493377806909,2.58845680432611,26.5377090194312,3.53553390593274,162.216218693651,15.9149436797592,0.668142068328557,165.80587866966,0.634682741565872,0.118587205882997,0.621376587889994,28.3019433961698,12.5,150.383067065748,21.9284786498715,154.958413614574,7900.70746,74.35482,3525.7097,2834.9675,495.76736,7404.94096,3255.73106,3.0,13.32258,0.0006666666666666,0.0126666666666666,0.0171111111111111,0.0005555555555555,0.0044722222222222,0.0053636363636363,0.0,0.0123333333333333,0.0279898989898989
LL2-B6__2023-07-06_MFS__DO2335_DO_M_25051,DO-2335,Male,New,Sean Deats,25.2857142857143,,42.37,AL,DO,,1.5,0.71586012462993,0.152166752860721,0.590909090909091,0.0861991998999413,16.036692149285,4.39021269475128,2.67579709734601,7.40461425843866,0.290722378318073,19,5.70076784858636,0.0548427187029385,0.102272727272727,0.0424128543584204,5.99626351603054,1.2466047190246,0.663930200122923,1.29538440083251,0.131895472995164,64.703784942627,35.6409759521484,0.639354159920144,0.123466240740038,0.278054182422482,0.596892326184047,4.06624706620279,2.71260636283602,26.1629509039023,3.35410196624968,160.652600637681,15.142853106517,44.8304863540229,164.197486046064,0.605072357509925,0.100296118526626,0.622744512865053,32.0975076914081,11.1803398874989,155.874708756228,21.6279735746532,161.436872913254,21214.755,481.400019,3118.5999,1518.39969,2847.416769,18367.3357,6826.60623,0.0,0.0,0.004,0.0093611111111111,0.0136262626262626,0.0,0.0003055555555555,0.0017979797979797,0.0,0.0016388888888888,0.009010101010101
LL2-B6__2023-07-06_MFS__DO2278_DO_F_25082,DO-2278,Female,New,Sean Deats,25.2857142857143,,21.56,AL,DO,,2.0,0.540302072662664,0.102689465180264,0.555555555555556,0.0810390928610184,21.3624123968479,2.86431520475283,2.49885634269192,5.34306506980613,0.22757625099955,100,16.9291314928832,0.0387774598236078,0.0714285714285714,0.0520054196798988,9.74373131277682,1.14249256682175,0.330272983958266,0.914418161598052,0.133333746514131,54.4872779846191,31.932653427124,0.602272250008573,0.110469923412309,0.0175981079531438,0.610885055680902,3.71348469779311,2.86790264542841,23.1624696438009,3.04138126514911,156.590881849802,23.5959030413481,0.640149669523715,163.040152977935,0.156183545310063,0.0915552375993954,0.147858616750917,30.8058436014987,11.5974135047432,154.622153587266,24.7015829303368,161.116853439173,21317.5681,277.36669,3322.7001,1983.0668,3258.86737,18058.7041,6771.4304,29.0,435.39987,0.0915555555555555,0.0590833333333333,0.0621515151515151,0.0005555555555555,0.0001388888888888,0.0005858585858585,0.021,0.0452777777777777,0.0817575757575757
LL2-B6__2023-07-06_MFS__DO2275_DO_F_25079,DO-2275,Female,New,Sean Deats,25.2857142857143,,32.59,AL,DO,,1.5,-1.15688771361373,0.112253733170116,0.5,0.0795075822899554,18.5230415057326,2.99849226653957,3.42832014241048,5.58472654909513,0.225856741744115,86,13.9638711573556,0.0360363927220215,0.143181818181818,0.0807725638571104,9.83631471648883,2.01879461588383,0.364528744546151,2.11599243251976,0.159300395406199,63.5059337615967,34.7672233581543,0.157081756963051,0.028754368130417,0.0406431185432664,0.15524481700282,3.55544812599639,2.28783583190191,155.66630977832,3.04138126514911,162.603822523295,14.5749045354491,29.7448812969422,165.963756532074,0.624486438627676,0.172153175753845,0.65567918138176,32.7299556981063,10.4043260233424,146.338827293917,35.0586248292137,156.340700572825,28498.8517,801.466676,2798.53317,896.533535,11164.26775,17334.5907,3347.30137,44.0,393.80014,0.0092222222222222,0.0105,0.0153232323232323,0.0033333333333333,0.00175,0.0029191919191919,0.011,0.0083055555555555,0.0221414141414141
LL2-B6__2023-07-10_MFS__DO2297_DO_F_25101,DO-2297,Female,New,Sean Deats,25.8571428571429,,46.85,AL,DO,,2.5,4.69034603210555,0.107504229970794,0.5,0.0682955034225647,25.9009218242799,3.73535987218611,2.86051136662963,5.02939525647915,0.204743887477333,3,6.77958595520893,0.0323489130986038,0.0669642857142857,0.0214321820456256,17.1019449005462,0.367756381105237,0.24499540095847,1.35805702009896,0.123259270404865,61.9001045227051,31.9056348800659,0.612508598031169,0.168348031908202,0.0563780463263801,0.620749606000385,3.9033837025603,3.02514609334511,27.5408787078408,3.16227766016838,157.303041387048,24.5659949710678,0.0,164.958670526819,0.620735803474048,0.12831112829858,0.589054376690278,33.0340733183179,10.9658560997307,158.346438643229,20.152618718725,163.432730016512,9418.3067,5.78125,3534.2188,3032.0308,78.89224,9339.4147,4823.8135,2.0,7.46875,0.0458888888888888,0.0651111111111111,0.090010101010101,0.0144444444444444,0.0145277777777777,0.0241919191919191,0.0598888888888888,0.108138888888889,0.119757575757576
LL2-B6__2023-07-10_MFS__DO2322_DO_F_25126,DO-2322,Female,New,Sean Deats,25.8571428571429,,38.27,AL,DO,,2.0,-2.88594622834459,0.0829634352817478,0.583333333333333,0.0555781730284826,16.5114522303343,2.50305379028317,2.33703124523163,5.19989046835823,0.173504393720685,19,14.9939411255208,0.0297882493917707,0.0716540404040403,0.0357729915463487,7.60415376589606,1.113407065981,0.189841199502338,0.92384642394962,0.157606427142336,60.106616973877,35.5052337646484,0.624800946857089,0.152638387498306,0.016358310640169,0.643195794095712,3.85336144389645,2.93590461148157,24.8243831746128,3.16227766016838,158.691791062159,23.5150849600211,0.262221416397268,165.697111432031,0.742824412096783,0.105885955859632,0.754354942052031,35.0142828000232,12.1757956618859,157.13344449806,18.5170041941775,161.732093792759,14564.09253,177.896531,3422.2069,2402.55195,1209.883719,13354.20753,6250.78063,13.0,99.55165,0.114888888888889,0.101805555555555,0.0543636363636363,0.0068888888888888,0.0198611111111111,0.0205353535353535,0.0131111111111111,0.0416666666666666,0.132333333333333
LL2-B6__2023-07-10_MFS__DO2295_DO_F_25099,DO-2295,Female,New,Sean Deats,25.8571428571429,,29.86,AL,DO,,1.5,-2.92126059496828,0.150325658565409,0.5,0.0842897181604267,17.1506443394834,2.86913515721555,2.81440452122892,5.58306828087176,0.331205792775452,80,14.9096107343541,0.0462523662877034,0.12281746031746,0.0421128870643558,6.94169182671549,0.77387590604919,0.283143983867336,1.01457953453064,0.23525317602968,252.221656799316,38.0832271575928,0.682142853785193,0.128741703384674,0.232306996762341,0.67648818579143,3.3452015317736,1.63112284697655,27.372431386342,3.16227766016838,166.918918248391,10.754447471135,7.62565764482672,169.434126728869,0.717038054724615,0.112640204812748,0.724734231778649,30.5,11.6726175299288,154.687864992591,20.0011564303052,158.951690504303,15983.5461,333.166539,3266.9335,1569.0668,2117.405804,13866.143,4431.3015,17.0,236.29991,0.0551111111111111,0.0393055555555555,0.0349898989898989,0.0061111111111111,0.0020833333333333,0.0015252525252525,0.0,0.0235833333333333,0.0128989898989899
LL2-B6__2023-07-10_MFS__DO2321_DO_F_25125,DO-2321,Female,New,Sean Deats,25.8571428571429,,37.42,AL,DO,,1.0,1.38330615493023,0.130877771845878,0.555555555555556,0.0789320075478071,17.62608263022,2.59634144092218,2.92925359824012,5.54959831168187,0.258133889775347,45,21.8537135349299,0.0544199251754922,0.0999999999999999,0.044607099342365,9.05426470496903,1.07264883604102,0.387851620222821,0.754490308840062,0.200445092159664,62.3297958374023,33.8106536865234,0.142841524627347,0.0322348128799626,0.0143508435741058,0.142969266261596,3.7301250784998,3.25039772779609,152.637642801506,3.04138126514911,160.306693130559,20.779299809868,0.784824602991713,166.006462421757,0.477158120097464,0.102905059139394,0.472924571558223,24.6221445044903,11.629703349613,151.401139232172,24.5240022576389,156.752729991257,10516.0704,140.566659,3459.4668,2686.7001,1954.02267,8562.0469,3894.5006,8.0,51.06676,0.110777777777778,0.112555555555556,0.080060606060606,0.0265555555555555,0.0211666666666666,0.0224040404040404,0.0193333333333333,0.0058333333333333,0.0839090909090909
LL2-B6__2023-07-10_MFS__DO2320_DO_F_25124,DO-2320,Female,New,Sean Deats,25.8571428571429,,24.09,AL,DO,,1.5,1.84598520184732,0.110794581552703,0.5,0.0656555603891614,20.7559695503795,2.54861183749301,3.31368644080748,5.07261991500854,0.194618329653642,147,14.2497188963248,0.0366825637428045,0.1875,0.048463049396269,10.2350777474405,2.03225571244043,0.338318031048952,1.77511364558771,0.161039556059386,60.3984031677246,31.9689960479736,0.57090274777684,0.108064686184358,0.133038021047548,0.580090014376011,3.60379508250693,2.36922210532682,27.225906780124,3.04138126514911,160.392539697094,17.5583809938765,20.0187603937839,164.931511840508,0.106761799385925,0.0230454124237034,0.10926749643349,29.8328677803526,11.71537451386,152.911494764724,24.8948450681424,159.569358766846,17173.40539,343.733343,3256.3334,2051.2334,2806.45904,14366.94439,5622.79519,4.0,125.29967,0.0542222222222222,0.0594722222222222,0.0495757575757575,0.0012222222222222,0.0008055555555555,0.0004646464646464,0.0214444444444444,0.0341666666666666,0.0397373737373737
LL2-B6__2023-07-10_MFS__DO2319_DO_F_25123,DO-2319,Female,New,Sean Deats,25.8571428571429,,31.48,AL,DO,,1.0,-5.25672414559809,0.11808173781882,0.5,0.0938871189356387,15.2733241954133,3.90127867809814,2.88923400937938,6.3934597422234,0.181454380364344,9,7.04625329078188,0.0219096668475655,0.0454545454545454,0.0986624192472935,6.36371385934833,0.499852928235629,0.207817069509434,0.51460500728199,0.0524708791196742,58.1596755981445,33.4397239685059,0.322911878431389,0.0716634660917215,0.0956695540290049,0.314697759785959,3.74758546648076,2.07524285532724,70.7407237735097,3.5,161.8891530699,14.3209480741828,34.02196009754,164.931511840508,0.131490450312539,0.0333393677107731,0.134075186760416,27.8567765543682,12.2065556157337,146.779431795396,32.4055589152343,157.316596647717,18371.8304,648.73318,2951.3668,1500.03363,4772.2683,13599.5568,4805.7248,8.0,181.5999,0.0424444444444444,0.0436388888888888,0.0378383838383838,0.0025555555555555,0.0043611111111111,0.003060606060606,0.0228888888888888,0.0355555555555555,0.069030303030303
LL2-B6__2023-07-10_MFS__DO2298_DO_F_25102,DO-2298,Female,New,Sean Deats,25.8571428571429,,33.38,AL,DO,,1.5,-0.172778698012603,0.148299466818241,0.571428571428571,0.101148781677638,12.6374168620303,3.28846954527533,2.9843377511275,6.18482464160749,0.184009589345382,24,10.7688279440363,0.0704720633302961,0.102777777777778,0.0460192166926244,5.19229882940538,0.790585506233652,0.423984773102656,1.45647723613779,0.179529849303796,57.8313674926758,33.4762191772461,0.568169030467039,0.14105773119572,0.0,0.589483883190562,4.43145784720951,3.76291615257142,26.7254560297855,3.53553390593274,154.335711925609,29.0678149897901,0.0,163.249735494974,0.570706881283686,0.101519110077069,0.569368836252404,25.4950975679639,12.0830459735946,152.070163624223,21.9442604145243,156.161259816828,6561.5489,67.86664,3532.1999,3184.1,509.963012,6051.5876,3407.3447,1.0,3.16667,0.0555555555555555,0.0616111111111111,0.0509797979797979,0.0042222222222222,0.00275,0.0025050505050505,0.0137777777777777,0.0523333333333333,0.166070707070707
LL3-B6%202023-07-10_MFS%20DO2324_DO_F_25128,DO-2324,Female,New,Sean Deats,25.8571428571429,,28.06,AL,DO,,1.5,-5.46392314736413,0.110365612722997,0.527777777777778,0.0614920378459915,21.4775262982179,2.77033869766231,3.04370753120316,5.25786452243235,0.181462502862998,30,18.4305049585267,0.0312423986699469,0.126984126984127,0.0286778014497189,11.5216723656423,1.16497652720814,0.217126451894991,1.50067699213189,0.17088182558184,282.568786621094,35.7299995422363,0.535576426178348,0.147439386989347,0.0578836372727001,0.538468618963304,4.00639247181456,2.98597838351568,23.5053185470863,3.20156211871642,152.525107273194,28.676123775678,1.08092418666091,162.563569327157,0.145412992779325,0.124878111084441,0.124959645657489,35.4153921339296,12.6491106406735,143.403525638117,32.1513079584203,151.398120747113,5295.0393,29.83334,3570.1999,1945.433216,323.32722,4971.7122,2029.91451,16.0,285.60001,0.0186666666666666,0.0306111111111111,0.0287676767676767,0.005,0.0341111111111111,0.0599696969696969,0.0234444444444444,0.0273888888888888,0.0484848484848484
LL6-B6%202023-07-10_MFS%20DO2312_DO_F_25116,DO-2312,Female,New,Sean Deats,25.8571428571429,,30.19,AL,DO,,2.0,10.1445465671477,0.130954163367071,0.44375,0.13776740737122,19.4795593476824,3.07468358427286,3.00635728240013,6.28601977229118,0.270245105845095,2,3.36826178253834,0.000210531588235,0.00625,0.0246666376984121,11.6426922459704,1.02489452809095,4.44089209850063e-16,0.819915622472763,0.205269789670713,58.1530685424805,31.2631969451904,0.60058761311084,0.162634222744478,0.0,0.598849471616342,3.56097057583681,2.44831207488337,28.3989436423259,3.04138126514911,158.993434056048,21.8426852868531,1.20741826972573e-06,165.068582821862,0.69127623112854,0.156083617880008,0.71720396661649,35.1923287095356,11.4017542509914,152.328190900778,28.2495642026572,160.201123645475,135957.896,264.30003,3335.6999,883.23322,2204.9679,133752.924,45277.1396,0.0,0.0,0.0776666666666666,0.105777777777778,0.123272727272727,0.0037777777777777,0.0176111111111111,0.0153737373737373,0.0247777777777777,0.0495,0.117070707070707
LL3-B6%202023-07-06_MFS%20DO2340_DO_M_25056,DO-2340,Male,New,Sean Deats,25.2857142857143,,41.89,AL,DO,,2.0,-1.95928912954427,0.113386204984639,0.552777777777778,0.0707237362125492,21.5208717868011,2.90188938592286,2.62405304599574,5.61754943796092,0.222902762940233,104,18.12814303658,0.0453667792674663,0.102777777777778,0.047246573333094,10.1881624538015,1.16984862127858,0.425936893860282,1.33796538220655,0.186886685815475,63.2911071777344,37.9858245849609,0.114193664244143,0.131362923490832,0.0175923009039434,0.0923338910977733,9.9035352192898,31.5975042263895,402.440368253484,4.30116263352131,150.797900118558,27.7705760667414,0.0,157.833654177918,0.586183073796592,0.104883946163834,0.586259618703296,28.4121452903507,11.0,156.513244814052,20.7844628920987,162.387422157076,30308.241,848.34467,1851.7242,694.55168,12535.704,17772.539,4771.4933,10.0,73.72414,0.146222222222222,0.110472222222222,0.0663737373737373,0.0136666666666666,0.0362777777777777,0.0213939393939393,0.0152222222222222,0.0056111111111111,0.121929292929293
LL2-B6%202023-07-10_MFS%20DO2296_DO_F_25100,DO-2296,Female,New,Sean Deats,25.8571428571429,,30.91,AL,DO,,1.0,-0.392396211013542,0.120763056968097,0.5,0.0860791907328395,18.841469953648,3.34660599384867,2.71814864039798,6.7272789014939,0.241056715246597,53,9.40832343929132,0.0443112397654221,0.140909090909091,0.0343637274503761,7.23500067025344,1.24279360971331,0.300506705773112,0.900040714214687,0.132042286316282,64.3670768737793,37.2837181091309,0.687125746244363,0.0836909193775458,0.217042944451997,0.681174021342359,4.17792976430277,2.38822457034113,22.6715680975093,3.80788655293195,161.478789166,14.1128797556155,24.1455419604217,164.173845923827,0.653522162845132,0.136836564692638,0.657627525868238,30.7774267930248,10.5118980208143,155.004259082411,23.8070710984836,160.956469426957,8660.4131,85.333347,3514.7407,2560.59226,514.63432,8145.7781,3578.7418,6.0,51.51855,0.0211111111111111,0.0246111111111111,0.0182323232323232,0.0018888888888888,0.0008611111111111,0.0005353535353535,0.0051111111111111,0.0089166666666666,0.0226767676767676
LL5-B6%202023-07-06_MFS%20DO2282_DO_F_25086,DO-2282,Female,New,Sean Deats,25.2857142857143,,29.58,AL,DO,,1.0,0.335691624175972,0.124338674889362,0.5,0.0804947660167557,16.5832771339148,2.88233363371481,2.91461169719696,6.29291161894798,0.221146693626803,14,10.9558719994459,0.0300904579017416,0.0593749999999999,0.0576793316015388,8.97387614559132,2.14590349961689,0.387093817472702,1.71049149205168,0.143003481807854,66.060302734375,32.3081588745117,0.710316855068367,0.138507915011293,0.115880699560178,0.730834411269054,4.25936665343698,2.77486206167835,21.6448608219134,3.64005494464026,158.227314945107,19.710470486019,20.8612846545244,163.203480821888,0.692688732441594,0.131120158212549,0.701542674392504,31.7647603485372,11.5433963806152,155.984770745016,22.6843284698452,161.774924888646,23151.921,302.551768,3297.4482,1979.58632,2407.30965,20744.609,10342.7693,1.0,5.2069,0.0323333333333333,0.0231111111111111,0.0254545454545454,0.0012222222222222,0.0011666666666666,0.0015757575757575,0.0127777777777777,0.0949444444444444,0.0614242424242424
